credit_score,debt_to_income,num_late_payments,employment_years,loan_amount,age,num_dependents,random_noise_1,random_noise_2,default
791.1241876774131,0.392597199425572,0,11.983731581071975,30789.448623952176,40.64455288315666,1,-0.4597439187141956,-0.302888544159972,0
682.0125766693778,0.04801680888550473,2,2.9892427569412945,16185.904728791917,63.53966995361482,0,-0.10171042327011286,-0.4779699193751312,0
728.2990387284591,0.2203713621699186,2,1.9695663916031356,47967.59599677805,39.928274298654415,1,-0.10168448865983712,-0.676613193266214,0
829.2714559361166,0.5731666696964054,4,5.233680680968408,33381.566075829905,62.36478590709196,2,-1.1013630198580129,-0.4390431672570103,1
799.4046392119974,0.45138442620915914,4,4.912667498036818,9389.584940524353,32.64832038878075,0,-0.9506431178083629,0.3336497443109083,0
571.8177696098871,0.6662070328140401,1,0.9561666190046542,39915.73795753075,36.03905653443325,1,1.1119217209302317,-0.3035711518773314,1
726.0070734020471,0.16281037330000409,1,1.9546669502550449,7082.453759899673,28.552585187363924,0,-0.989951496776049,0.5566185151830758,0
637.8914233361842,0.23574212030260103,2,1.694409479272694,32167.072781695668,38.84823633824116,1,0.3774126995374474,0.7201448796290084,1
641.7424918565154,0.5008430164710285,4,8.661913486293502,46744.72271790488,48.877684862749724,0,-0.10729599355899933,0.22527117498421823,1
682.8478801550698,0.27259817733922137,3,6.017745553230371,24581.951034534646,31.527293459301486,0,0.27179305995949266,-0.4262043936560682,0
661.5234856928703,0.11000314854032957,3,15.055419148960512,42653.51326494821,36.377392567415036,0,0.949850262783516,-0.5040556588235179,0
766.341880557038,0.2199215440770553,0,5.191367879925833,20206.637613700936,41.93310613253662,0,0.785969621668121,0.6783910738807419,0
710.8830180117595,0.11672173372369038,0,0.906660226196988,4259.829611234725,18.0,3,1.865259600122483,0.6305907335838237,0
659.7340013194263,0.3109033758168102,4,1.1761250452250218,24822.56103902269,34.211205624398026,1,-1.9787162334892832,-0.7602815339414191,1
685.5090586196341,0.5974486945291065,1,3.8692341134708172,20047.779792820736,30.718517540955414,1,-1.8435600489444461,0.7399017876053735,0
676.6939461899414,0.7656513598317336,1,1.078711788946635,18775.728161713534,30.7473130415158,0,0.019305860973284922,-0.48514010208808855,1
769.5263258526085,0.4282175533357395,3,4.245817918901768,44242.32584985012,59.02502765925508,1,0.8892175653546723,-0.634239552925264,0
633.5873388987359,0.029857295539882978,2,1.6707113006993055,27219.959119188745,58.77411181177227,1,1.425384837040811,0.10246414902053136,0
675.0454161320721,0.18050955977116456,3,3.1644348193871648,41284.97591827397,33.70612142854832,1,1.270657850060622,0.6471662235436642,0
581.672340855862,0.1997212203239748,2,8.05163289779401,31574.472047483705,32.31343677310045,1,-0.716748252287522,0.5933744871659936,0
445.7608147332737,0.2722209183675869,1,8.078748911465572,25360.531499046963,39.610265930455014,3,0.39767467274710455,0.9625596976048512,1
702.2894876352289,0.22513437925602472,0,3.733156593435683,10510.608061173865,29.540330980880775,1,-1.2440115389997486,-0.16500610437818808,0
719.1548959087604,0.3214086470526332,1,2.794200895717465,16547.7983911283,62.12169782129641,2,0.2288153446277053,0.07359102321968969,0
590.6267983674846,0.3550993680429199,4,1.4281710406062365,28579.92591321679,43.529460332785845,0,0.105967568801078,0.8493100712254764,1
831.5803699190086,0.08307735905599917,1,8.040532210524018,20499.884655382768,18.0,2,0.9591961165452473,0.3576147420076532,0
533.6507460320988,0.2851199407650075,3,9.6931724658127,4159.0690978743805,47.084333154608885,0,0.04198346850163064,0.4402380353292301,0
653.6606813841157,0.05649947312445655,0,2.12157042433957,44177.33406128721,33.61304253508478,0,-0.8358270080653183,-0.8019364687407466,1
635.0252919979333,0.5244727687792339,1,4.166396540511332,43111.8475778137,48.95089032466904,0,1.7729390995925363,0.566530295732407,1
772.6223371486766,0.22147904894239617,2,4.491010792823545,25283.612775128546,29.68312721201134,0,0.08616199232476882,-0.3670257960705663,0
767.5487015920228,0.43681138292134297,2,1.5548296376872224,30090.050443980454,42.268567904845945,1,-0.4271961032993417,-0.09357751708656226,0
662.3957940557533,0.3787378509819877,1,2.743398457522676,26098.906600281374,27.09842368161913,1,-1.9646951373324335,-0.1442477638606574,0
680.2530015681739,0.11161297004220314,1,0.546776493799485,44112.361325077945,52.073623165650545,1,0.6366950154924695,0.9956749462310126,1
578.977140189591,0.3439548422355187,1,0.8774162338908278,36419.04353993863,57.80664601255164,1,1.2793667133864093,0.1394242753077617,1
491.5362825420858,0.05390348322432635,2,12.1800132222595,28244.80648887568,40.677288155671064,1,0.7075199804744075,-0.11868856151695062,1
622.1670280539078,0.4261701860330674,0,7.9097243958860775,11221.102762535718,18.0,1,0.8220633518420384,-0.09406248718647969,0
662.5079175283184,0.022970147013954178,1,2.0077826925973254,49395.55687011991,35.57725725548228,1,-0.41102523832904797,0.2933804043427053,0
748.4232544582177,0.216471715988668,1,1.2839123397264558,29972.60206377374,38.76528690584953,1,0.30747041140054665,-0.6241414154655751,0
746.190387902753,0.1358105904518255,2,2.1866194974091595,33981.3649773754,59.00092172173929,0,1.5147831283974496,0.699649975402745,0
619.0138546073638,0.5070688101830613,0,2.68791095023925,34350.09594550325,33.569939455719876,3,2.778294019717562,-0.766814457324275,0
625.8157799539731,0.44776817745126757,1,0.6791604921740307,48639.27820783211,35.48641303085632,1,0.6597608238056281,-0.39128198172334283,0
566.1157627946326,0.20390206911564343,0,1.1762777618743123,47157.879026224735,35.72924878644025,2,-1.101898838749907,0.27212977163373986,0
536.398565025682,0.25157753230683166,1,0.4831943698147923,40527.39432098418,38.208047958104686,3,0.8660128846162902,-0.3811629195195476,0
513.498384749999,0.1310867529807368,3,2.057876011998947,4282.120526925193,42.34053387999146,2,-0.48496055904303725,0.7573768454058438,1
806.0620316185432,0.1505295545214608,2,2.1094216411435394,16327.748617548228,56.63507469042564,0,0.11254625146563874,-0.012571497822978506,1
609.2278254598677,0.2304454678850951,3,2.6355653661793395,7781.263823941499,53.781770341465524,0,-0.28542431764198406,-0.8425893850360608,1
614.9540558711051,0.3657498051724583,2,2.1411383155584964,19090.637538067716,50.207681898686346,1,0.10018572796418211,-0.008237193628335415,1
549.7763711960059,0.24937746930834095,4,0.18062652449617378,6114.7377841842645,35.52836031449387,1,-1.8083427196167297,-0.882927257291064,1
712.1992284665528,0.15776411470812896,0,8.725627775180682,19260.50037393914,33.96884008586778,0,0.3640508132979084,0.2699276461381348,0
520.888172195364,0.07618376513684026,2,3.8671980035553464,45100.34247741783,42.711295420233746,2,2.1042428984039327,-0.3687452779934681,1
632.9807775828825,0.1625060514651332,1,5.263458644452134,25912.32358844375,48.81785511859998,0,-0.3055032925703767,0.06643815923046104,0
578.3626751045059,0.25417866256263905,2,5.71533132498868,8843.29377252568,47.4095460173577,0,-0.5316852589219889,0.0682336736375031,1
680.952199828741,0.15410848051539366,0,6.0750927940436235,23687.130304453665,39.934104178704935,4,0.23427525679274405,0.951974680893328,0
609.1355889944901,0.10252999053514697,2,8.02803349345229,4111.2186856257895,35.19614488575493,4,0.7242387391240764,0.8578610966397515,0
555.549425270207,0.1255559851899157,1,3.132596506283552,6209.5562662345465,32.735268125345925,0,-0.9650490349271378,-0.8189832588814283,1
647.7454217329076,0.22629894402665462,0,1.0325045120562246,10653.280550624644,22.019855385466876,1,0.021883232223973356,-0.2316593307205328,0
684.2665496424335,0.062232668298211294,0,0.6975790609654271,37229.402413006675,32.32766138540798,2,-2.0459530685323237,0.9382262218894626,0
655.3213777906534,0.24476391186504165,0,4.119782912899142,13088.903626447318,43.127170441654975,2,-0.44033560367572,-0.3629027322323253,0
674.1977518191825,0.45048565839869065,0,3.8460070817122736,38592.41048075493,32.78351287427639,0,0.43952093421135247,-0.9020783943687929,0
599.254232505523,0.24580941824368485,1,0.15049859130808027,45089.51153773756,44.69701307215045,0,2.2468369151747813,0.4206229890345168,1
620.9807067210289,0.26864300150053144,3,0.824026975258289,15274.869480967762,53.051581976275294,0,0.30295771659315407,-0.9474075292855413,1
596.2031641779239,0.4991505197188147,1,0.9088983768820182,22802.12604422348,28.466246318620584,0,0.30048230823408023,0.5768269679775946,0
621.2357470767568,0.4860894421047174,3,1.9753522148920055,4939.0235355116265,30.154133852524907,1,0.3532110167955264,0.23001263336059674,1
584.9482974364437,0.5325470377373867,1,4.159957258151586,23740.452843754712,38.48000852281059,0,-0.8018032800329639,0.9793659870628078,1
511.89739181346584,0.2460851979552868,0,12.854821166244768,43954.23418529356,38.37583418977139,1,0.0977483617471342,-0.19426442756257511,0
664.1940913803003,0.4512368821042998,2,2.7369732530601003,49760.27391833966,31.618409692047386,1,0.3107991491007504,0.5626867456544209,0
617.8575251033391,0.28945094767608687,1,1.1364437116289867,37990.1365029151,33.140111407449815,3,-0.05100910084389735,0.6049010907346544,1
519.5841322427165,0.5447277467289001,0,4.725374496265379,12651.057942670057,44.504275118865195,0,0.024185349211354856,0.49883255161789,0
687.0225804420619,0.11959280479261399,1,6.980056872135027,5409.45225893803,55.808107190030924,2,-1.5033870597755483,-0.543056899561539,0
577.4161308493406,0.33860542542164734,0,4.655338636820227,7837.577526029554,50.70799773917619,2,1.1505325736304488,-0.11128888632732448,0
654.1556316636911,0.2360895565466152,3,4.234820649179091,5648.817460223903,49.277106798150086,0,-0.3551758999494641,-0.1727025436103944,0
708.3272449742029,0.09851071372055796,0,0.8547358389020951,2536.8008074998343,44.73042614371407,1,1.2545100828930857,0.6727657315814735,0
660.3186328605929,0.11213706400448101,2,0.6947942807092631,47907.67229739365,35.061902850827195,1,-1.5007429635630671,-0.15935156650521232,0
741.1520547634641,0.1944935511383561,4,20.101422894960667,25700.061133787367,47.49851348253554,0,-0.2396732473516733,-0.3645721536528914,0
551.2139343717078,0.14740444810047293,2,0.14029723975475802,10570.805942397024,42.351713566760985,0,1.0372348509871585,-0.5020966475411466,0
682.1873312942039,0.37998527108908653,0,0.6303412072727904,10609.118959151276,33.22882710913575,0,0.013005705512032754,-0.23342446472056366,0
595.215192724775,0.07805565636584517,0,1.3306658587597242,36638.34991611688,37.43716247578853,2,0.2614661535929317,-0.3329326974884794,0
580.3362280654494,0.2876740384373217,0,10.895176852855906,3685.3645507780043,31.863143431019697,1,-0.14741682165666997,-0.8120407610576805,0
603.6920268188468,0.06265997884818397,3,17.149868350408106,18281.656490546393,55.40872141165946,3,0.33407361189457146,0.6335998766847353,0
625.0757974298102,0.31261794248157043,0,12.534980927322454,6914.824431777749,38.007332518427404,2,0.9523315263174995,-0.047611590311817276,0
654.4932273783796,0.3698566983303467,0,0.10995784822013657,24373.405883269286,57.93090610996532,2,1.873710644860669,-0.3343875445589617,1
556.7880127373314,0.21423511465186656,0,3.884847744585323,47958.54535336353,41.082383363503865,0,0.6034530132270849,-0.673014428680137,0
722.066118956335,0.3709438884484196,2,1.777103570597397,6755.706031275081,34.4270659206165,1,-1.9897692531833358,-0.9767636202947916,0
687.2529951784368,0.4040772836901672,0,4.042180582709179,36404.518734479454,41.0456492918109,2,-0.8286555812732384,-0.464730099403849,1
527.1005050978221,0.09806718495184437,1,0.4730944041961676,39758.75990417477,41.52456039055386,1,0.97503009766685,0.9194488551303617,1
769.060175503648,0.39695314173807267,3,14.617027329386548,36327.11610147235,40.0882615801846,1,-0.5521853554847265,-0.22817868761827165,0
801.6711340824467,0.4230945262399637,1,17.539963857562036,43646.019764785444,57.02623194514776,0,-0.33241195703894905,0.19367406802465847,0
744.302365692772,0.0923742155711619,0,2.421686102074622,17550.497374058064,18.0,2,-0.1649754683879123,-0.972431964503697,0
635.606013135012,0.2756297334724334,1,0.1884243604510968,31153.50374298922,30.711598316211557,0,-0.08502871974632632,0.4910258537508525,0
564.3397902791567,0.34013071377433524,1,0.03941969673614231,22973.56876947527,47.50043414099707,0,0.366959377146993,0.6631575442022903,0
734.356138154491,0.6943714752186606,6,0.21090472717289446,30265.4545366129,60.95091084134058,1,-1.1480223028206493,-0.8592912702061137,1
617.7458442421456,0.028896454695763664,0,7.589157688757653,21869.74094816718,18.0,1,0.6775318685028534,0.43250508840645785,0
747.7956056305942,0.1938746398721961,3,5.516589156201261,48037.09714360111,52.69532442067618,1,-0.6911139868764673,0.9195796937473844,0
666.6619982461489,0.35305837477149044,2,4.3285835120419245,3877.8027276589874,41.51185600914398,1,-0.8605606805811016,0.6160583372052204,1
728.131122918697,0.08856767632886663,1,0.5416287557019133,39429.26114111932,43.09011429859049,1,0.7378339758204957,0.10400576520867144,0
678.5093117739522,0.17196985844368318,4,0.29419560671393574,44930.28248743732,59.430025896240764,2,0.5150250034766234,-0.22101748229151275,0
706.5258534553559,0.0371952242187823,3,0.9020890534436067,23441.443311491304,35.79051045444996,0,0.10828076791885993,0.09214755956463416,0
650.8400016576657,0.18933782772697813,1,1.9927139427563465,23898.539650569608,41.57916062067249,3,-0.8452880662969794,-0.22582290971805397,0
792.8696395124668,0.1928192210716965,2,0.5613507854089984,29046.157630922615,59.37710647318845,0,-0.3960747590839054,0.9765261750314225,0
660.1529674162896,0.5258074152485078,0,3.4305046017527117,31480.5863525425,36.7062588796015,0,0.6941656364610541,0.4484076047573262,1
682.1591490755761,0.06841818663822473,2,5.347972996943683,14070.800204647423,36.10079138577047,0,-1.7641606504839722,-0.34269034276151666,0
800.6520557645003,0.37815773409607883,0,2.7753176823482573,18859.061189076594,36.5989517303495,0,0.6489493489001692,-0.39665641235636295,0
542.1792751086043,0.377958838108167,1,9.16725622406023,3334.5862195095383,61.80956415620639,2,-0.22505669498987999,-0.527443052114051,0
548.3612001211413,0.14713290058050008,1,7.925251293388314,30404.436609500113,38.52106645884349,1,2.768914230493523,0.2971025275924484,0
727.5517366526409,0.245324443413622,3,2.6643825810928994,13712.538555812298,26.592791600401956,1,-0.6785455574607312,-0.21202677536459835,1
556.1501275908672,0.13012222388358166,3,0.2690486894133138,15747.392790015932,35.66662834667272,0,-1.0367581565205208,0.8728947318076914,1
805.4896948519433,0.566822003481159,4,0.5947698136097384,3744.1111372874584,50.847242891594064,0,-0.5363051646008125,-0.3958532300533557,1
616.9104815392202,0.42650245486830424,1,4.476807048393234,7505.488085931708,41.50127294056377,0,1.442765333784396,0.11323303846655253,0
590.2036150847393,0.21178010715852147,1,2.0808971292840934,6225.636260000795,28.717639918623654,1,1.0076438767234575,-0.6279227257379574,1
803.8353621184308,0.26113045879425667,2,7.068927803149653,40106.24171595275,36.614086488691974,0,-0.9047854351007043,-0.9114022436203078,0
768.441183314754,0.46140665434747097,3,0.011860113409246477,7188.43409247212,22.079871906496262,0,1.78090887164631,-0.5257585029515617,1
799.4047168341256,0.2976103672837409,2,8.728085015490255,36280.75132645127,27.129767798290665,1,0.6563840618057357,-0.21156019901610135,0
722.4835726620308,0.2551293969636062,0,5.006991805623079,48802.86506084781,40.80085126169232,0,-0.5190653013515142,-0.4302848477542367,0
581.1019451956238,0.14167795987826104,0,0.033576406581788024,40708.946950050115,46.15971151207039,1,1.054229062972026,-0.8331793086606083,0
802.8051962479227,0.2987442743309092,2,3.655488266294396,38290.889494736155,30.6070182160459,1,2.2683445019829516,0.5388148507285828,1
628.5597303238895,0.09091984139362998,1,3.2698174902015036,22117.899893759724,41.94001817505749,2,-0.1615981860227649,-0.013309479877412045,0
714.1965116637116,0.5522995986184169,6,0.1684730721810948,2575.8877387460207,45.74505122092806,0,-0.8479021679878106,-0.12957614502867942,1
725.7801574218998,0.2039390118218906,0,7.743941977118954,13590.520229128804,50.34415968571613,1,-0.03154884168175043,-0.7181218500704407,0
637.5991925527333,0.4868852162394924,4,11.339759242391727,31513.509661840057,34.69225093204021,1,-0.3441763542930733,0.714106745588623,1
699.1263496276864,0.23494281500300165,2,0.27597558735685024,9256.16757589813,32.6770499737106,2,0.4808602460116367,0.4099109946629407,0
723.7765337253221,0.5373057426418921,1,0.01514108215477514,24913.24580321598,46.95748258629574,0,-1.1254455500692393,-0.5959112562239646,0
680.1140424924504,0.4212392732719399,1,0.3261022861673739,12986.88518801583,57.353546073030294,2,0.8018677317031282,-0.6080031771420678,0
562.0479367532645,0.3429577054372861,4,0.5887583478275812,27903.88566106706,68.78716649075778,0,0.9639255153940093,-0.7723969467673188,1
673.8590539364844,0.20267998718198293,0,4.345040983900285,22438.98590016057,32.36188355544849,1,0.2968369627750185,-0.33383791659229156,0
756.1108717349624,0.3285232430311081,0,9.939127556749094,20491.604935861902,24.75999562753784,0,-0.4532893322110029,0.16420372759380464,0
594.4345712214907,0.2230887879901014,0,3.246404893971416,7621.5781819738595,27.93383758857413,0,-1.2256862631099372,0.29367652731951854,0
638.0292367737864,0.23391745546897053,3,3.6920730349259925,21059.187502521174,25.584935525829042,1,-2.044896114449721,0.5254864980025404,1
615.187715862269,0.08439249735533488,2,1.1391363668370527,4630.875592349981,18.0,0,1.285882378682301,0.9672049147444441,0
797.9410982783473,0.2663021312106439,1,7.621205204780491,13362.791241585415,28.48744188391247,0,1.3155817977524529,-0.5497600127400277,0
703.7835805609948,0.7364706897109672,3,3.958573022671711,22847.768095043633,42.59860404557036,1,-0.05368164030386806,-0.48102437010850707,1
682.5969468992888,0.01847142719455396,3,5.020946328978725,38438.117706568875,31.22808348101702,0,1.2417095252553005,0.6016620710915841,1
588.4067140443747,0.47655686211367554,1,2.3453779587531463,28757.12503306127,61.6201895256882,1,-0.5438600817907387,-0.5188851446003979,1
693.1399353033454,0.4209136967733389,1,22.94143132446848,9412.752773660888,31.9160548628073,0,-0.47980257401229154,-0.43494761965939044,0
596.0533871474099,0.1667478140789784,0,0.4393786359785968,9574.461464494021,44.19779966924854,2,-0.8271371473302571,-0.1528131969235007,0
652.546444661948,0.4736735272347844,1,12.732666249299768,17317.2462458402,32.376322880811706,3,0.5207631980627352,-0.22233084613536258,0
599.1323137296895,0.253876434458859,1,1.7705072411065834,41348.93270523923,31.935301384610888,1,-0.7412756013980446,0.006623802367324627,0
704.11466359572,0.1335499248589739,3,1.344691640347935,33141.09692434272,41.87418753382028,2,-0.31497650691193324,0.6317806200987564,0
696.1272653291953,0.1952684083898789,2,1.4912370442948528,48439.7178000741,56.521683291486184,2,1.2863240517160859,-0.5535329281848205,0
633.3360995537604,0.2907490854425939,1,10.63189222444384,17811.579531347314,39.558407280411494,3,1.1547117907538267,-0.9417807485735712,0
681.6805370129316,0.24652327077514685,1,3.3054120121997093,44255.456560897575,50.5333561931052,1,1.6450222384571054,-0.6867994942665383,0
562.5550793015595,0.1256585924152335,1,1.9167599749138367,36696.12810025676,52.711612283450016,1,1.1458756514209594,0.2645429044640233,0
530.6993925835516,0.13500161140072475,0,5.1275926581717535,21569.85775589792,40.63188008059335,1,0.9501132177724061,0.9348414681330739,0
685.151336101163,0.4848060726694848,3,1.656382608924234,18801.84015576953,50.97487628544548,2,-0.7126992658730554,0.9860070900010725,0
663.3338796298024,0.1706166188800446,0,8.546740143553583,22578.053595127276,45.784254310514164,0,0.8369432265262575,-0.4251455644362383,0
700.8025149513685,0.41878120923590806,4,0.12989540164342475,25553.985335584097,31.987387040359643,0,0.8388601695368522,-0.445791554644261,1
840.6515819891154,0.31505137572764536,5,5.838479774383344,22244.56634781824,46.30036283509191,1,1.9391446760966884,-0.8082676947379832,0
725.5583589592331,0.23273587651759525,3,1.635986785766094,15731.07703008965,52.967944708778546,1,-1.3572479807336635,0.39526253432273384,0
576.9742219644673,0.4036179713859666,0,2.449597995305837,48716.17214762926,46.77228613050476,2,-1.0456694018633361,-0.13099533924734064,1
739.3613030476682,0.3015776645152169,1,15.682926577868042,19186.981792760784,48.157766185916074,0,1.8816568149200787,-0.2638725401405406,0
544.7274071590783,0.11320102689007107,1,8.47369730043643,1336.3359787470579,26.052343123310585,0,0.7166810230473786,-0.17886951751821734,0
613.0732316148233,0.3024915727462453,0,5.863862367068401,24541.710844543377,57.070694304949896,1,0.6473460697267657,0.972245907957987,0
644.5406715740295,0.12747899126417214,3,1.6531173880773598,20122.123806798227,22.779227211514574,0,-0.4202878533319109,-0.711375616838779,0
787.0674177319493,0.41913361146002925,2,3.7436920497396176,6874.760087505217,31.169453036308365,0,-0.750543596513143,-0.7857887489907089,0
590.4196142361249,0.591382528583677,2,0.4930283616689485,10851.588455088244,41.70565138843437,1,1.0417322634018507,0.6778735425377218,1
583.8849169072788,0.07793107278178237,1,4.4549123924980485,25407.2802252481,50.82286782715556,2,0.6671595586671806,0.051926864806017825,0
642.1237980459654,0.7809785241747447,3,4.741142989441385,21189.325347620943,33.13998412336893,1,1.9574731283482236,-0.8475142029909204,1
596.9217370910314,0.34251738104271134,0,13.83828461668585,20354.696838448574,44.81524563719486,1,0.3584551978493661,-0.06047115293925298,0
740.1308737685206,0.26584436569186337,2,7.229253332783293,24824.577261050934,57.38113600881046,1,0.3656989109700533,-0.01601497932253748,0
563.6054793309261,0.11952401070276475,0,3.0513554573829067,6539.998926389142,29.9915053646972,0,0.07898519164386053,-0.24019073082703946,0
558.2025078071118,0.15530144323149264,1,0.0596283151342179,27509.0019999266,28.1834362550166,1,0.6608127563752767,0.05943032464533338,0
614.9743964204453,0.09277819913103819,2,17.948249077134843,43538.57768621474,45.35041533303573,3,0.4944457215930672,-0.8320838413253109,0
610.1574039446156,0.3850219887542162,2,1.438011628048923,31255.954954376044,40.75443101792572,0,-0.5782649194813018,-0.16516534283231454,1
804.3625643053589,0.24240261332224092,1,2.9030466039915916,41007.43171657597,30.09732056234752,1,-0.11597061272768483,-0.025114970600211395,0
725.9536645540609,0.07959387824217576,2,2.9117424153307403,11647.373474190894,23.985099486173805,1,-0.26380980660239434,0.35047235408884325,0
657.0040993108153,0.04537656497453215,2,0.23803641822560143,10661.659094741206,53.10484082873941,3,0.7353509809235615,0.985854323685317,1
551.9651584935866,0.06591936550606577,2,12.625286968812802,33841.26928465172,44.1411567680867,1,0.8043976380158265,-0.5137110289108666,0
717.5490381121238,0.2994787576196649,2,0.5469615964441102,42266.761859777405,31.838953024524983,1,-0.6966131101349796,0.09614261258416468,0
569.9827722088348,0.5072268213179099,2,1.4760552516585372,28610.893570513337,37.88516220164377,1,0.40024606629720505,0.1373693950155408,1
526.4183122577911,0.11900536411714858,0,8.099652205286944,30957.22178859427,53.20338452485116,1,1.2963841322983924,-0.4698047191002024,0
745.0423833881841,0.21307908147521504,1,2.7279277418195518,45529.14837602264,40.66081307595371,0,-0.13938990192275466,-0.17630000796031098,0
675.355408953988,0.19659516886848027,4,11.104412615706682,2372.746820435177,37.53681789252368,2,0.10495900532679597,-0.06347758040384766,0
723.6687059024655,0.2725918963119906,1,5.516140289303584,25997.297174713043,44.54142903690503,2,0.14881554348332354,-0.9543728258765027,0
675.4982122354417,0.6729782214455983,2,2.4436193985540333,29963.89075391857,44.22119072366343,1,0.1563435099919703,-0.8650743246831958,0
718.5464489522153,0.21190563865018733,1,0.1403194027455677,27606.113397742614,25.219588826093673,2,-0.6724400568611286,-0.09116021065080426,0
597.9179525359882,0.5243339234387223,3,2.3155786019398854,10621.939229781365,37.21207021891155,1,-0.804472989707602,-0.2546835043010012,1
567.2605726572428,0.40902799699449516,1,1.8341391274879588,34136.68501587662,33.086345481896714,0,-0.8102338104591005,-0.976477595748958,1
704.5275614625301,0.09666055450936255,2,3.315148026086247,35647.59816190056,20.471500803828526,0,-0.8014575179144173,-0.5461698112961526,0
585.7272268660927,0.43772273314930693,3,4.457044673604573,9535.261631670146,44.26509067468849,0,-0.590911945896903,0.0042835067936797255,1
594.836017779984,0.29130225893691175,3,0.032922404334969166,4992.773188164632,30.699352804606644,2,1.2029858318125934,0.05145229267671758,1
613.5573997186126,0.2691795916718052,2,4.956370749059154,41799.01153317047,47.022952024749074,1,-0.0731158327435219,0.9171432963308048,0
651.3983327220045,0.3453962482615739,1,1.25311017402055,11157.130486851871,29.016374603821188,0,-0.6526838341462697,-0.530021020285774,0
621.6804870997213,0.3075110335149913,2,0.6382139019819727,7753.915967465924,30.38190960361341,1,0.19836228601237962,0.6811655288679872,0
540.0038965265585,0.13889249491443356,2,3.105714134371288,7864.332429767174,58.76977737849571,2,-1.0768481159912058,-0.31092514173635344,1
598.5105277733687,0.3152140674501288,0,6.676716618914879,27876.175248158015,43.628753556464275,1,-0.9513346603451148,0.059778500795773404,0
472.1277478220459,0.30600879266093967,4,11.805646182955572,37543.48372137199,40.7013163357124,2,-1.2688731201781538,-0.34963648245348167,1
700.018516082175,0.34544232907520017,2,0.8194352011198613,28792.275874135386,33.14458853409006,0,-1.1577680324380535,-0.3146725791340066,0
521.8353875514601,0.06961900328077984,3,1.4257822156005948,8068.020855643413,38.34675307223751,0,-0.3915405376191384,-0.47094531968986875,0
561.649332845724,0.33553645024384265,1,2.8163473516030013,4325.033961704278,53.90055465859203,1,-0.8320177130047541,-0.7133194754947192,1
654.173206340878,0.7372550106092218,2,2.0130202876937906,42828.25273557185,53.4609522464461,1,1.4909447474376452,0.11927654312797742,1
590.8349602886949,0.6229521472160173,4,22.275308318938883,14846.947463710263,37.13436428163608,1,0.3244292429239792,0.43093175432743847,1
773.4411676325388,0.37298497249479096,3,1.176281467197191,39533.0416491033,42.77702112050826,0,-0.22165562124195873,-0.7912269141695552,0
546.5714472221241,0.42604287612479,0,5.172925323200889,32706.95711073326,32.64539207526829,1,-0.5621166858433891,-0.4714855105884965,0
671.3640695479346,0.5048757601400521,0,7.173789390428959,16108.85876896209,40.33668776340599,3,0.18966260915645672,-0.3834926213241392,1
646.8573745418004,0.016970136868737926,1,0.5164424803700939,24456.03603616904,32.45770922986503,1,-1.5319847916635358,0.7421044451872973,0
556.5525201807042,0.3492784300843267,1,6.792513558891788,41278.05002943725,36.479353530292876,2,-0.23558523910845064,0.5539742523608198,1
691.8621328425403,0.4384830590470613,3,6.743050857592547,46611.93657044448,26.47315831256637,2,0.24442374722998453,-0.3702186258531004,1
636.2762935022201,0.609882462945427,3,7.762002615855417,13426.037199710005,40.148746498023506,0,0.16766124225206996,-0.11780628732878995,1
711.7432440970933,0.5164254016184158,0,4.665206539492762,40434.94965542682,35.33560303090485,0,0.3212320425257927,-0.047759091725310565,1
715.8803323170985,0.24549371472491097,0,4.083622603304004,14809.32447768031,44.09982374378255,0,0.5015385292030666,-0.2170154030674718,0
823.0588759424552,0.10745073422902827,0,6.112194396575317,12360.05998100944,55.566141831366835,0,0.9455717783949514,-0.30757973845577924,0
756.9222359549113,0.34629434699454015,2,0.5879443686457019,26761.253355435,56.447883389464224,0,-0.5450705234583431,-0.3063198625658352,0
620.4654529646045,0.3972392956694122,2,14.027236764340504,13976.325267873,43.09028757911669,3,-0.20363803171569433,-0.3081442324682222,0
630.8496657939259,0.5403700990308634,1,6.758526311642903,43593.1192732474,34.203791567859234,0,0.9034405835634673,0.866755631152861,0
737.972767670969,0.27951823242483403,0,7.898445959240227,1973.2803379487464,42.76195467172997,0,0.09675832940907521,-0.3129860719779549,0
702.4210984578078,0.2784879935402102,1,11.963233698641796,10660.802960937437,35.6717581177326,0,-1.6946855065058628,0.4625589323075783,0
701.2105220878074,0.1541492601702041,1,6.976587043381036,29986.045144107284,34.719091966699196,1,-1.4445875444576513,0.2953212440522641,1
520.6435164551333,0.4255090348193917,2,1.2744331790779062,29208.361063546836,63.3383416110869,2,0.2958306441453045,-0.4985178296470585,1
648.0539100480852,0.19690211451920928,0,0.13069293831061493,12259.81302472277,38.010130893498776,1,-1.9434873214523012,0.3318715115566653,0
590.9575272635449,0.3758527785725311,2,5.786154055529877,38991.478597006535,18.0,0,-0.9596682751152652,-0.09216852831757105,0
672.3939679234591,0.521537647659218,3,0.47278471438960906,6569.352974115855,63.57766516010288,1,0.6718073019405594,-0.6616734827681794,1
642.1479688285633,0.6238965137367726,4,0.8869904651057823,27449.66759458114,46.8197068150435,0,-0.802061101228726,0.13993303313341543,1
722.8143126474074,0.15040799709032435,1,2.2382189117558013,30564.294732494927,41.3257302290853,1,-0.3838626989655607,0.565522545930548,0
675.3774572153042,0.2718002535980594,4,0.45585554004181544,17725.253625661284,18.0,1,0.38252073239596496,0.6267232099629179,0
712.9062369687181,0.1698768622540326,3,3.8134673374735324,35046.635253176704,55.989016332261,2,0.5264648532550964,-0.7361316423797553,0
612.6864722611245,0.4459079422449289,2,1.7299226191832369,6386.421122721122,33.89068550156441,3,0.5165889213049394,-0.5346930972343555,0
574.4442995265399,0.06761884930908013,2,4.156376711763873,48241.580872884,48.02201051978831,0,-0.291727092962851,0.23798305284651433,0
617.1960245437962,0.46178517460320323,0,0.07457117097030708,9287.418103891276,42.922990321730865,1,-0.4164676675459247,0.19221952342758652,0
648.6383668910847,0.03764217798197293,1,7.018504879008571,15006.930448739218,20.423987510760305,0,-1.2023306774112692,-0.4709056087308934,0
680.3321388444066,0.25833531003467586,2,0.0010005762015589256,44751.910828675864,18.0,1,0.46600152896271907,0.9921404604134885,1
830.7447160552681,0.5841692718528615,1,1.3437975296971028,45666.31178951423,46.0836087934758,1,0.12356980929477862,0.13921933990846513,0
646.6194278671486,0.12011228221701803,1,0.5931459876792748,37632.76929947282,51.64886564411578,0,-0.8675704816900984,0.09352886234541913,0
573.5243999605779,0.20261511373789662,6,1.6134493417658657,10515.306196641603,23.74233906378875,0,0.4307890089058473,0.7008600734391164,1
622.3214579440491,0.17232823237434924,1,1.8890281978159331,18891.5908797468,34.33618047630122,2,-0.09954504952830026,0.29321620036205176,0
612.9123220283125,0.3403959766780744,3,11.32321758762497,32921.77476845622,48.37554439808382,0,-0.5206585347280869,-0.3448504491314752,1
688.518517901877,0.5402607736513705,2,0.17313382457406182,36204.441117950584,51.762418887996695,0,0.5486303875039269,0.841778065345332,1
526.73623884443,0.287878520519479,1,7.588866814683259,33396.39888315543,34.175226513939876,2,1.2846773855117422,0.056525874598332804,1
655.0609595360265,0.12267427212407252,0,0.9435620469882872,25898.76949562089,60.16981642764225,1,-0.18850597506357675,0.4691975739935619,1
662.5205230372301,0.3101564294372323,0,6.90994898991098,30394.861916247737,37.19178454417008,1,-0.0690801624499894,-0.06787360185287428,0
668.5744828960221,0.1812884428667899,2,6.728863931652693,42511.62652024669,55.11125870279561,0,0.8692181597480685,-0.7406871513802282,1
602.214714482771,0.03237533703792943,0,1.24916421498048,32412.62222639122,29.75274856742673,1,-0.1951813076001008,-0.8099432218814164,0
630.9662616211194,0.31638845966920226,1,13.117075494639163,2089.597901023772,55.41105151640104,1,1.6536982802131237,0.14266020779576638,0
536.0751272813975,0.19590749177712716,0,7.955725100792522,7772.308050559517,34.20214842256792,1,1.986603887633885,-0.900352900013146,1
610.5344093310244,0.23412039114273167,2,0.7369775208132283,26010.056256378317,21.080115016780653,1,2.778429399959691,0.49924640532473896,0
606.5710819186626,0.13317682426164437,1,0.1618735751801308,24257.88501594771,58.89869213915521,0,1.0653553297271978,0.6128420715899392,0
683.284003700914,0.22132194813394152,2,0.29321361041444105,46689.61649566165,35.87148104879105,1,-2.086287785357126,-0.6329023760766981,0
557.505405454247,0.11595035598151313,1,2.3467427483887535,43158.78217264448,51.45339222094372,0,1.5216175293846266,0.893096543766281,1
712.4958481367995,0.22698086115279478,0,1.8323872550537004,22712.76884784469,44.19185471486266,0,-1.103037327573015,-0.8727917149235302,0
769.5587635593095,0.11215686617826046,3,1.3374732665601072,44555.078045597766,36.122583886542685,1,-0.12530733729514218,-0.4416963718357585,0
484.4011979989174,0.47926488131251,2,1.3179667070679097,48692.19126333606,21.895402172826557,0,-1.9388504439574945,0.3116132784197947,1
684.100698462248,0.07361498554331465,0,3.034823255715044,44025.45187343461,26.22825214481848,3,-0.025004838644923512,0.2807892671144505,0
704.1526428024197,0.20652060946322093,5,7.79367907492352,9525.451185527952,47.371143681002884,1,0.7324527412347454,-0.8212369710389613,0
599.0050379558216,0.2045216342405013,1,1.4827268682544505,36164.43572711027,29.52614765296672,2,-0.5107528071318755,0.2637979586112942,1
618.2182548536962,0.23689066941384695,2,14.157731039541488,8864.055250282183,47.492969874699966,1,0.9728116251662818,0.41185410652036114,0
639.3695537930436,0.20970978415833227,4,2.1507661409661423,30194.241229096002,28.570679016444892,0,-0.10056156395250518,-0.6947089669277069,1
626.1767296478617,0.21952699355925984,2,4.154210127152998,42840.82733114583,23.737175167014662,1,0.3536130490191546,0.4073574142920722,0
625.2789624762303,0.6282136554497352,1,9.649902950032372,20612.903804483612,51.268694774421846,0,1.6009008135129457,-0.1941764862267954,1
515.9196954936019,0.4851845264549807,1,1.1581368914343242,34938.44970506619,31.5031024009932,2,-0.6224800181521505,0.2964364222157083,1
742.1865251826496,0.11165084033983759,1,3.7221485655437285,35864.517009954936,18.227900304199082,0,-0.34703292149293147,0.2204681125081176,0
736.3694873629457,0.43831679639089244,2,5.443084897396947,31748.806527036115,18.0,1,1.8976077782403018,-0.3800710848256166,1
584.9308592636638,0.3055052301326851,2,0.3155293547397924,1606.4409074684017,54.131935861569616,1,-1.2852209413109772,0.6668324866352318,0
532.6860537757989,0.1704405877283238,4,10.420669606902786,37075.32603512963,28.777132100682348,0,0.6450833628056577,0.1597322836893562,1
691.6851901162207,0.675415355395001,3,2.4019303414519952,8390.93478519364,47.68367565445526,0,0.14592020446153045,0.8574321978013812,1
603.9369624149547,0.2611996606841093,2,10.453150449995334,16190.204315547166,38.69284682807438,0,-0.5938873202523107,0.9168227461031615,0
661.3562530656624,0.16497622725307204,5,1.9418894952623413,22413.075321431454,48.3245446382995,1,-0.8010825996597926,-0.6019794600955355,1
624.4537266283924,0.20981613792560133,1,1.9956908149145878,24405.07820770338,59.17165779327785,4,-0.48514043091520853,-0.11719145941589226,0
705.3231000856149,0.17514463750842674,1,2.7556303711936763,30538.421594006017,28.96524143192113,2,1.8422704339810982,0.05082423131319658,0
705.5799314924805,0.3190804536768227,2,0.6543085228719405,33135.346992301595,43.65446556976384,1,-1.2918527997590972,-0.11534595713755169,1
591.9522097229133,0.3902560354673828,1,0.07835578764292132,1205.6422523758044,38.155071836611604,0,-1.6201194256148161,-0.37476660165322984,0
539.3308835683956,0.3728955275674535,1,0.8343492017641214,5648.720403685549,48.639757165301305,1,-0.783380512128034,-0.8456308556211296,1
523.3649282131935,0.18689354470058658,0,2.044162053588146,42631.412873441644,35.778045705435304,2,0.11578935157509991,0.8596537572581868,0
698.8303503285764,0.039440894453893934,2,1.7129691143615124,3788.542095712759,36.90428870482539,1,0.36001979897914,-0.6787319382331392,0
554.8912593772777,0.13976226756528454,1,2.747918854764371,18089.526438167988,61.7073361790276,2,0.28736416998323405,0.9616239334951093,1
609.454691656105,0.26302599645129504,2,1.5637810729531376,43599.670238199906,33.43451459364548,0,0.048314358770926186,-0.09913368020781421,1
602.2948769239594,0.2509530311335177,0,0.07713165460717013,37810.79985830537,39.75874310096374,0,0.8291309627503566,-0.5189966792353029,0
645.7946162984363,0.15904140322692611,1,5.8676192660206254,3449.1602327645264,44.11546030401997,1,0.7028082008671681,-0.043459980327917425,0
495.0976155322794,0.4025639173849909,3,4.172925457825301,30636.876682796137,47.18777970003653,1,0.4529376389683186,0.7821983944709474,1
665.1022877435063,0.08178540457313718,2,10.308126630558121,40744.67500290953,55.40975819170872,0,-1.3651134363947284,0.8350383836163546,0
691.9112819067365,0.11978791564257649,1,0.21160993497173777,21733.17475775431,35.12627480686913,0,1.569804046978297,0.7886343791445489,0
657.0737669635729,0.36145916568654896,2,1.3732887391314468,20647.139983005964,40.57096392737804,1,1.3691857498487003,-0.7058473989292198,0
625.1291062641222,0.5199500616956614,1,2.8811762484440324,3834.822730761312,41.91133702599745,1,-2.059113812041057,0.6985276564250753,0
657.7920133015027,0.2813486900540912,1,0.8939944335220086,45323.706555245386,30.115030707538097,1,0.09506344411674059,-0.025052588203041015,1
681.9237076512104,0.1718489864329577,1,6.788892672479908,17746.373796382813,38.32385984039604,1,-0.10531838520043356,-0.5730030921124301,0
428.192579485868,0.24801628577570964,4,12.073752774259326,35934.34828255903,27.733903767033574,1,0.8176849027208193,0.25838701637812833,1
806.4729846600555,0.43197783059537104,2,2.49551938375644,17950.939000472867,25.309092821227527,0,-1.19469487619152,0.4260951513003737,0
681.2074658150341,0.13521855782981781,2,5.603420185430965,37758.48112476241,28.227904669089078,0,0.7755356209552677,0.2172290419903964,0
597.8073134090384,0.343681383554851,0,11.41588553967897,38472.63379712565,46.26116757476959,2,0.6785976975716737,0.9359162862720001,0
618.7237299849919,0.3933757848908667,1,0.5206680753746422,34098.28561976787,44.11753018615242,5,-1.5916443612035123,-0.6011991817127107,1
689.4993421879351,0.3687225928094231,2,5.187174608167833,30952.090950193742,35.23099816919083,3,0.8415649612646785,-0.9757801177569845,1
640.7116848772507,0.33760270437257317,1,0.7994053824197613,23741.808885066817,36.40244096592831,1,-0.7824534864926657,0.7950123543299918,0
487.54524257748045,0.29543161712137656,1,2.682035886582053,9595.726454966783,29.772609673652664,0,-1.1432635654418093,0.02032859970791767,1
815.1594289087456,0.29363658748982185,2,2.0146748813693622,34787.46730808717,29.836632147726412,1,-0.32236830618215123,-0.6168516548187457,0
641.1567474214022,0.20487522667869643,2,4.430135481036215,28963.148654400982,34.421047186096985,2,1.5319816002114264,0.5253347777328152,0
731.613816937264,0.18393019787482393,1,0.502903075391926,33211.38923887753,41.31809630719605,0,0.4832351728004082,-0.45885692269382106,0
594.6360121772487,0.7394534701516196,1,5.551900036661344,4685.550915518236,31.168930955189524,0,-1.364262013056167,-0.8728468909053169,0
772.9101643396639,0.11574986210992275,1,0.7826059123956041,35382.321061926035,43.84809987250066,1,-0.5807703382810012,-0.9886694976968045,0
672.9074951113823,0.25044151391644615,4,8.5236206392052,10722.443164964754,49.16467444370301,1,-1.1745148344763998,0.8584122313711195,1
698.7075067580361,0.2189600628776691,0,6.791320829308231,30608.19421380938,57.90954647247736,1,2.1775258334025005,0.9954492910330033,0
566.3797307082436,0.2852113279467565,0,3.6564257033191487,29498.97580934527,38.11083735310806,0,-0.8521598332745053,-0.11011046650798884,0
746.891623174616,0.32903707230354096,1,9.84655255183636,8767.418301146909,37.8260974749355,2,-0.137564186025316,0.6969825159425909,0
705.1854531627831,0.1728716062841308,1,0.45848430240555466,34978.19568355351,26.72954862335489,1,-0.04592318472690819,-0.32891743547701235,0
754.1476983651999,0.3554991148674135,1,0.40538125730563346,39162.93391077729,30.410754900212964,2,0.9435303772031134,0.9389369063304729,0
599.7529952286736,0.24704119248579903,0,1.556636206366035,38928.285722514694,34.87407497511017,0,-0.00593129492053026,0.3989185166624425,0
611.517830523137,0.23521403854625245,2,14.129402626894315,14583.430042709804,57.586943036780184,1,0.3623039355062124,0.7539756436000509,0
834.3133358147154,0.32078705207467545,4,14.170134843789546,11824.346881551974,34.420832747953696,1,0.25318751850162496,-0.057394159084807495,1
565.1987341822762,0.18795153574928383,1,4.113933353223635,36798.11573832298,18.0,2,0.5637589470349256,-0.5156147853545825,0
639.1240239457343,0.03779610560941891,2,3.0858434122567058,39996.932337896775,40.669068555486454,0,1.285487657075023,0.4390860298983361,0
740.9513090082156,0.13678941990754112,0,0.7299578298237143,1524.1526253276186,49.58617881183173,0,0.4795482258753108,0.21982325966245098,0
657.8179974171884,0.30045756040257193,3,3.2091752435863574,5381.175270255753,44.177439968323256,1,-0.8910738386425446,0.35559268808390687,0
696.6362943802635,0.05714679214513106,3,0.44415742335348346,32565.914004933133,50.50726291067025,1,-2.0861290270001636,0.9984809811133777,0
618.04407765897,0.2964453350858896,2,1.3971078652446374,15744.311997608542,46.00168692987759,2,1.1047275330366766,-0.30354483650339215,1
679.6044710278015,0.38831505127975824,1,1.11767966951497,16036.054453475439,36.34773918165853,0,-1.3554378883970895,-0.6207568041107969,1
545.4778518611747,0.7567257056876224,0,5.369836327534276,32059.420824410663,28.76490651570342,1,-0.9379586277198878,-0.24069547503276412,1
782.650454369455,0.118318076430719,1,1.670733163722855,8017.2225945047485,28.418726975390037,2,0.02857096570885029,0.20004358670051503,0
640.5468763897144,0.17171743598841552,2,1.279421761575637,46382.09021948477,37.09320748448244,0,0.6526798035054,0.10795614578063129,0
595.585743680252,0.34867003164939137,1,3.7518665213359585,45511.183525070956,46.37439224308109,1,-0.06549932800701821,0.5939639129340539,0
703.3106465625532,0.5376612663438144,0,1.2138308788300523,17883.80315110892,46.23422286449055,3,-0.8922360728088232,0.8826659644978327,0
613.1424170089157,0.12779802696408726,2,6.343216065468207,11334.390977727842,45.051197915475804,0,-0.4449202646173722,0.5676272964167963,0
543.2593222877797,0.08848583729955391,2,3.565409173081541,35160.08878550663,37.04703819051159,2,-0.11674480941439667,-0.7545036543260135,0
542.2625995361956,0.6059643215492724,1,0.8297173391000918,47310.24412502233,53.736070863384136,0,-0.4642546111463079,0.4250244827716396,1
705.5018522152106,0.4736417970497524,1,2.383516396986648,42789.36104522702,28.984694371287432,2,-0.7968510653730599,-0.45023754837236085,0
637.2341249482987,0.20843582192794113,2,2.8470999191095583,12073.459694612366,51.894284226226276,0,-0.4533595340568147,-0.9555054245191399,0
639.3038752265248,0.053418723973054805,0,10.117476846388394,44870.128836736236,18.0,2,-1.1175150922187849,-0.5128014576280957,0
736.219504478101,0.5925441858243767,2,8.231054818408538,18042.563411514897,45.441897896246516,2,1.7671584797228148,-0.5243145965990401,1
559.8539352994605,0.14429892750435525,2,1.2091757818159332,14862.443584514305,53.06942464755625,1,-0.39526316231177866,-0.6673038960575102,0
591.545779770814,0.2562267290767252,1,7.895314090094912,49186.41214408034,35.059786124347966,1,-0.6700180437382304,0.10151794878890996,0
619.209615265498,0.37017018357134107,1,30.0,23531.45206677631,33.59835045951008,0,-1.2822807605757347,-0.9278968180721654,1
657.5481271453659,0.49720537865512204,3,8.148014706057628,29065.380158717624,24.528961730039235,0,0.644206329359592,-0.055536545352276256,1
646.6262838967536,0.17627188434138596,0,4.226564522094888,30507.79893969036,18.217707963014075,2,1.6039179209449703,0.30133361649530443,0
627.0490246088074,0.3954088497896336,3,4.429415924005652,29052.98203529387,18.0,0,-1.8725320567031123,-0.7775771572486934,0
645.0698878323482,0.6060752154433172,3,1.3195415732684372,1288.2082048961838,33.46163109425305,2,-0.4883293911981101,-0.00973453996705076,1
641.415577896706,0.1870613981419264,1,0.03676537750056717,47892.19977485636,38.35850244877272,2,0.04490358559342812,-0.2053849677851789,0
592.4316489158566,0.27699185207649407,2,6.296195673129786,40562.44235775595,29.898790483788847,0,0.8215520506056949,-0.25809990662012505,0
584.9605609156738,0.1321586785427437,0,0.02275298656295252,17511.25031512783,50.55523909143278,1,-0.17544842248027084,0.4654110662471531,0
671.9613086179152,0.21022706304935757,2,6.971120043369579,6653.833164683834,29.814931685698433,0,-0.8672647928675427,-0.22049017701828189,0
578.7267933603578,0.030855941504189133,0,9.092061388195443,9255.69759365849,48.959823264772425,3,1.0319256069561482,-0.6721105675398327,0
557.4115792647317,0.49387362117052513,3,18.13494458863082,49306.75627537764,39.62549018825759,1,-0.838450898709949,-0.44729649897922985,1
625.0166199099446,0.19287801114373648,2,20.601342263904634,38775.16781188281,18.0,1,-0.8707062426589518,-0.8579569005431862,0
637.3866387068947,0.406876391484911,1,2.556617476529311,4190.143426125749,34.483629327392094,1,0.4578801654160622,-0.5102637283185183,0
830.5378797838567,0.34403828094000666,1,0.4512324296366612,9208.39704979241,34.36743001035925,3,0.24607843425722936,0.7105694707071002,0
593.6239779315013,0.1479780291663398,1,14.237220166554433,14100.32895251171,32.9552169488976,1,3.1554259729631333,0.2684123860116068,0
725.4608579975596,0.4955515717775121,3,0.8960492314505446,22894.263359733388,54.857638858696006,1,-0.22982728892375404,-0.6898684012080394,1
709.7750667363705,0.306439640101717,3,4.179398874122068,18088.818295594592,31.590599238466496,1,-0.2054646011246209,0.042177063729733844,0
554.8844035837011,0.16239266244538003,2,3.827425106118454,23600.054899720817,32.55407006783983,2,1.8065263116392973,0.004755243185847746,0
711.8602381922079,0.18410356545861792,3,3.2817483969286316,43540.67131919867,24.46947511149976,1,-0.09352426532402008,-0.06344662659596878,1
555.2895487845346,0.4768260594087927,0,0.1795298981207161,4785.013735531892,41.86370691617457,1,0.4872507829075176,-0.6455691742823397,0
437.26622096026074,0.34162153820575275,2,12.175602177055909,4242.083819733158,26.581308840172056,2,-1.994326931002857,0.07427540573122626,1
698.5055619487505,0.44390321049965453,0,0.33681073508997733,12263.21842356349,38.33725416992587,1,-1.497879576223197,-0.4526964373763367,0
509.52875332498246,0.15479384625936715,3,0.7576698032128462,36977.24598742183,25.710006710471834,1,-2.033719236975202,-0.6683851581544151,0
686.0747569444732,0.1343405594270194,0,0.031537854399823075,46604.837115072776,29.96520799263302,0,-0.07628639296155285,0.2868832581913765,0
595.2791281810227,0.07495775939414508,2,0.0790056739171974,29751.604238755677,32.46598995107807,2,0.830910148521365,-0.09749728443095429,1
782.7640636951897,0.1052083437650637,1,0.01250736956932583,27573.1937402544,31.39072733343331,0,-1.9654038658468023,-0.36413812172955273,0
735.4807519452808,0.05542593944987663,3,0.9726583018790074,45176.34015626041,57.80924287907205,2,-0.5063378191065323,-0.07658685863845083,0
613.729135691889,0.6322712505294538,1,8.704154580944069,5731.298348819063,26.6984950723771,1,-0.490312600877426,-0.9598029952896623,0
594.9729911177054,0.3534365215599113,1,1.0356278974331814,45618.541208434464,44.5061941262881,2,-0.042825056107626325,0.5789558813080014,1
552.8738077524704,0.1618532718698751,3,9.225193471414988,38627.374590826505,60.37547391532313,2,0.1268858280796794,-0.6893955161231258,1
614.7261894165927,0.3928151198721501,1,4.895638985264737,19948.469182494486,52.54487939198392,0,-0.40496158292339096,0.8181217347714635,0
627.5715603852393,0.09840308763939723,1,0.4662140603074944,37817.957921821304,27.176874677631297,2,0.03677964101641811,-0.38297090304067916,0
620.8245164486651,0.3105527905191417,0,2.559236733139069,41682.20448061266,18.0,0,-0.11877494991990238,-0.4741789156006262,0
662.5363084217892,0.38130572158952625,1,0.1265850270455446,20894.38160021762,45.76494491491543,2,1.816557137358358,-0.8269771361658167,1
696.2817198183103,0.03350192787771181,1,1.7227972108594094,37756.35739456931,41.70954499089357,2,-0.9534102401224908,-0.08106127199174251,0
677.9723565594539,0.18072351923437455,1,4.436236329473458,45578.47815724741,38.29358663228963,2,-0.2322770648975594,0.46906776401950334,0
588.8684860874846,0.5037846761271104,0,15.342314075875079,10228.341079361799,42.092543365718846,1,0.6329633088468074,0.23641213744863765,0
534.9766820958737,0.2553716844399334,0,15.697888775631528,8117.64545594419,27.824285659566396,4,-0.4727001166335658,0.09785461883098967,0
759.1625478481977,0.3918039249909667,1,7.691655135939759,13971.170481181696,54.88222982750633,0,-0.6154828835923258,0.3191215693179261,0
594.844065236005,0.4618389625938766,1,2.9000497768283173,7524.971755507386,41.628204470294,1,0.2898045145095599,-0.6542587900015702,0
597.8165120051984,0.2101614529489271,4,4.487475355510359,9714.125226199954,47.06436579667256,0,-0.16744339644334374,0.592022832052127,1
608.3048550159111,0.23611760347845678,1,3.516470479489555,19868.167691738432,41.91031440418297,0,0.3865575663265126,0.38214194449712124,0
502.5544359874681,0.567711063342872,4,5.367563203810837,11256.460982460703,48.52462479228214,2,-1.0447285162175557,-0.34190787047906745,1
611.7620796767611,0.5931259541501758,1,0.268719050554624,49454.89345499049,52.91363945157771,2,-0.1866830404330545,-0.538347015332018,1
611.6275348793642,0.31866256445016344,1,4.265400278741302,33377.44614359535,39.68277784153332,3,0.34795303716233067,-0.36834334070509356,1
699.628663867481,0.3695342307197604,2,8.227395826504159,47302.65016786015,19.265720949136526,4,-0.9067845743583578,-0.6145600905603679,1
705.8765719285868,0.14351374499757455,0,3.614298959351841,34169.25230597699,29.91203630342291,0,0.6501538062501606,-0.23402562822456274,0
650.3016711269015,0.48275373061423044,2,0.5415747929846126,8503.439375902974,42.21006400282149,2,0.7899042670769085,0.057623353514060005,0
724.5478699291443,0.08691739253638193,1,8.907898938222216,48368.84689305639,35.75840282563406,1,-0.6277883594621139,-0.4016297288410058,0
677.197198704101,0.16187385092107365,3,1.964940836614002,47998.74761598145,32.259031437391734,0,0.7771949261993881,-0.7261633761815627,0
648.7454310717956,0.36655039743220513,3,0.10833629943469908,31886.587284408197,51.61145085904337,0,-1.5956114450692738,-0.031192086165499955,1
662.8742534638578,0.3017535776860285,2,0.24746119034145783,18004.864999917172,38.868982240026874,1,-0.243620238539099,-0.9277020403420042,0
634.747720513488,0.11988593800914693,0,4.999308471352188,23979.37589426586,29.359171659590622,2,-0.36678297631542467,-0.1401383567784784,1
618.412038877324,0.19042167924775152,1,1.367735339764666,46831.96395423484,33.818377661836124,3,0.8965825263290351,-0.4275554432774895,1
628.5813170484827,0.061459191299970586,0,4.997741616393327,7564.6152884051835,41.52983990154094,0,0.2052920433259849,-0.32432722477912646,0
559.7590934823994,0.28992482359788824,3,5.868144006728545,47607.219593475194,44.11955672680404,0,0.023726622452247142,-0.4443757640981638,1
672.4353364253037,0.10860628688449893,2,2.3933109393407963,29818.248181148996,42.083338446090956,1,-1.2272843134138165,-0.08240845781486583,0
570.5501111256335,0.07488810934690922,1,2.5913549189042175,11563.90365219524,34.77978965282339,0,0.7108515590601958,0.867425231957651,0
717.3305011258909,0.019329954128670414,0,7.880591553623219,20108.653373729492,35.46965309257375,0,0.41222084811310855,0.2888755751657708,0
630.0433135871241,0.08339639369895889,1,13.729984136335855,43206.22234554904,35.6625378570361,2,0.5066069854929259,0.9773553527523946,0
653.9595985320072,0.49002096145062113,2,1.3696450133764373,18962.703295755113,31.481879857168828,1,-1.0483513015801555,0.3440472846767504,0
689.5069421024765,0.21540375614163806,1,0.403795116018564,4262.984068047677,44.566370439322526,0,0.2243795901859977,-0.7954701225445662,0
701.4651572050342,0.01602139403955845,1,14.088189536525475,3689.8868525049543,28.465363219777878,0,-0.4330309292685611,-0.5844083770159596,0
524.3501273093237,0.6405176596184269,1,1.0745213549309172,5169.2252627823755,43.14512609992215,3,3.2135597632087842,0.09987999458379582,1
633.4477059068822,0.30508870774013036,3,3.370904440191672,10383.921601850516,23.391250058192647,0,-0.4365162648167766,-0.08562454356886628,0
720.4143129664626,0.3267841593455406,1,2.9371717239675865,41116.4886045818,47.279576177402475,4,-0.34369224905391665,0.3794984997559987,0
514.1515344454197,0.2479065378119199,2,0.5315408370080967,9688.861207496911,44.86924587103405,1,-1.0050575447329988,0.5093402365840736,0
680.982438031605,0.4165649050529612,1,3.8671216053397988,32505.39005540217,59.590497379249534,0,0.6571591606990624,-0.8354217860912965,0
469.55486164782485,0.8057928478059148,1,11.435758375851977,27741.208543440356,54.80747326697533,0,-1.8093807165836158,0.05802631791429613,1
568.1994525091517,0.14425921748279147,3,7.714029336737016,19504.40753010907,43.57149962257196,0,-0.8738840979139936,-0.739471429073915,0
653.0904441472151,0.10756678642988089,0,1.6242057719498293,17241.65671233237,35.96232875931402,2,-1.1473242895249292,-0.6926922549633119,0
517.4627918142437,0.47360701020305046,3,3.551586229153603,29048.93831488257,43.947033419245,2,0.6264528525358536,0.44024388383483215,1
571.159140985268,0.5589685321751716,1,0.119709749273336,20818.307991559363,63.777713219064054,0,1.562099437349814,0.831023203804236,1
532.2531994029131,0.3251118106120972,4,0.11279155180980294,7576.45498625232,36.36878263496439,0,-0.7873041856737164,0.570768301061314,1
781.8507945766048,0.3662345311197736,2,3.867500723093663,19316.757010912108,52.69650342685672,0,0.05569572087161606,-0.6354908394271475,0
663.1382204389868,0.4212413844220409,0,4.910112278267901,41775.123942607155,36.56067690930724,1,-0.4249921023686983,-0.7387771744217313,0
695.3832222282135,0.6430751004657035,2,3.607070279666043,30004.994753768544,40.05337788610177,1,-0.617838700907417,-0.8923590883740367,1
632.1859919587877,0.4078376271508081,1,1.863198544971416,6836.006128718992,31.53977034958254,1,1.215835873992224,0.7840970308838651,1
621.725460099424,0.2746503031991776,2,0.012363179680933822,3980.44767133712,46.31655472273491,1,1.0768888165194812,-0.20917275497723287,0
520.6820649079174,0.1279390946822839,2,7.222814014543596,16823.06967270287,36.88878414893551,1,-1.40369156820999,0.2885185495267715,1
626.653010980171,0.66831213257124,1,9.82133488147655,24059.824111101785,39.6172965411104,1,0.04088757366567846,-0.9160906615184214,0
589.0806230550702,0.4548987427813071,0,0.19736862672586003,24655.074731516987,39.738161149390145,2,1.314224449695873,0.7374329541528264,0
718.6339139433869,0.3394659530912386,1,18.23173480265175,1355.546932866646,40.12853074757001,0,3.195780722757669,-0.6921005696130886,0
741.2881493326058,0.2727234300652062,1,3.944144492291985,28194.540080389863,43.01864472425808,0,1.5815398151400029,0.5681595908852957,0
767.3262972459343,0.06415460115955192,1,2.4671515119263137,49385.8322717653,31.406515699004117,2,0.28441117377424696,-0.09465962303374909,0
718.2041551568985,0.41964899328764504,1,3.5386302061937096,7430.658381988312,46.590239679135756,2,0.5061874418207531,0.4882670696639295,1
602.1076850461611,0.1659816277771879,3,10.293509949378839,35476.34199189998,56.88033892002004,1,-1.8152717440551733,0.0362595543787827,1
560.7282411231685,0.3285151189811021,1,3.300964758851366,7598.125737014686,43.89824256562409,0,-0.32506196735287085,-0.8224139297033533,0
711.3330545316069,0.39614020259014676,0,10.097231549173298,23446.592893430614,33.28360134845809,0,-0.9594052932046717,-0.6680547929353258,0
678.5034253977831,0.6265836487208588,0,6.206810934384835,30858.02376428948,50.1013747514436,1,-1.6298713175177713,-0.6327430963943403,1
508.51692394583756,0.3130897561796471,0,2.8386497316333164,29607.98067704976,29.955756507568843,2,-1.6254772148317254,-0.45044855605771206,1
678.4385434195016,0.2761429050440644,2,4.464510437810548,5228.850621852937,18.0,1,1.4672052699520102,0.314470038007727,1
715.1615857990294,0.5472593670845448,0,0.37849129755671207,27365.480536691688,53.90121449269388,2,-0.07707399363397838,0.3688487055595986,0
654.7140471345303,0.36158586844388385,1,4.340825076061062,13376.530939173019,20.780770665133275,1,2.637360138750313,0.051164151960359616,0
635.1957063192526,0.17432409602033147,1,0.20417344380897234,11040.792615041551,33.437935416177204,0,-0.5400278553574226,0.1965819284636019,0
585.3881209906915,0.20738991468709783,0,3.973475193511108,40172.74483516374,36.53732531580584,1,0.27202325684786155,-0.9670402155104123,0
534.277224034929,0.14167040194765376,1,2.22470594966663,18501.98924636133,55.791299963410054,1,0.18462082599606855,-0.819126332403266,0
714.0238359472022,0.10990548748246863,0,1.9346801024929194,11432.561660765223,36.03456468462047,1,1.0133744153804696,0.06756412807451628,0
625.2708444182633,0.33047459163083615,3,0.554355229966788,25959.64360626785,38.1950296123656,0,-1.532432941095977,0.760621777918415,1
631.3226670765046,0.5179385356286346,2,22.07870540248916,22870.82210610962,46.880534466613845,0,0.21909488590473977,0.27904055674777273,1
788.6176949535306,0.2715291728228468,3,0.2789664178673748,14934.353494564575,52.745376961591134,1,-1.5527807826564544,0.5331938746520564,0
704.7600885487352,0.337367015991967,0,1.1238344040569672,15478.41005387074,49.14888096511661,2,0.08487942204996557,-0.9157399233031374,0
679.6660001024882,0.1537937963392986,1,9.992251041807322,48967.7033629914,43.43836470318629,1,-0.8975218164179493,0.49387730422451437,0
661.3649444149788,0.23667491099028384,1,11.641244747962599,25103.909855586815,49.289400486980796,2,-1.3615925552173318,0.05989806813017773,0
771.5995888612619,0.12484427430555053,1,3.334152429925887,3099.860186751288,39.34204425321635,1,-0.002523851262638656,-0.31709493475036754,0
787.5671445932956,0.4280054856005037,2,0.3292998603974704,40168.48569467514,49.10235919207822,0,-0.7509079887089565,-0.5405389981286763,0
724.3604089183623,0.4325403673398308,2,3.341757251735885,37206.72403963093,63.29383392688721,1,0.22103954075507665,-0.9486188268011881,1
696.577967311834,0.11014871455507419,0,8.36245109104741,22334.620763880866,52.85485968494682,1,-0.8760529542345935,0.7677431695678842,0
482.43175430350846,0.38441105766009426,0,2.5502682107335373,27246.712778172372,27.843948869589696,0,0.5660631028225153,0.9453616843864694,0
659.8977531386805,0.1449093822263662,4,1.9651772488574588,44095.41186594576,33.001019426143294,1,-2.271672338532924,-0.27009021840252556,0
639.5914436645037,0.28541084332872646,0,8.237569749126399,5543.953335273461,45.66181897290602,1,1.2221552526942838,0.6098594491991325,0
657.5162583508455,0.32309360207223436,2,4.305385038853346,28019.548198589633,37.138082904477656,1,1.0447347407835101,0.4279837736597021,0
725.4436869858014,0.32523554918811437,1,4.924680424242899,15029.8822896651,30.652190417342094,2,0.44766138403768324,-0.25142978893626977,0
430.8258266248355,0.17763892022902655,1,0.7781992151720063,39849.476626193165,35.24036496734638,1,-0.5829380746407867,-0.10314239817423831,1
604.4550357223852,0.3615042014919341,0,3.4101086610788918,31544.37481060913,22.934773696397258,2,0.4476630123841837,-0.591019637160735,0
671.592348395261,0.20109892724427106,1,0.01134827954876576,33860.95404726485,42.58538686683875,0,1.0410001221284646,0.7754952750957185,1
612.652356315779,0.43817284606684304,2,0.05111363831198834,9459.184773370542,74.93142813879301,0,-0.98213995700156,0.4921194625653278,1
536.6475109498992,0.20667555728759127,0,3.849999574500646,42411.40473034275,40.097240943118635,3,-0.3779476564865061,0.7427517608290948,0
719.5170789517437,0.34346080651589017,1,3.671565973307061,34795.5158813426,40.42459264942055,0,1.0372837638646442,-0.031291598447654945,0
672.1497524676903,0.23653554846512623,0,3.6227603703125153,34925.4259295514,39.35717381090491,2,-0.10763330704709628,-0.08290024398512874,0
572.3116343644413,0.7649591114639988,6,0.3806639657691183,1577.8878344645195,33.06403933492877,2,0.14184066325528968,0.14003789862015048,1
675.1853763612659,0.2169901829736688,3,2.2297400857794645,44766.39648865488,46.05367061051225,0,-1.3877738916602977,0.39101716185486524,0
715.7268569639837,0.2248015581714181,1,0.4661572341038223,41163.861589980486,39.050413377047356,1,0.12172970689847834,0.2709886019106347,0
650.4234117039489,0.17521608066976832,2,2.70201295483317,2541.0562213920684,39.28213049325929,0,-0.49552997721000624,-0.07304984044061635,0
714.0451842744798,0.16197117793049118,1,6.256541834247996,42812.85743189694,56.328945500164224,0,1.2519216534853441,-0.01945004595705191,0
656.2608140129329,0.45252387394737287,1,4.178198488893757,41162.308824366235,56.66729969169332,0,-1.0100314968576736,0.029840556106545346,1
618.3816813876516,0.29304667068890744,1,11.920156353830931,34240.27304393954,18.0,0,-1.2653154143024297,-0.9803300068198813,0
557.2463586880069,0.5833405692080275,0,7.354778499305708,35630.968991651825,52.405094707033555,0,-0.227749635718633,-0.07490477552386299,0
643.125538642271,0.5420874686021201,0,11.52169743944359,15905.147628561164,27.274676708889267,1,0.02569355701072174,0.7160168026895115,0
665.5434350436617,0.465343423844907,2,6.252805508247175,10903.6461126423,53.97995925644767,0,-1.1987096548662783,0.2651259866401148,1
720.0666209269865,0.07683805953443293,0,5.456751212171666,7048.573652792515,30.073035721117638,0,0.7181708052620851,-0.6423240588201287,0
640.7914025210218,0.4063104294566393,5,15.946343364854147,49420.654064457005,25.13496163539198,0,0.9481017592739004,0.8872197925537582,1
686.5932484976793,0.12021795387196514,2,1.142397905369881,24935.07445390415,44.81896924722411,2,0.5307246594748001,-0.602682660036564,0
572.8310389013018,0.22456391821536795,1,5.71080997334777,28137.292057041977,27.496028252012312,0,-0.5130492296847368,-0.708538306848715,0
587.389667533798,0.3916633040128669,1,0.17947393567976003,46652.12521171547,38.76004026603192,1,-0.021710803989530278,-0.7631409888723497,0
641.168856077849,0.5268459032774137,1,1.9393139126984904,10840.433269055657,35.814650298233374,0,0.6085423321038737,-0.9853452207105853,1
565.6297228811989,0.3210810679369038,1,16.86573776864552,5835.501553561673,44.71203412672614,1,0.10026805082308254,0.20604780619301954,0
715.6198269859744,0.31714829023395935,0,6.078004239549465,29292.528962513894,73.80126642759973,0,-0.6839430664499216,-0.8924614754825595,0
687.0504263454885,0.4741852200435065,1,1.1700472881155242,37824.10673425519,40.172190165118316,0,-0.08933393812913255,-0.5934095742186096,1
672.3276611513962,0.41048750597362643,1,2.3331450609302022,12931.267791984139,43.45837694127043,2,0.21938347566880917,0.924274863743443,0
677.1123300172756,0.3928522210739637,1,5.978801178725752,32680.55115034235,27.186551195016243,0,-0.80473000102979,0.558061111496297,0
811.6834849187837,0.5228212463571338,0,9.094951091940889,14132.091148146274,50.60071810775983,1,1.16465348279715,0.7073999205837924,1
612.4908649626564,0.2889649905817654,3,0.7700316997763791,11894.108106528356,18.0,0,0.4868706374371782,-0.5354979107187563,1
473.8846971599554,0.0848872961554766,3,3.519167990223889,4416.894979549088,41.095808336159266,1,2.664059209774996,-0.47786531516295905,0
665.9440157517172,0.4025714253341644,0,25.178512160193627,28524.649553792864,45.07764929807914,1,0.631212016401033,-0.4551795699872041,0
645.9517167230667,0.21619525793641586,1,0.07928473598710012,26458.575247877478,38.91855707789188,0,-0.67629954676395,0.8152065299559053,0
608.5984765991677,0.26368129914727606,1,0.49935002860294964,10454.82464222065,30.58661080568095,1,-0.917936842140265,0.13442106421389077,0
571.6936112512984,0.31413694329445935,1,3.1204425308633015,13284.382535756515,31.718673726710335,1,-0.21070010594896685,0.8460339309477534,0
614.8648382558282,0.21136522782435754,0,11.297492225515892,30819.61969591955,39.64074935471219,1,0.20647456272813852,-0.12366429618190522,0
664.5070743374257,0.32543368014257007,0,0.6667541447043874,18324.526823281853,43.41607675933198,3,-0.7190885636191028,-0.05101700781199914,0
609.774663948597,0.3900021142816074,0,13.189542234298903,43481.700140895286,47.05052493528503,1,-0.6760888886551119,-0.824875969991987,1
842.9962943634998,0.4055778608031996,3,4.102632656656996,8713.566573438828,31.773248183139458,0,0.2801203571943519,-0.29699603065275126,0
573.1596494693481,0.1437997313152034,1,1.5296890990284198,2511.9316068024095,38.59643966820029,2,0.5225558251251905,0.8028364367888887,0
586.5506109833863,0.08037152741734224,1,8.896337646463813,35246.224002369396,51.75651418838377,1,-0.3213758485143664,-0.8755245941256948,1
466.9103967988377,0.06440597800272806,1,2.1330633179613363,47894.58240215653,39.620930151843034,1,-0.8843684003614153,0.39758987737937534,1
670.1187532017229,0.31591904137046006,0,5.046962006567516,18021.538895664642,41.95300775391096,0,0.07980078797824829,0.6795545974436783,0
488.68746977601916,0.0658610904824978,2,2.784291564215028,45972.05318639031,29.54913352440959,1,0.9502129969762022,0.9044224363317839,0
606.8436293300399,0.34276840832675204,3,8.758852503654937,22346.160838710948,34.64969494830451,0,-0.8863868792728831,-0.7890518067522085,1
627.9463572351555,0.3735030132943447,2,0.8726794923264765,31760.273993476487,18.77363233769246,1,0.276024144765038,-0.7769986420971364,1
593.221762732249,0.7483214922329524,1,14.359426881047806,48494.20704478842,31.125094072784123,1,-0.9521665649583367,-0.4228020681781499,1
789.1098141963608,0.34473554343608365,1,1.5529072615943456,7697.309117975778,47.06748059352006,1,-0.1484107181047251,0.7374914764662075,0
729.5515513052399,0.2373312504560263,2,0.45966090450809793,3908.913376011487,49.167593442923,1,0.36176273712611756,-0.5516398604527597,0
755.5309501041261,0.6222125744348115,0,4.027300208713958,36111.65243442584,41.823009197343815,0,1.0007020761815058,-0.22713523219693754,0
579.4064945160065,0.4486434038582744,3,7.8655532995998065,10835.17242663205,32.01017911700988,1,-0.027333865433349144,0.364427020879305,1
740.2875251611655,0.4314870886099144,2,2.39061147146203,26044.01264732811,66.53544665143214,2,1.095553969703204,-0.3027162468621871,0
689.680075707517,0.38961594200709104,0,4.137506149869541,45371.57493201146,22.97127894778532,2,0.378769569320427,-0.45378515412759435,0
711.7124758941477,0.3303056542253495,0,5.111095630899269,34197.06879222265,43.6416407552135,1,0.8994201938463946,-0.6217177148073141,0
732.3551063026214,0.2653524728507257,1,0.4470588355976238,42122.7595588526,45.712110196436655,0,-0.0019256276635334622,-0.6711100171465552,0
577.2989403232757,0.27633709986360305,1,6.855019059656664,32614.725419472234,22.274010052937562,1,-0.42928099727633845,0.07767294278116399,1
616.0545903217679,0.2767944786849001,2,7.622079485828648,17162.247191853945,20.5467065943194,1,-0.5431478524783449,0.7804982255246025,0
719.007680906276,0.3585200612578289,3,5.309970898652976,6714.378025313205,30.496925573175005,1,0.10431322393688941,-0.9163985300951274,0
437.5504725620054,0.36244283407537525,1,5.794658622426754,12277.766764694476,62.5587106831088,0,0.22529542985781056,0.23543692497980384,1
771.0662466058563,0.190121494667611,1,3.1773566665635258,40176.57911601456,42.98116289528034,0,0.9318709987354858,0.8115428942469021,0
694.2505651366067,0.46970517527576533,3,1.499598387939943,19511.30749281011,49.078610178049345,1,-1.1230744215667874,0.6225628346233798,1
646.3436831471812,0.029810422081126386,3,10.129005720297577,9360.895715220937,45.85585044855356,3,-1.7370168717726175,0.251743467069629,0
667.6406124605738,0.11792866439330432,2,1.2908949839428954,7431.585077720937,24.339840250249303,1,-1.070321318157388,0.873038058320948,0
567.6051773352818,0.29970658699640346,1,0.40189004835159076,45546.4871110404,43.96567170576192,1,0.3932176859683662,-0.8438611598628312,1
622.0045308328716,0.09840625448777565,1,0.5095694240082748,29034.677369916,37.68610712430768,0,-0.876912527312878,0.484623229587013,0
738.0227470576299,0.15577844043048428,1,4.451513069424923,5299.076262299324,53.34817875994158,3,1.1143828313606192,0.9286495672614787,0
753.8417577860977,0.23102493535623878,0,0.15074183735363272,38159.19267335523,48.452576977484654,0,-0.020854492549434864,-0.7094987643956223,0
850.0,0.5658014380231186,0,0.6946913307534143,11436.851314312236,39.38006162581436,2,0.7849524277379044,0.6243455229329273,0
644.0860266975668,0.20002902844490703,3,0.5614677089674603,36735.45893725698,24.53602639588386,0,-1.614287988064304,-0.7621869987647234,0
597.3157626555997,0.14975803807775964,1,2.8757155844788236,40828.80757965316,57.118899248340654,0,1.2042774811051267,0.3325198763720847,0
608.8612827248008,0.24025418452085148,2,0.9155083819239367,32628.315082962046,40.74751041230534,1,-0.10552531426523386,-0.7912863956424754,1
568.5566499770108,0.44768756538760207,1,11.45088319449288,41291.69188862466,18.0,0,0.7167472023723497,0.10402485717198884,1
643.7716195247319,0.5306053951860839,2,0.5922372101656457,38903.27763070234,24.877486811527618,0,-0.28630944342083803,0.8892999603664249,1
680.6185944009815,0.30397417184761194,1,0.06822969767768196,20686.425198659246,42.51710985991258,1,-0.013168397124574268,-0.7771523990309135,0
647.2606175574437,0.3109397978314662,1,6.980012415319582,15869.009678944823,36.17636231134868,1,1.410942233881281,-0.3251356614236449,0
737.7077476532638,0.1574261557354394,0,4.463462436871571,31400.409844608497,38.96814117604862,1,-0.041481297220771825,0.06458926178361968,0
631.262735892437,0.1952036350852415,0,8.315084075084195,12956.368066307154,38.15256470083298,1,1.5484038664595412,0.26831089273415154,0
622.203947800115,0.2014127003184406,0,5.310565637563705,1522.5797309304364,44.4094915780911,2,-1.4247970973260902,0.7847115210216569,0
603.498521851174,0.8490193733050215,2,3.6746870515106043,14897.607203106574,48.787014879558086,4,2.465799148085895,-0.1968932136799033,1
519.3892379012404,0.2137284955191308,2,4.026712637002424,5518.11287069112,42.97628518489905,1,0.7678037884145172,0.3330888280109865,1
524.5785820553236,0.19777124090444265,0,4.948528878279841,42950.06157779094,55.94072818989352,1,0.16063316169865566,-0.41204486242003013,1
555.667365548985,0.39085618612383993,1,0.15095641804201843,34335.61669799219,37.044483614888364,2,-0.5795908608232991,0.9656061641112053,0
754.1142457331808,0.22393766559097403,2,0.3940938669973092,17293.61389526998,29.28096692481077,0,0.15361832199563358,0.8880741442947713,0
721.6208218311943,0.11311509128961418,0,1.7577804365770753,29835.820524805775,38.61657261324849,2,-0.8087027094038167,-0.5364209500809956,0
759.9971253114392,0.14799662251711876,1,2.1681052667919807,32002.634339637018,42.03580294368464,3,0.9389203151400728,0.5781157159928048,0
543.4230676324398,0.2268374663674589,2,8.23243244742346,18615.86095715172,56.41642617703765,0,-1.0484906178163191,-0.45222983645962445,1
492.5100248171184,0.2686547919415922,1,14.633826570649461,12608.26834091719,59.38949982969139,0,-0.5556998298549746,0.7896795147406748,1
597.1954943892733,0.1781842112310591,3,0.22260549529481308,49993.4141119375,46.98253615216176,0,0.20796223784070675,0.41125221000197265,0
664.0655162636822,0.2247562565026445,1,7.355822490755262,47576.36808762419,50.38737974900276,1,-0.4855313308902258,-0.7197391158047599,0
689.8952219927862,0.38223880222019446,1,8.031405060291183,19399.974200201614,50.99798656384565,0,-0.7018955009778006,0.7677743192581894,0
733.8377724774442,0.18842789266734553,2,1.194057567752916,13106.020922346039,35.59356021664891,2,-1.3786731321860528,-0.5412187024371558,0
672.7423736645771,0.36499633671423054,0,21.966902881481182,16692.53153972212,71.4853396438817,1,0.43998648368628474,-0.9851078380486866,0
789.4135024524505,0.0604562531628302,0,0.7326327927118309,3316.7221777919876,18.0,3,0.2811279795875231,-0.4524249949100716,0
632.1915455241343,0.13318793880779553,0,9.053676211751302,14468.301279081687,33.08309164035923,0,0.985893219397309,-0.5854231512088066,0
576.9536625566564,0.1894200517898708,2,1.4298658846406522,15280.857573293808,32.70352525246969,1,-1.13887157760357,0.7667107436838732,0
515.5025427604453,0.3913865250754864,1,4.005858318945598,8493.214929879134,46.0271904086721,1,-0.6375603524115364,-0.9071761047992979,0
578.8822913523641,0.23748083314260812,1,2.4807849067145433,3859.9656456424,47.66405885504793,2,-0.8409062731555002,0.960698384766159,0
669.3694368788099,0.17283714594217933,2,3.62220548983602,33361.1203992025,51.739194061957974,0,0.48404506030866556,0.2467011307322191,0
578.9023794117095,0.38398473534099414,2,18.884786939758623,10854.436896975545,38.73314023248453,0,0.42031807411283045,0.43052231704504007,0
724.9393970828206,0.371399170394163,2,3.5677630212659883,49092.58775973332,42.304857259022405,1,-0.8391882082627322,0.933628047530844,0
762.9862164829955,0.37366836353161004,2,3.778749761701057,30856.339945147745,18.0,0,-1.2287258929567657,0.040287882309773204,0
460.43304758187173,0.10686479968642584,3,4.534278670649624,21141.813469273515,32.15732384334744,2,0.8389457333470018,-0.33506694304769735,1
719.1241840398118,0.18960884015928212,1,8.312431451207292,28123.02008842216,45.008545303322286,2,-0.07207372758255653,-0.799080898012428,0
470.83167530706106,0.5040222187732791,4,15.044577864886241,17089.70033414622,28.648365645498178,1,-0.47898485558475745,0.8044488012065343,1
682.119924407223,0.18243020166064253,2,6.00495166159643,40722.20996659237,58.20012173415752,0,-1.2756811089813844,-0.3561549279345988,0
747.9896451354928,0.09583298439461052,2,16.02408755334231,1175.96094441996,51.231764353088984,1,-2.278969056988284,-0.0726836464788303,0
655.1884885074861,0.5528272545316056,1,2.3224593085745004,29311.554974524268,45.4950903587116,0,0.6767076178648402,0.9294613912410346,1
547.6248661436608,0.04623276203444688,1,1.194563891759734,42966.06056931184,40.171143884788464,0,0.3738564185186658,0.4857989753495193,0
603.1655036577782,0.6403825457945791,1,11.726167726838078,46455.37899576485,18.0,5,0.032327652071276296,-0.8569985304101109,0
629.068364343128,0.1772645241530317,0,6.528856216070604,33440.97663983643,18.0,0,0.9540798183306034,-0.9820669992813318,0
635.4204172968045,0.3181088499453832,3,6.077426996647166,34939.47929769269,19.457395689138952,1,-1.074957850860108,0.30149465262630915,1
633.7682527386667,0.2542828782585359,5,6.156165057690163,36752.94932143025,32.915847029180114,2,1.3816687414714843,0.7106435096770949,0
641.2093776552549,0.2679921182148656,1,3.374770080119241,8198.970679961229,52.07390112610841,4,-0.27753319489737255,0.24842249722824805,1
667.0784039128135,0.30345421729565464,3,0.9333250451307795,29060.702674325945,59.849559213114944,1,1.889470591149679,-0.791069136401924,1
553.3141077013423,0.5489742728362725,0,10.797448393769553,41989.07466608088,44.13936151773462,0,-1.3204776555984286,-0.3401494730354371,0
630.6384136103825,0.2875478212122137,3,8.657858906048673,36105.10649075649,60.07913146827228,0,0.006428841241825999,-0.07045733926826947,1
771.4608936284565,0.5123449488021706,0,3.002616497731523,5081.9742329033215,30.74501891977262,1,0.9504505324545762,0.6349454789101594,0
619.2283661485985,0.26005555250166823,1,8.789036236013821,28876.40107563255,39.652998647165255,3,0.8485074561879435,-0.1064802381811969,0
614.4931125475841,0.08686076695728774,1,18.5445684786877,3525.4542843030913,35.46069432582789,1,1.74937518605964,-0.3840409062841177,0
736.255784297139,0.26222389515203537,0,0.7046608131653604,10935.982422987832,25.454228835272794,1,-1.1623036173948904,-0.33638179956540415,0
445.2652266924723,0.3588803815315527,3,6.325296450653422,43696.65943329903,34.485934073268986,1,-0.12696861551509184,-0.16925397594460168,1
744.5102881030629,0.1277884380485947,2,11.110896527128475,38208.42339553692,40.466753793278194,1,-0.39002428108087195,0.3774899143910313,0
599.4476993595866,0.11478427097723569,0,8.906357122610405,4095.886055250416,28.56814679166811,2,-0.9031901578320781,-0.203658410068277,0
663.1142857962069,0.18083654374854458,4,7.126112893952147,27276.15902203123,37.98969509668156,1,0.7170630626482885,-0.43001006458144286,0
657.7057084736957,0.057802869614674963,1,0.4230124401747136,38506.97948253761,44.39026359569841,0,0.7761658085025356,0.3698777664988542,0
725.3974495376315,0.23790947219846276,2,2.959778938647988,44828.53573655965,55.34042270841847,2,0.0650023114522287,-0.30437194664743816,0
628.5924203011722,0.08616944085965993,0,0.4561570888157458,3613.897308683849,42.15411595592024,0,-0.4568784516856823,-0.5649441910688939,0
595.757937474844,0.08954308965811253,1,3.7021084904455472,25351.774493082128,48.759245120530885,2,-0.0887131123829806,-0.016164431274148905,0
753.8276632520879,0.1630113589774843,2,0.07973634045467984,36524.264622600305,29.23905087119917,1,0.16051015726925502,-0.001313530872528057,0
460.8660946287056,0.22893926024499897,2,4.752432215762988,46931.45874204468,44.52932837107808,3,-1.5350458132234082,-0.6123011869713619,1
651.6267345364195,0.1637049835938035,3,0.31828471670524855,48323.65307628777,46.121392019816014,0,-0.020822823208934717,0.8260047553765684,1
542.1659661896704,0.15361929190966675,1,1.0997082506805824,39025.65203921896,61.96489104717138,1,-0.8151715901467542,-0.8474040513042298,0
589.0741289394753,0.17295873950918686,2,0.16233010936820558,41395.99240219895,33.3986888737089,1,1.6759539402912405,-0.4297059037711757,1
810.900534517051,0.4312988812307002,2,3.6588872745015215,37831.69853349936,37.495300895615294,0,0.7267108977792797,-0.9190353394011319,0
646.4323658835315,0.16902016670244036,2,0.3816570977630302,35104.21925008995,28.894676875258323,0,1.4287604208150122,0.5902804902300292,0
665.6055757721105,0.5143484499783189,3,7.137174103862457,26316.417996089676,25.68407680533976,0,-0.07842366630698848,0.2754734533933483,1
507.47497154355267,0.2038901383246037,2,0.7863384550014517,18546.00330141242,38.37130395033478,2,1.594925321655202,0.5579192913630557,0
591.6764272964243,0.5980266287049102,6,5.227406497678984,32791.35883277598,45.0417998056558,2,0.3791508534327028,-0.25726032868377624,1
665.7245920583028,0.10263012380201582,0,3.5058551366780493,4824.444264828709,29.20368136886542,1,0.33731663242885407,0.4811100365506915,0
678.3806154490575,0.2325504216026119,1,6.675751379728637,42433.89632613277,28.552883001326634,2,0.23688946987517379,0.7050488097436234,0
699.3509243514623,0.31194315285194835,1,4.563004925285149,23181.99011493146,58.131994225847194,2,1.1533678476335398,0.9987800249155165,0
650.6902319134061,0.3537950902667928,2,5.3724573647921545,39619.17152195127,42.78244027654597,0,0.38173147136478913,0.4228775621066172,0
692.1603366763728,0.45141268939561924,0,0.2640570405503987,3113.431082754506,44.41164656465655,0,1.2521167552841688,-0.1355733319473711,0
686.3025530108547,0.542651314324962,1,2.1897161552535143,1049.960164635304,47.10170683566089,0,-0.8340243314432236,-0.61181913233934,0
503.6207671196375,0.36749432031341966,1,8.053302806303162,34823.27861990242,68.9453191759215,3,-0.6784295832292453,-0.5121533306664192,1
652.960457752812,0.5004302391274144,2,16.036090104282408,45188.178475092456,25.219424606660514,2,-0.7084386984278386,0.3099087055722385,0
711.4321926186163,0.29849791436423784,0,1.2405314654997488,28709.87634802426,57.854499238453954,0,1.7287186279518587,-0.29698610795956637,0
697.1903856587616,0.41097158519529414,1,6.965922057229639,3176.740037502828,34.62452298025882,3,0.5554547523789898,0.2499611025931301,0
620.8912952023368,0.28724338195451216,2,2.1837658314343735,46787.77674717503,35.44902174343577,0,0.5451443452391047,-0.9319661165735118,0
585.5498793968505,0.17210605063949766,3,0.1994736226187241,10257.347012469476,18.0,1,2.001134924127514,-0.5091862385924368,1
560.5350460542694,0.31382703833328285,4,3.677106958914055,49998.44260181477,51.835672761668384,0,-0.294778479281687,-0.553558138221877,1
639.515679076687,0.07502789792827395,1,8.763236121483605,18610.42457531941,18.272989082290877,1,0.18206353692477745,-0.8479127968325517,0
740.6463903647777,0.21643635150580712,0,4.882783776762224,39958.316966114435,32.70508683150188,1,-1.3486066556853413,0.6728786803580504,0
493.85567188147184,0.39275553337168434,1,4.588813124810878,25375.699567113956,45.57707692018593,0,-0.5350579977091703,0.7791442754172018,1
597.2086616216402,0.4029329088668217,1,2.4938045582659707,14248.123852345092,55.02039057402493,1,0.15031227846465176,-0.6374622246007173,1
558.8158035658581,0.4392284651672123,3,3.2283128820171205,28766.83810072092,32.865585579717774,2,0.3240364620734073,0.5637018422781641,1
712.79660169924,0.3802644965394648,0,0.0993389281791872,47422.96433831007,29.88363184877733,2,-0.15198657474360622,0.1868681327877988,0
605.655229874296,0.2960030949949337,2,1.990451429604462,23556.993648416224,36.832386917110746,2,0.41178646080254167,-0.6305488005448383,1
612.3489873476167,0.07330535611824499,4,6.165953614427737,20122.58583357787,45.614287222381726,1,-0.36199554567745257,-0.24182688218049497,0
632.644034405068,0.1661308503691794,0,12.340151828819526,32115.752051094383,44.30587581071944,2,-0.24292554850455916,0.8951072001520752,0
685.6314600715838,0.3060985299614038,0,6.958929005069249,36488.769308124894,48.3417979455923,1,0.4160418182485025,-0.972377042264202,1
618.608880148029,0.09979067124250679,0,2.8796347394478867,7307.952369692037,57.149337083076844,2,0.10971252155999754,-0.05899327244716668,0
406.30855561600583,0.34970576401087106,1,3.987397780520674,5529.520464090385,22.74023232451362,1,1.213225470788402,0.5663761440885176,1
693.4649513110015,0.5048408777451081,2,1.8816910117192283,18699.585727700407,45.81393854593494,1,0.4454953215919927,0.25835137940575525,0
685.1234366137634,0.3221233397466532,0,5.756781718374842,18688.558095874454,33.08296853142956,0,-0.07561055550125569,-0.27243235452555115,0
632.436717733503,0.2247356473875188,0,1.2323275582034041,14311.96865792445,25.16215020423443,1,-0.46173462304771146,-0.956089690907344,0
563.2770703462452,0.03913160080741869,1,6.137814309286185,19344.834651927657,41.68270844399947,2,-1.2698898328498964,0.7951629964094102,0
678.1424088545086,0.1528187226199175,3,2.8403101090422616,31341.54446729598,34.6718984268375,2,0.46366591445620675,0.005713272645663681,1
680.3388426828469,0.49660556618860574,3,1.8936685145613095,27781.099470899662,42.86813901983221,1,-0.05989666171829051,-0.4007413289830162,1
612.39736938393,0.36364312186668113,2,1.2541908667594457,47186.109002066674,42.5548409796699,0,-1.803831190232048,-0.902730459602008,0
632.6614823539569,0.4131327627250999,0,4.174688410049425,4510.25459651471,31.058892313726737,0,1.1329711380544019,0.9864301976037257,0
575.5874797980543,0.21563734819040822,1,1.7718342317517273,9544.299501324665,27.08480319974454,0,0.8940127810400642,0.633752471173509,0
635.7128726330137,0.16296476775116367,1,1.7042196395996598,15982.919583283056,54.934022734386716,0,1.355802162795802,-0.6622894503247676,0
525.9656523933215,0.29585809850948597,2,5.979375430505439,24623.591992758582,39.45118729176095,1,1.5190981392772154,0.771467310222046,0
683.3855056825469,0.1530167834874033,3,5.235200991548922,16456.76263569734,20.236537220920837,1,-0.4400679667061611,-0.8784874135746255,0
574.4505207340565,0.16458189983537458,1,11.937447462813358,45513.233420844146,55.38981122664311,0,0.022644179054943838,0.6411623950685486,0
669.048251826585,0.2531084106610473,0,11.971642907671411,34029.63819688053,29.82079133449119,3,1.493482826639214,-0.4922073427535467,0
537.5229666985681,0.3367856993519497,0,6.883720073418384,36284.39209161117,45.65120930499894,0,-1.6977238756363748,0.9937508185853074,1
602.7953883304368,0.3284278493111214,1,0.13973982909875673,33840.594413656945,37.597172180461044,0,-1.253838330156596,-0.9124018279328685,1
641.1608475947257,0.1507756731967544,1,2.8210422075040116,25086.514455664223,24.85919854225292,0,-0.8933279101386918,-0.6987877201359594,0
517.144015050459,0.41248457324369875,2,18.062776415416476,11195.793616234721,38.59761598859531,1,-0.5346577160301369,0.5601836301086105,1
659.2118298512074,0.24393284286962882,0,7.622443173712883,46380.80338411858,32.86674194063488,1,1.1295972085352073,-0.9552264508355637,0
619.6681949696061,0.45987681430089544,0,0.4267029196090569,13730.735581403898,18.0,0,-0.18879409175311182,-0.7328097779636114,0
510.61150417526153,0.6581256230386333,2,0.3926763350465513,11937.43463654364,41.85822505133963,0,0.8253863737156554,-0.533237072270913,1
545.7405796710148,0.14413633145679097,3,11.264090822058444,8580.658508780107,18.0,1,0.6065105776144537,-0.5458976877189039,1
698.4096067265733,0.07490114363344064,1,7.795368493279685,3180.3057643274265,38.76257094567241,1,1.1173197016549838,-0.2175528425526303,0
721.644478844106,0.27994843277373893,0,9.761573813091966,30631.102042339237,51.54068770968306,1,1.7598836598767262,0.5595980313365203,0
639.4473088176027,0.21957370643095617,0,1.0092049054556798,14330.790048372934,18.0,3,-0.5758530299308082,-0.6216549747664284,0
682.3809449632398,0.23988715635046878,1,0.06549275601379548,43752.144879823354,29.145477136079613,0,-2.7493488765372236,-0.3490168530945901,1
667.9074850650328,0.19377188456730177,0,0.8319824301221096,3735.33821080598,56.234574229810306,0,-1.578673695966279,-0.1029432964030057,0
676.369838570219,0.325783243342939,1,5.237966776292549,46940.35382615354,42.43890188338556,2,0.3736861636064854,-0.3016241946409113,0
752.8787205664235,0.4609332489827879,0,0.04487660793213838,24284.66910618411,43.22048748185546,0,-1.5585927606776928,0.29559871754934886,0
529.4401281428583,0.22883351431281126,3,2.763001883838026,46307.51428546523,43.07950248083073,0,1.7922142462386104,0.9742176108196063,1
704.1168585889299,0.2948627282301034,3,0.06068175396791915,21774.83678609583,45.2677890032101,1,0.41995493697727193,-0.953380350584196,0
619.4392835537744,0.21505785217758325,1,1.1808692216012844,43927.68011835481,47.285415395633535,0,1.7367465900578545,0.8089627876537813,0
632.0592852598688,0.4110345206514457,0,1.3779505901676723,34272.56025748653,41.3002076395941,1,-0.5667632189789918,0.377428047784522,0
625.8200215635944,0.30344653945221844,0,0.5558158491338693,24187.108402863727,36.86345938046941,3,-1.4810906736260412,-0.9190723828060561,0
619.9882306670972,0.2834630911111956,3,6.090643148016145,22921.31616424202,30.89674964628575,1,-0.04899615251828587,-0.20266295990411165,0
551.9043046573585,0.19576735847922255,1,8.216485252810294,20314.313012318482,37.470647255395974,0,-1.2749939901447644,0.8422067414620298,0
664.6671359406081,0.20833864464285073,4,5.35174950761238,9961.545951680644,30.55542614601156,0,0.9820392775463666,0.808822720738656,0
783.6754426231086,0.2295321117492395,2,9.063046457497109,38498.94379588099,47.32748294915403,1,-0.650720244416608,-0.8112477610326996,0
645.5093583640994,0.4617251315940619,2,2.4714087924736203,43992.39792111118,42.58272166045166,1,0.10734484820331872,0.03024026690291981,1
649.8891965811923,0.1357009305294999,1,5.973072667543749,24484.571699202665,24.892233363829956,0,-0.1419573465879033,-0.14205983095542907,1
595.016077027467,0.4483532059888469,0,4.440693554479552,22083.12826893985,30.816055077254184,0,1.6852824189571336,0.8439044583078752,0
640.6020362865511,0.7530923589554956,0,6.380832407134972,37993.95379837188,36.315570042908206,1,0.21042797501054583,-0.19830005880738621,0
687.2933140827224,0.16932155363581913,3,6.344244909853637,5483.82177031902,19.949850715060535,2,-0.21088772297809927,0.6343541493073492,0
620.3806047436526,0.09152974542718322,3,9.365010419599471,18241.682337256312,39.46318352994713,0,1.9400411845806875,-0.29657556307512967,0
613.6956767158399,0.162915081057776,1,1.744140618698614,43164.98293938198,45.960837540703544,1,0.44761035371936014,0.32279805505299364,1
682.2611632130597,0.2023547121517146,4,3.5680144658000796,38772.46730209828,53.933222359615016,0,-1.2365344736419774,0.7623075900614591,1
576.5596184144764,0.4215621521573374,1,0.44894101536982234,48559.913384907995,37.33194412221262,0,-0.7413657991522602,-0.11742926022414357,1
670.1997301661498,0.29011158099910117,1,1.8014070562821773,6554.2869464005,30.497467448522784,2,-0.5520359046320794,0.12301359249521249,0
715.6257437809137,0.28332061124803287,0,3.608227664599717,47950.060181305606,31.472437992159357,0,1.8363810689935078,-0.8999644053513487,0
758.7958833343588,0.230486627497337,0,1.6746930799307347,29947.58052582296,23.84348891990934,1,-0.5727940303566341,0.5500341771888329,0
642.7694394178443,0.11499443582342186,1,0.09327627611501926,6714.741810640195,56.80167309001488,0,0.14222217244644028,0.9923753589015245,0
759.407779184537,0.1230197623191349,0,17.03825383513199,2969.9341428811294,45.002683781837575,2,-1.3751686322983843,0.9600950743065373,0
732.7527909185214,0.6267063130016145,0,10.68104713489741,12440.548186158216,33.916604627831994,0,-0.6846928334681779,0.3114883563471824,0
570.3029887703148,0.11778556712027488,1,2.0576900495495813,44134.680653164236,38.04736205739018,1,0.22816782469917837,-0.10456253654988656,1
552.5649190725479,0.26511318416195323,1,0.4823092134600729,6310.9105585401,26.107420627999886,0,0.684761417888811,-0.8934748848331211,0
625.6029089716463,0.25829868662492406,2,2.5686626595430244,10604.556427166539,39.47030946133302,2,0.9027582301224117,0.2775752064967376,1
732.3148394075884,0.36615326870402193,0,0.4659589607962769,15438.668737812237,33.52005830601019,1,-2.709901690215226,0.818290513302989,0
644.2170393951997,0.34525891540329456,2,1.9881384292495947,40911.852082680765,41.7169781590032,2,0.3430390682383282,-0.20005876400108047,1
601.9473953873769,0.1986492571780531,2,6.916219817235357,45445.95377315026,34.7917283421872,1,0.6878403792413587,-0.14993632643557198,0
774.1794544038848,0.7026743831671839,1,1.7228665253770317,22379.615172495047,28.24480023012368,6,-0.2817300198395838,0.7094137782085892,0
672.9523590402678,0.2360779980905925,2,5.522104265490545,4952.4183356416725,37.10256339093644,0,1.009349675567322,0.18712019497331545,0
464.3524579367407,0.1336490377897067,0,6.059124043220454,46215.19066423415,48.36488686567782,0,1.4183713296227687,-0.29346693068965335,1
675.3728501034151,0.13599395008082965,1,0.7786041415583562,13038.381313497066,45.113867298232016,2,0.8736485549515802,0.02797885791515875,0
691.6032491656695,0.3704868389468405,1,1.7521910953096267,4462.768959660152,54.2316287699756,3,0.6085477901583113,-0.20539869502362174,0
668.0486923576883,0.38488873923680966,0,1.9209396436285544,32815.65899484239,46.93942133356557,0,0.4464370967213021,0.6007800534157173,0
685.9769680185594,0.2743313744117156,0,1.1808287818663328,20932.346830195806,44.217821619335155,3,1.527617270168842,-0.029921469373554332,1
644.6179512861614,0.1831657431089487,0,0.5018616556780244,14175.432061408163,33.72252589997465,0,0.6160017249380865,0.8461173311178587,0
544.5283304284212,0.27102676264330006,1,3.08425310682039,2823.7278094228905,50.757815811450214,0,-0.4307543644067527,0.06261141929944403,0
620.3436797423637,0.5006262774807034,0,8.694722354797506,2851.245061536135,54.4295744122026,0,1.1183447390673396,-0.44671449532433694,1
574.3507363554967,0.3114073532097782,1,5.315722463868301,22079.894720407043,28.53676498745676,1,-1.3659538826518016,0.37595374446689345,0
575.3807271364498,0.5134825762688259,2,3.1956632915556673,20407.156937170093,40.567167833317505,2,0.14924942744048042,0.5500618522724332,1
548.954532071818,0.270532166084212,1,5.762319253165355,9503.030510979403,41.80988818023921,2,0.033233524400608,0.018914593971073757,1
686.1991274111717,0.49294657098751216,2,5.679068132144875,49717.66653209398,31.304496666013144,1,0.2953537773188068,-0.49768090910182883,0
657.8316916330102,0.10452138984628424,5,4.326679706929173,19973.28582786111,40.695893999626044,1,1.2102905553647925,-0.7160830671003373,0
614.1467709855433,0.13400304633461782,4,1.3330236891091964,6414.261623445258,37.36098117712062,1,-0.2902923894112508,-0.3107195187098186,1
598.0529657815689,0.3598601712132798,1,1.4118047365257507,28409.44185287476,35.13942122455507,2,0.18138498727472915,0.7352823568979434,0
648.1261515982839,0.1387792306737869,1,0.480204464202615,28157.271157714113,21.05970916473204,0,-1.1088246962416928,-0.25225965786720383,1
736.3355782489991,0.8266494020762696,1,5.760879385479299,15807.505787194632,37.918609763087254,3,1.6346680155291382,-0.9183326105223286,0
489.66274276008676,0.34566127638182553,1,18.582136149145004,46304.89790664581,33.696491154805734,0,-1.2103181870394824,0.5076949054382986,1
680.1501216680714,0.30843237185427574,1,1.2084908173970896,44651.601115860336,27.922737056991544,2,1.4946092522931502,0.8725404851193364,0
606.3430420785774,0.38417339601571837,2,0.7195598969041159,25436.25295457456,40.70760466753729,1,0.31050803531969673,-0.3401890080853318,1
499.2331324016442,0.1287974601326902,1,1.3747117105612103,38551.73553216543,30.032164334280004,1,0.5155760846359132,-0.3778868061465479,0
494.3437533468833,0.5370177493035206,0,0.8269127869510635,10528.448352032467,27.459580231199688,1,-0.9548932254495203,0.7573608657326807,1
576.9773204691767,0.1590367880572635,2,13.241577706700827,21742.701311935314,40.6207690746108,0,0.3450186732648291,-0.8603595551600418,0
667.5607644634437,0.15320749473133052,1,1.9323396607243764,31378.51886053396,29.17961924708759,2,0.3368500490759401,-0.21508556274302038,0
681.4450347184073,0.17499010535561677,3,1.9148299556206054,34915.43253110397,47.51555066492691,0,-3.0750238021204885,0.07655601007181612,1
574.8814741857772,0.2271305240122164,2,2.52879343473203,25671.487512388485,44.296224469603274,1,-0.7750415466297509,0.4016548692921331,1
731.3616793130595,0.26491098670199864,1,10.983968034106159,6588.665008261291,46.29465847264858,1,-0.19960758119701974,0.27928906989688773,0
763.8386797212885,0.17240520851667215,4,23.880981055610523,1055.3225311648664,18.0,1,0.9813645594621262,0.4431258807269802,0
681.6869267965249,0.14463359382301982,2,4.799875929966072,13535.827242261375,57.01105511175545,0,-0.049418845515138914,0.2379413216925388,0
602.6877865753511,0.2591557911103271,0,7.35390534983534,41085.01780281583,46.98624030557587,0,-0.6583152695165337,-0.308688330420561,0
739.9535347608295,0.24521835897287678,3,0.1623412228433767,6991.496482362804,31.16314861527099,2,-1.9170547594471052,0.46313376687382646,0
710.4316556530671,0.5573918313248369,2,8.152287123841122,32818.64998917633,56.177201240162404,1,0.17184455824083744,-0.5948432086459483,0
719.3925929083935,0.5706320059894837,1,1.3169057659376255,39191.005043214274,27.386676405519587,1,-0.02721632588755813,0.4753010565516602,1
597.4829060022774,0.11444158300407783,1,1.8938486543926871,14339.327722764778,42.336267080850114,4,0.8951080408549185,0.9837186575413648,0
423.2356395780238,0.15555791576998437,2,7.979937697269652,39845.94963559634,29.959094966051428,1,1.1962980788225677,0.23589132092461318,1
819.343281718694,0.2109166969966942,2,0.13507838904513478,47169.38646548437,53.3484698409916,0,-1.133482136562764,-0.8855870351416213,0
521.1297277240053,0.28654225165819036,0,4.880950443714321,18873.708843733326,40.28254436819147,3,2.3118007548009425,-0.6404253686399539,0
647.1385542511823,0.3646946048828504,1,1.7049801262870237,22362.474794324986,36.724265788610346,3,-0.01485843765171193,-0.5623358318738556,0
840.45962809758,0.6201547049033099,1,12.157468241636199,18146.96561643765,44.83344595795384,3,0.6496997840898534,0.48949776715516435,0
676.4461405019499,0.11708943424635762,0,1.8516437433410207,41836.6627859154,58.004474240750554,1,-0.9089836940507204,0.982586361946117,0
725.9397178846589,0.3824203098779423,1,1.163186905938431,38481.346949220446,38.67794368523114,2,-0.39001248092394447,-0.19081917046650876,0
529.8082744494629,0.24602357819413614,1,2.257797598306145,8127.515910427045,22.66845072815528,0,0.18318304202534233,-0.8400445779787189,0
507.7866436213035,0.39963336113260456,3,4.1898041337036975,9658.049607812285,45.41967037539166,4,0.04221589928425207,0.9193300367180319,1
607.3837766416357,0.11189585872572555,2,5.0542005874827876,24242.23530461431,20.065752641667405,1,-0.03900097699152465,-0.15949936040765467,1
737.25997875476,0.25046850506437796,0,0.5540566389659018,17375.387840820982,45.68856498747954,1,-0.18778664516638216,0.42486622727369894,0
622.3000441882152,0.1373723491820589,0,7.181145262971417,18385.387941934052,18.0,0,-0.8779014598923531,0.40547042194063465,0
586.4290943142801,0.06386026306282867,2,3.0304520348444597,10680.031370274592,37.11011061527843,0,0.9812031770180993,0.4476929386186854,0
665.8373831955973,0.2823554319877943,3,0.8950315280437983,22852.31638625704,28.993931943833473,0,0.46101466241001654,-0.42562538897437063,1
736.5548174781812,0.2707788294044128,5,3.60338245445756,41377.978874903696,27.029607324904617,2,-0.027599377837524936,-0.49754811564950585,0
534.4047840741302,0.1446485517685195,3,3.9477581949593716,24002.089802252784,38.57565799533131,3,-0.5019094697081804,-0.8090901521253744,1
553.1565604701318,0.4977724140107292,3,5.378422673231724,17646.248605898272,49.146278836828465,1,-0.6651693961857735,0.7736119087679814,1
586.9064596392507,0.4474016724789064,3,4.759071662741824,3279.0196608988854,47.006405361818445,2,-0.18167981019620563,-0.174456454815745,1
737.5710699769674,0.16715782362280648,1,3.06703578862198,12691.8856067838,38.426219067596904,0,0.05617830757705332,-0.24330538992634976,0
668.7857220758985,0.28074644500465873,2,1.5201586544280075,37173.232304638346,53.024197980108525,0,0.5137427414744395,0.8420275056141158,1
820.5722728456356,0.46145104548732535,1,1.564808627769494,4166.426661205366,46.33024497549986,0,-0.48027302168619557,0.3486966599132135,0
724.9156580664893,0.3572571073689401,0,0.6914812183676466,19705.329500756958,54.08953627678744,2,0.5102922668815432,-0.6385818246967294,1
647.1923858504264,0.0900392011158375,0,10.691464382832967,42372.90701289389,47.321063515562564,1,0.49048951459531037,-0.27528243103744243,0
751.2062270471013,0.4269895963070556,0,9.543662921476288,30392.471132396968,44.22002001876578,2,0.487929287771338,0.10814303863688668,0
666.9197610185503,0.3547955263056004,1,3.487206778187007,14306.644471985825,36.30938501296543,2,-0.7605556945128572,0.7609780242671054,0
593.6062917994044,0.10804001260272512,0,1.027609088189533,18065.07770414289,36.73721410319979,0,-0.8071500963167895,-0.9147921975010533,0
704.3979875396082,0.043629888625972474,2,6.005284096645886,45324.65024185146,59.86266161536147,1,1.6384005754695108,-0.7086963938043032,0
594.2938676911134,0.19474623558968795,3,0.48823698147244327,22158.294711536924,31.471823530373747,0,-1.137692537852664,0.44439688471183847,1
626.7682319356907,0.35335761481276795,3,15.882661107285259,40661.16015344038,43.3454292354871,0,0.6952522190558095,0.535756662864971,0
756.2226156766386,0.1716624096126501,1,0.1524278954371685,20480.070845392464,41.1653749465336,1,-0.3347817145747819,0.48082733243906794,0
641.897481102608,0.34747528209241496,1,9.207425979156106,40647.35893421929,45.364862441014644,1,-0.6691863974455747,0.8017146149808592,0
585.7486890126697,0.3854657224224172,2,2.6913714994434867,2499.6076939598925,39.66405499424157,1,0.040122605831929004,-0.407445933143999,0
612.8529846851607,0.14292376199792087,4,5.61342188250229,40749.507906087136,19.44865148732478,0,-0.664778899407808,-0.8524963685567408,1
731.7432468470938,0.5086959663309336,2,5.639149514145828,22892.728219556815,30.964298658236736,0,-0.920208425967178,0.33723158457303426,1
605.7967461266617,0.20665488599488754,2,18.979373269646878,27456.327696410364,28.996572886579724,3,-1.071691145345398,-0.5403191560758396,1
619.0503322519482,0.2406105902188989,0,0.8231591833232997,13907.596259610094,43.042010510516796,0,-3.329352535880996,0.11757327545214102,0
609.1765808293097,0.44186040518587233,0,3.013731927863331,20820.321981967598,52.51230007505231,5,-0.18684568355630748,0.0886384386046899,0
664.7140395472248,0.12512629534663208,1,6.389838605689243,7252.5103280529465,39.67908181487576,0,0.4362504130114544,-0.9540385592282987,0
619.1608191699513,0.32857486100515776,1,0.8698960836642953,38292.58622663328,25.219510346932573,4,0.918708388371981,-0.8022249472770884,1
521.8531160821971,0.5410756550664264,2,14.110312834860597,16472.525788072417,18.0,1,-1.0608924477606536,-0.6074414253162985,1
579.0255246523968,0.06073411599820849,2,0.7340322526505482,38807.686947076734,29.981105943565908,0,2.6633611811320437,-0.33522631725087115,0
575.3768766794849,0.47192893424699206,2,12.947716562453781,25863.428290684835,47.38332046677911,2,-0.6845924509123767,0.48392840703618534,0
749.4655507564124,0.29602516323232647,1,3.5689932077718396,18043.37042688816,36.23940789474872,0,-1.4959840688437063,0.6209090214990289,0
715.0139233687235,0.471274321127157,3,3.542577571246443,20687.59349961208,50.50243098946706,0,-0.5720759322647077,-0.3338680638662017,1
696.9807503519861,0.3021212314133988,1,12.963921785285248,36514.805478229,59.09981295533603,0,0.10029260940561184,0.20616697806326623,0
609.5713346188472,0.19253520219990342,3,0.052429346226104415,22445.997800747493,25.600978238736023,1,-0.7699818623747062,-0.9685930983183744,0
584.7366766404823,0.2698046894392423,1,2.544103448814834,25340.137819116855,37.86321707538431,1,0.22819188169631033,-0.9475236057391461,1
609.3985918674115,0.18116403028841163,3,0.6379353635454128,17459.421955013408,35.83191337523834,0,0.8253214614154203,-0.7474188368391204,0
565.8495917958661,0.20683810917174325,2,7.567947358029645,28591.87485216888,60.079127277672455,2,-0.7119369358477807,0.6318615625628599,1
849.7760313269606,0.24950656452322348,1,1.056941743457779,20117.36116891286,49.261854363207846,2,1.3030925221146783,-0.9186747988513089,0
470.3742681302879,0.08088160119889629,5,2.510863062508129,31790.22929340155,50.039574431399195,1,-1.1493378959980052,-0.33099140194044785,1
695.1206828059047,0.3606749143170157,2,0.17289495831592833,8961.070149041238,64.18713789592324,1,-1.4857066600222848,-0.06693574717603656,0
547.2358161605978,0.070375489109267,0,2.287712897975883,25778.28734437967,40.43009472953414,2,1.757732248727382,-0.5280840296254738,0
641.6525206804246,0.23217889809422726,0,0.9859209438002259,28132.90348220402,45.37383013369893,0,-0.49844793493209905,0.09290285821462829,0
570.9598446005012,0.29484810651975696,2,18.278304697668073,49189.0120104397,52.42771538787085,1,1.22520245496434,0.5547340016240039,1
555.7896830013896,0.27307431991155556,1,2.060624382631959,42143.854174259846,39.57605654174428,1,0.32060887889538353,-0.5025363831193235,1
558.7842959252031,0.031924282359317976,0,0.22843034470188517,30059.669424147705,43.9773149168929,1,-1.5493465587519255,0.7859807991606,0
790.3988922993647,0.10263193456592488,2,0.8310705905087317,1409.026814452883,18.0,1,-1.6638662472278416,0.12355428185970574,0
639.3609262152327,0.21851726482823902,1,0.07111558855628675,25128.695552114852,51.82090467886819,0,1.5986183859896248,0.6687107451989887,1
588.7438244417531,0.19123615246620562,4,4.294342845198223,1101.8444420859291,48.90457424097581,1,1.1349715225464523,-0.5336892283229404,0
694.4629571266298,0.32052107802490015,1,2.8951574794035877,21664.94951194984,24.619649977104675,2,-1.0452356836544907,0.6238383095129287,0
650.827945165304,0.3191299207490386,1,2.8718794651061295,16907.16573267691,45.287648925937305,4,-0.6080071552765667,-0.15707835965468675,0
707.6027007473322,0.2937658978302436,1,1.2021959530705133,4263.602124092332,44.339435667608576,2,1.9044350574524918,-0.0923307772438573,0
504.05946752497357,0.24396080372141488,1,2.5071810695880847,28379.27143830187,18.0,1,-0.8877872991806767,0.18694501441961076,1
674.2883123569601,0.3098687432362206,1,3.9483495955300496,36692.43128698321,46.966810150489614,1,-0.37880251963881195,-0.5673556285561656,0
711.8155869681906,0.3201506095333507,1,1.1455967187181315,3845.6586217398694,44.691098072231,1,-1.2893985722922823,0.39842061002653417,0
517.0721367108349,0.6035108350663364,1,2.335945102048668,1114.4051962711958,62.396459859430166,0,-1.1904659762577385,-0.4124835482967055,1
685.855622753865,0.3804972831149172,0,2.7677582068665267,43193.09594816087,45.59022101707344,2,-0.9843834515753427,-0.9844236034651734,1
785.6945258262529,0.09368281565005523,1,3.622887905141651,26566.04494647492,27.227521592640436,0,-0.43871025531041413,-0.9437274572619878,0
648.8113837316238,0.1563387894970769,2,2.8616006340176003,37735.260696272024,25.922004225289463,1,-1.0351070729811958,-0.7368933477214379,0
715.7124749619849,0.35225958823395365,0,4.170559547488294,21487.254868234057,28.448074560115238,0,-0.0030327922802379833,0.9529216968590004,0
703.6456360248728,0.33966222983118965,5,10.48846717221144,16016.73603589497,51.50657854477643,0,-1.2796836717605538,-0.12116197186652089,1
593.3995441991539,0.3965826975875187,2,7.441110331356544,46716.42321234817,51.52078386397399,0,-0.2901671413012668,-0.19734728824292147,1
653.1813387669196,0.12901250524602492,1,3.924362749450212,3700.370347625772,24.049432886151195,3,-0.5227343971367533,-0.7441175835430796,0
524.6404231310718,0.08840740319034157,0,12.73099304503306,44370.10582099342,20.318634670210105,0,-0.5250058681399999,-0.9716662657628723,1
613.8957570317979,0.1577876804430926,1,1.2202953797362113,30777.296067241103,40.22728028677446,1,-1.3194056930804061,0.08523390928172137,0
671.2550379972989,0.15020802895783925,1,19.569647973282123,38997.67488987155,42.59438100115042,0,-0.16622050450021975,-0.2686423206669566,0
707.8480394990238,0.05469501917494762,2,3.7960160831065997,29987.355638889712,43.9456117382954,1,-2.2086459647646577,0.7338036425290855,0
651.9689700198329,0.3460843720136264,2,0.8716584079498391,49929.289180809224,40.222921361731366,0,-0.8777002506030379,-0.4097664980187965,1
707.5986984114533,0.4696978681617218,3,4.1302694804946025,19730.52140953079,36.166411442957184,1,-1.2022038017933987,0.8348351982495428,1
561.7675029635705,0.26088311275205617,2,18.530842123967776,30759.020111008438,46.53866086331464,1,2.3628490802685698,-0.7313067128974677,1
641.8642180356103,0.6372333794399127,3,5.2030056967458655,5225.6856210342585,50.63440048806568,2,1.2289221899704044,0.3007054102019082,1
651.5423507610461,0.28319993591001474,1,4.683821514206575,21403.69751944744,27.17926588004641,2,-0.3065824530125403,-0.3572373583171369,0
797.967299734371,0.3375453425689673,1,0.1350438680062885,24415.38246508333,26.635147158539922,2,-0.020815946300715052,0.8153131444965447,0
632.8666675039933,0.23199105784165616,1,3.1428183407731085,31763.446679645433,36.580817353882985,0,0.13378185815415777,0.3582237444718268,0
610.0786689604654,0.4834920842299749,3,3.5905148867728407,11204.820309641384,33.52500451886045,1,-1.5209651337230972,-0.6158036452820894,1
651.7080979074839,0.1331279262331919,4,0.5033043450461756,17325.25985175858,41.411081924536276,0,-1.686510728271894,-0.26679471417270384,0
576.4709244104045,0.035285804226524185,1,0.5092319039925765,47315.34500315089,75.0,0,1.2244256869054462,-0.9405134274554605,0
665.4203079252173,0.26855278686491557,2,0.2622388878556101,27630.478632501457,18.0,0,-0.32985855990055996,0.9065900818214427,0
620.7955826762994,0.3804257843917885,1,6.964735330085704,46929.077972826264,27.151709467521716,0,-0.7569815019081405,0.6430225443056907,1
506.6937961567053,0.0650339226818908,0,5.713675126080377,25595.512057077227,41.08244258783132,0,0.4637575875536566,-0.7537348260392875,0
645.3130759092911,0.1568451663199907,2,2.666974060666411,14650.833943381884,36.39991476250988,1,-1.1636813359323919,-0.5501866825475918,0
624.5965524855841,0.49395192063555876,1,3.3076730906657,26410.81123476791,29.653041210043426,0,-1.0082944967995338,-0.4423194811834994,0
519.4061358345614,0.44325651960484713,0,3.224426165843313,37966.38287259479,18.0,3,-0.09549979541188174,0.06646511657027698,0
644.6292676308383,0.340304688899076,4,11.57798705272256,20069.086186300563,31.60576788774462,2,-0.45966351130256494,0.24969387367844287,1
769.1484769659585,0.2949344827787376,2,1.0725062397292238,33739.335561104606,43.08398403709112,0,1.0978814294774575,-0.02105105883149294,0
691.704299862057,0.30109058644530623,4,1.9666954731262873,44436.753070698316,41.73540851149562,2,0.8471661711522672,-0.5823587616081505,1
698.9541754184926,0.2615266990051979,1,10.473232253403019,46291.33651180436,40.956144837845876,2,0.6265286525406354,-0.9045724553043311,0
542.6802619533566,0.5457543563357147,3,3.2207353677770536,4096.0157933512855,40.557084559342506,0,-1.7684402346147428,0.7524646962773074,1
688.1518695137778,0.1298476255022493,1,6.627078120729044,26022.653891070266,48.94287857606614,1,1.8863841012657383,-0.9981931346871447,0
661.8759665104062,0.02477481811299987,2,5.595524781092119,49546.36256222192,30.652572555589998,2,-1.155172588212621,0.30933169632053437,0
692.3236190667545,0.18845166495812068,0,0.023394357670090883,25104.188900041754,42.12126487007748,0,0.4459503022450842,-0.7724035445715094,0
683.8102897367061,0.24307729147347956,0,9.96536458344204,1969.3023106418882,50.01393653354908,3,-1.6922760630948883,-0.3204596015793888,0
541.2175419596949,0.369694744258254,1,5.3543952833701045,35054.85976078216,48.81833259565517,1,0.4535366228931669,0.060420465239818366,1
646.6879350753626,0.3868774324798383,0,0.0809517628526053,44164.57419380511,45.326066875721345,1,0.9783824984154871,0.5925488694997454,0
589.3703311659867,0.17575362454608548,3,0.7643154104805193,10098.373939955303,29.51457974808853,1,0.33428944348000117,-0.5108623606304259,0
645.9932724572143,0.39489577854577673,1,5.663653954899237,37335.14433522882,45.54379470959386,0,-0.0672968122541927,0.3529870440308689,1
578.2079258478535,0.28807347498299796,1,3.568187330957427,5569.475100444132,33.51931876536168,0,-0.32784105809465436,0.44941512478044543,0
754.9976293712797,0.05774015126331717,2,1.554354509675218,29429.624048882826,51.552375783383226,0,-0.024133788399803166,0.37935887308453675,0
581.2822089244526,0.3148395639260802,2,7.179713914547431,40818.17628914456,48.70950889918587,2,0.35116597034415453,0.9673633922782252,0
578.0846274827571,0.17821037110524196,3,7.467606851666208,31506.885241875883,35.694084894099454,1,-1.5401821269318834,-0.31868366525595837,1
655.9669125234843,0.20909350952525255,1,2.7497740682344634,22316.678760428676,28.30545455519991,1,-0.3961256285184128,0.9964452443397189,0
563.8320744476804,0.2323298582832546,2,7.334640034669167,33948.51537162309,32.960599382351376,0,0.7485886409193205,0.6407752522691299,0
616.0269358053707,0.42961054039834856,0,0.0950227695967,27095.437730183865,18.0,0,-0.9761232365350216,-0.1887041859650933,0
583.602832196963,0.3836838227396775,3,8.44939097197278,45586.18593935962,40.645060154028265,0,-2.1598948774481332,-0.2812596192416137,1
762.8937651111689,0.0965049828270457,1,2.983441769749904,20213.81526851041,18.0,0,-0.2128472818270009,0.17874504072894748,0
712.8643061464938,0.2897213287613858,0,0.21625433370277528,42010.220511872874,24.465536451635927,0,-0.09854730070878112,-0.10585972499823004,0
645.4024385227684,0.2053409817464993,3,1.9686057969474882,13702.47572631436,53.406047435812695,1,0.9731773766221167,-0.5601418560334901,0
618.7026358260787,0.2521203913907716,1,5.31500798062667,30761.442019509268,34.73875714783858,1,0.5701592905476403,0.05397266792111899,0
725.2734091660091,0.45418356826540357,0,20.368711817001966,9694.898594428993,20.075298571745094,1,-0.5798710415101699,0.6152658789187977,0
682.416326425831,0.18947983074132937,3,13.646189612973092,32507.09144544483,39.42623126587037,0,1.523287936484457,-0.3400974635221903,1
689.8441923746285,0.6223172454240388,1,8.378167106683971,21619.74862323645,31.46064716452352,1,-1.5826610541930353,-0.5040486442404257,1
647.90462101246,0.34754459534422505,1,0.6960452605211097,9483.964625807124,39.29649769113833,0,0.3475973059271366,0.019137944837797738,0
514.9415977782854,0.1628842958235129,2,12.810970633079537,34204.70516457464,36.297422809455554,1,-0.3686407798732853,0.987330890492937,0
641.0027213952358,0.3681093289691646,1,12.997804140817092,5960.055385837155,37.41875107421184,3,0.25788896296224706,-0.04330724872098157,0
607.4008064632745,0.19602182227829693,3,1.060630625684043,49899.2793964782,68.11361296519237,1,-0.07699220487981359,0.48585815664426546,1
701.6044218767902,0.03665212423829966,1,4.065638491009135,32194.432590258988,48.799097419349785,0,0.8239408611732549,-0.17414744670601268,0
730.9473946395351,0.13033919755708714,1,0.24304675105312862,31497.981360884,28.95439974474694,1,-0.30665180189670693,-0.9666109330051176,0
597.3639164191065,0.16057353679580388,0,0.5680404534171204,17566.119571802225,34.930416885862414,0,-1.31459181146852,-0.6489431206034699,0
687.4708187421642,0.23397599429622026,4,2.484062995098982,4774.833643216649,31.98466725199352,0,-0.2270833113960892,-0.9336073748339313,0
788.8703198148571,0.30663097321275085,0,1.282849884879844,12262.89280294581,42.91136904961706,1,0.4345509579425951,0.7320973623188753,0
596.5829823543553,0.4331477097378333,1,1.6216083243758403,42911.65732012948,36.493765288555444,1,0.7361615872203058,0.45877623171377246,1
784.553739205851,0.310059243400971,2,3.23878520327112,25214.662144168135,30.36372883908846,0,0.12330014025087159,0.43893620541635214,1
581.7931322263482,0.4103187106405062,2,0.06366403192714322,42263.591815301115,47.46679614601584,1,0.10689289579505541,0.48042004396245197,0
651.8367804486361,0.26944318292940667,0,7.499917185309409,14988.064525648264,62.89004501122572,1,0.30408473133631087,0.7499364046231647,0
649.1083510526527,0.4630381651078847,3,4.233441238454972,8302.24972740444,44.10334857893247,0,-0.5773671253850308,-0.18713441861432534,1
650.919911989605,0.016074325005798223,1,0.6542651221159447,1098.4971421523778,38.23812068514697,0,2.215734891068456,-0.7260418605999779,0
582.9857566473644,0.09236480086066191,0,7.411772985376715,49142.30910804309,40.239320995885485,1,-0.017096936245356523,0.4891008899677374,0
602.7053516988456,0.14026208801266932,0,7.155419150035744,46665.555364136715,54.0962292692183,0,-0.9114200966630968,-0.09446787727567707,1
596.5823770912481,0.30371138787074836,0,2.884543736304328,30911.365973466865,43.52188609802187,1,-0.5550396430054257,-0.21926519680719658,1
676.1570076323566,0.16513000411060813,0,1.0152925613409116,15618.667457566604,41.879083376446786,1,-0.3708234416878724,-0.5917976850105171,0
676.402809160825,0.5480332537267683,2,1.0499224267376808,16239.340472682698,30.61510270085059,0,0.20419477286227292,0.396392698811179,1
828.0755465390607,0.2461241739637415,1,1.4355801183457468,40153.049555324906,51.02367576321373,1,-0.2611386583019938,-0.9822916820452796,0
759.6791205032897,0.2674285218651837,1,2.748696511228342,32417.166881555768,32.441663164596605,2,0.7450521544979735,0.4767128594073804,0
609.2125406289217,0.42460601548921023,1,7.55507798437235,24892.51470952718,47.03205608824046,0,1.1205489937333954,0.11313435285295581,1
675.9895692636949,0.06626234217688039,1,0.20306591394494794,44377.53993885649,52.9309095592676,0,0.3291147467707154,-0.7401811459720464,0
729.7694384633407,0.04734732882422443,1,21.12844564778273,17150.66784269332,43.950593401888106,2,0.5655758230934709,-0.3120239209987423,0
652.4481459470815,0.24672569518114826,1,1.5426550867533448,6667.466901278906,36.99248821437417,1,0.2385329342397371,0.44881705808536254,0
644.4286737242452,0.1434855073835442,0,7.039497716068706,10451.965188800208,33.675751631822955,0,0.5050742903244411,0.8849104138459813,0
654.1259954215911,0.06418965028011736,5,2.0992084371135036,25034.111885212587,54.54927913699888,0,-0.3281032666523386,0.282746561619744,0
719.3821303046742,0.2097779387266828,2,5.252119100158845,29748.416250653907,30.185295960301843,0,1.095182981307147,0.9092439937364334,1
582.1343581755814,0.1940818561539623,1,1.2948293388131802,35743.852727588725,42.562158346689486,3,-0.8339469288308162,-0.03430141464680436,0
623.946442494386,0.30066631739549554,2,2.775716018060649,45516.061171050416,59.88407012207913,4,-0.2987612054699432,0.6959317429712091,0
687.6346515877185,0.36566751120936025,3,9.833978549210247,19783.167213739063,18.231611971391967,0,0.881391726054024,0.24219668420989682,0
674.9157657243325,0.3242879790540423,0,0.6651516817070506,36441.02815427289,21.086314327243187,0,0.7680748235532527,-0.5147172712906156,0
669.1666207885113,0.34637621976939476,2,2.8732734894791467,24446.628921734904,54.03206553455276,2,0.7733878536921054,-0.1376254998093116,1
620.4159066956958,0.19066287721671513,1,6.7479432225394405,48036.82508926273,20.55147691719325,0,0.9260725530277585,0.25323027056042924,0
727.802863131403,0.44829808232886753,2,5.658049515336581,10561.38835689,39.1000099703994,0,1.293759341616462,0.9965019418983012,0
820.709459776363,0.17109918291218662,3,26.279918573278046,41110.15860140553,41.02779256025026,2,-0.9631421595581462,-0.8064288504753812,0
682.5132394940965,0.32210803536313987,3,2.7441640929192674,9174.16454216958,33.79243911460266,1,0.07839097023449731,-0.1469580495739169,1
634.5458638760128,0.188214712251004,0,5.512813150388693,27094.169862098668,48.596254364251536,0,-0.5595593642624793,-0.2915818703031783,0
710.4592231115635,0.1274268692966646,0,3.6892062031422728,48592.54858688324,37.75085123713414,1,-1.8313768824901158,0.19452375369026909,0
606.8693890597608,0.03416084057077695,2,28.6303906297511,19406.391566925337,33.15762629571151,0,-0.16238160447736116,0.08121551734738963,0
590.0247724237682,0.16377979265651368,1,0.08619281806427959,39584.40142135812,42.320371139507905,1,1.9588735728734061,0.7916541780887256,1
652.6246998090969,0.15302044035019413,2,4.717151877841047,17465.285248063297,52.57321956717607,4,1.1589668801459179,0.9936348569762685,0
443.3762693624044,0.49738376157385167,0,5.644454618453258,36777.885538081035,36.58322786817334,0,2.063390267938622,-0.22500472670977234,1
557.6839709078392,0.31040152569668633,0,5.925636572380414,39865.669715499316,37.45506325075906,0,0.46152512674446783,0.9843287246657721,1
622.1630515263323,0.17183521691842046,0,0.1040206788756198,48945.00784290752,22.83768342011856,1,-0.46615312643835394,-0.5693363892477361,0
541.728891348183,0.37397139782407623,1,3.7968611785877764,36490.02711399407,29.036608646810464,0,-0.2607923485719746,0.4055342946311369,0
567.3885518486296,0.09908228919993399,1,1.6351153082035255,34586.30814427497,48.69697305808698,2,0.7272483330052188,-0.14188077429161594,1
615.0601330033594,0.420794175487451,3,10.20951164952912,43128.220915375096,45.23048647563108,2,0.575213103345742,0.6105137911927825,1
518.5627765175512,0.2070355636434774,2,2.4948056138291,18667.460752952236,18.0,2,1.0593519371757785,0.2394584635734971,1
617.5142562992135,0.3418142643303954,2,0.9772850802165289,36025.45601200945,51.141929249428934,0,-0.36854587505719477,-0.33398359086139573,1
607.1783868373725,0.5047245620341617,4,3.705384031691175,35686.78684221706,55.58938308353215,1,-1.5100039972330126,0.3352554170717499,1
652.0324166708012,0.3717191673235554,0,13.76956398877482,27877.608030017476,65.2825267940598,2,1.0644694397047514,-0.07422082920536477,0
742.3347224395216,0.31102184548861217,1,3.9359746610010666,32019.901418979673,24.66561062897075,0,-1.1961043545449794,-0.282504976745237,0
663.8003533194293,0.20137729812287197,2,7.688204874454879,36670.75755215088,47.04690940627543,0,-1.4576875457582419,0.18333706984534048,0
651.6849617073651,0.03843777487211004,2,0.6129430065475773,44267.13514124113,43.67782559349098,1,-0.670991355868156,-0.5552729742041964,1
657.9563565624569,0.34107342388930906,1,3.0986514643708634,46960.85551477693,29.6803609822442,0,1.3038655861777588,0.45198728364861207,0
668.1914220096903,0.32321012938977073,3,4.707942828925404,27407.279226380997,50.88982599022311,4,0.9242705643034587,-0.9835971497040774,1
568.6609081112185,0.40400753860992367,0,2.129075130531285,34299.12175086888,65.03380843551813,0,1.6277720878628257,0.5244425095722933,0
640.8179740183361,0.3800042226478274,2,1.3383951044546345,26493.97203813416,24.249846627426273,2,-0.2596249795429369,0.6926742662795975,0
674.700099346929,0.09282563185830676,2,3.409561019134719,34755.23965767957,46.01814189939057,1,1.561893333216709,-0.7696990912379205,0
540.3392013965552,0.22170313232678698,6,3.0530897126688283,17246.735561090347,19.74522227175982,2,1.2590339099355639,-0.03357951262591263,1
719.2522338252683,0.12502773000325226,4,10.898227866772421,14210.159138813355,41.018276075843346,1,-0.3076110952323527,0.21628741507685878,0
736.5100827566552,0.5859092688106483,1,1.2189707604145652,17830.940458844125,44.31393103840279,0,-1.0772032792188235,0.8784540929283295,0
599.4899209240489,0.18162616209292662,1,11.957515351615392,12185.66398065907,49.438552374463555,1,-1.3092121136411858,0.5980459486537062,1
630.6929766837517,0.21496597182855,2,2.546715986372294,18333.99171337365,43.37978485024774,0,0.2507208895679813,-0.24763728538977658,0
579.7447725751941,0.1412898731439301,4,2.800027675443965,16729.724007435907,55.39244815929621,0,-0.11841720957473131,0.1765176498684724,1
705.9504386870253,0.20136123174334708,0,3.875433634326477,42485.24581745933,56.51701488798305,1,1.2357618767681917,0.18409771813605835,0
565.1022170043273,0.4062759981946068,2,1.6663654396532592,32480.609044048662,41.1654212607182,0,-0.3480160312081231,-0.06905549097214592,0
632.2018391805664,0.6151283301957882,1,0.2596437442439357,3777.73043388659,40.73157418905403,1,-0.781405009270342,0.7591846585986524,0
581.2864073753863,0.4260113253488074,2,1.4251992222508365,31304.585622004564,32.05537817757466,2,0.11669514313317009,-0.06569999314105979,1
654.0763421609032,0.03740626825454532,2,1.154897707536905,42069.278757014,55.91314509181543,1,-0.2238554714371744,0.26578001281516417,0
506.46165828082235,0.2808780865222377,3,7.362128364182335,2267.6445798221703,32.70034111660527,1,0.36863240973583766,0.46108780192792054,0
756.1169313892555,0.3070531590863499,1,2.9343979909761106,24170.158856698246,35.763847275077055,3,0.3090936437840639,-0.331187566913139,0
572.8314860634989,0.16334263666773893,1,9.73624950651405,23053.009659463823,34.501143216685655,1,-0.961609136057601,0.909477505829337,0
654.7915746493021,0.14730989840792558,3,10.4556388255086,49507.46426321555,36.48922358827192,1,-0.4840745132539327,0.9027696433184178,1
632.9981564183753,0.27999721372292985,2,0.6122839633066218,41478.269289180804,31.086404552131043,2,2.8084193658043133,-0.3028043504355693,1
589.0308390462002,0.4012844889969089,2,0.5937059678301789,14835.338995572258,27.03360871768447,1,-1.2963863392949444,0.23719181857227478,1
578.9775890691252,0.251365197796615,1,0.9181062303023704,2168.6089950557744,46.465482128825045,3,-1.0166761405843754,-0.963686571729609,0
724.9118834841968,0.29044066872593355,4,4.0319983281657255,18545.838017484522,52.278653637123824,1,0.7235732646067414,0.41621123010663497,1
607.9487525518448,0.3481045712467554,2,2.204662609596624,4182.642334687288,50.75514376307153,3,-0.0630040480791196,-0.13545950211765012,0
671.6936147709848,0.3794868604051125,1,0.576883122318413,30100.63742403464,46.39414207345756,1,-1.3660653138303056,0.4876172239413028,0
585.8802491684501,0.1472396813981372,1,1.5226488961376015,44454.72331233983,61.419436178404126,1,0.31122835020060813,-0.11822328323117248,0
598.2254854521791,0.4949167360161112,3,8.341205986858771,12293.901979390419,44.82161717390357,1,-0.3340669219720913,0.40656913270671824,1
687.7797720070279,0.2012373312805197,2,0.1802194323169062,9310.009602057296,49.59821011038288,1,-0.09925999738669206,0.13702892224796348,0
724.4326796888893,0.3140801060197585,0,5.687592319726464,17363.807943163993,18.0,0,0.1362687562189381,0.3380338466686137,0
635.9746878138384,0.08335378464070003,2,0.5598408920991569,3924.7976889203073,71.38476784885262,2,-0.8040745592346956,0.8126643715302342,0
536.2464102687651,0.21694423608837332,2,1.7343868780638454,39572.92219900592,41.7764884730028,3,0.9527952852320933,-0.7859679944330915,1
809.8364863800003,0.20969964694431847,2,1.5138752687378538,49587.2435739262,29.900727817121243,0,0.9267905858131369,-0.9086605485390533,1
581.4760553412632,0.26753183306749423,1,11.396761263369882,29842.08470080498,33.26169675437796,4,-0.12847284908904869,-0.5752007714358456,0
526.673008026257,0.5168800630717294,0,2.743106119525867,3947.0425976112733,32.5567275819202,0,0.4887198512898269,0.5101427636495846,0
850.0,0.20650604534289713,2,2.243645058350206,34564.688774958726,59.000511436315506,2,-1.3406997493401056,0.6998124429218131,0
617.677416491925,0.13612104945404657,1,0.06794647415151082,38951.25134923178,37.831831325838564,0,-0.3824063516473355,-0.39052084064535797,1
533.0613849390874,0.2398149076278076,2,7.3000006229881,13862.659316665535,39.05174352166645,3,1.8235160361220535,0.2785086927383573,0
595.3248186569054,0.5646085711169594,1,1.7233572657591665,18038.16365849372,38.55359029017618,1,0.3036846355390636,-0.07521557677723734,0
679.4035916817816,0.4258040101138669,1,6.425403888818989,7556.292602391784,35.205456905928955,0,-1.680729384009027,0.33863936124727356,0
665.2249246075152,0.2652245019130423,1,2.447351567656299,34034.19668448704,61.61261605291942,2,1.2551939380920856,0.11292004641745934,0
581.8616642197128,0.24646712994687606,1,4.410250353192767,1349.5576755504999,37.219198911000305,1,0.7148855768031163,0.5077358613393683,0
795.8178880102367,0.5969556201332578,2,5.28231483351477,11898.553013360468,18.0,1,0.9640084489774049,0.9470045187087579,0
608.2736257605302,0.654414857669326,0,5.128535387224954,37668.48724161743,62.96374162076397,1,1.1925796873120986,-0.2630329127289175,1
555.2250727670759,0.14501168188152788,2,0.5125881082745216,41281.81363897393,56.90118103329904,1,-0.21133534178946503,-0.8155242852149662,1
726.8554718768528,0.0975331673255836,2,3.3529025268164374,49812.90056332062,37.9328798780196,0,-0.8304438536168864,-0.20093130794898117,0
756.3250277231746,0.6681493601577556,1,14.969853113969725,43164.217096641616,47.61316362898087,0,-0.8841900195114745,0.7755019836292245,0
584.6005521907018,0.23602901073267235,4,1.0149378667103588,8000.192670719838,18.0,1,0.389549112077588,0.39865168879387625,1
537.8922165568551,0.3053932437648923,1,0.29522160613207854,46114.83881037365,43.33190331110601,1,-0.505498294970337,-0.9059031299373039,1
732.4350613932484,0.33846565348888535,2,2.371036466374918,28365.635831087824,34.071215906201395,2,-1.0868135003413422,0.7791801837678478,1
486.214110955363,0.3074459506235846,1,0.47795034469004044,9211.151139381675,46.579432192220224,1,-0.3841113351825501,0.88088577089831,1
551.8702672482708,0.49415826280767006,0,1.8264910282669697,4681.602420214018,39.25656185702424,0,-0.7295294617481873,0.5293031502053993,1
727.3956920040188,0.3634724915345382,1,7.986467203418823,10684.294101998381,42.19675863910513,1,-1.2326548418973837,-0.5148176400126867,0
645.5717961582088,0.03231984231870743,2,0.7435868710124947,22417.0697376016,39.228910984484024,1,0.556501800316067,0.42025951543459494,1
628.885012112585,0.5823965170246449,1,7.7263227136182,43135.965412217265,27.249385384089422,0,-1.7682753544812488,0.6022494639624112,0
678.2253285195503,0.3767785888670366,2,0.12103358834419355,26422.024689148846,26.395469816123736,2,-0.11431037827941504,0.7042166908768686,0
637.7780461163672,0.14962913970036087,2,17.374131626802914,16013.190272128333,58.595083507898124,0,2.168787571957764,-0.1952974179703677,1
546.1050622269528,0.2574197727490876,3,1.048104067524544,40951.43398596413,34.16425663350581,2,0.18282712035989676,-0.8991040948543005,1
752.086027680495,0.44523044852219984,1,7.567764432267081,33933.3907074726,39.09036488266618,2,1.0647081874625073,0.17896072957636577,0
756.0011242309453,0.5525123202711933,1,14.433744946694741,49735.09463092913,23.540172343015605,4,0.46924277513677076,0.01923474319210272,0
666.4266051022367,0.06899376925005023,1,5.326668030393968,33229.94309413343,40.894585161842585,1,-0.1995417988267642,0.2973862523878512,0
653.6107212345609,0.36200433324292175,1,2.1816253607846168,43696.15155743695,23.15857688290649,0,1.652184440358126,-0.2810542220225629,0
837.1699844816046,0.4000859090619323,2,2.2308121620647885,24505.26278234858,40.05493805414764,0,0.7833198245052173,0.6755553078857979,0
627.885372398733,0.30045391852998554,1,0.26144810988219125,36406.66409410275,43.020962959663265,0,0.19352440801870513,0.9415401049611494,0
629.2338414532768,0.11918737674960762,2,8.451208652761245,37912.99551690188,31.357701024985737,0,-0.985893233119031,-0.9024609145109623,0
679.1584999392404,0.36031353333818095,1,6.668393120636854,6827.228147703074,49.43038928377481,0,1.7253033141360499,-0.34440583976229866,0
767.7057564913871,0.4416192265932837,3,0.9111468149056546,9031.843921135496,31.3508972876337,1,1.9305495523328093,-0.6039812664862922,1
777.4216603533987,0.10276137079772264,1,0.8480709869950434,26911.295166232427,28.802400467506498,4,-0.5293348515335516,0.4644769792415142,0
629.3141894658582,0.7390232697314215,0,2.6679126189683746,43654.01832723791,65.06126054040088,1,-0.21282571295985442,0.7908160492708212,0
674.6664996767477,0.616114348126656,0,9.015659253561685,30343.309563994815,45.528410808420574,0,-1.993486219054919,-0.8064104700822836,0
539.7533226348738,0.2930536207288376,3,6.61180389231707,44239.92292786822,37.670869895509966,0,-0.6623041792031343,0.7153449793974058,1
625.041911366703,0.37684871909727824,1,0.1305981308822475,36724.37189778513,41.44411771036394,0,-0.5427391066654541,-0.006246426087766599,1
582.7767683616555,0.057157065350925185,5,2.7930828069299762,23795.942015344048,18.0,2,-0.6430680523400215,-0.5621290211835084,0
569.4534598160812,0.03487247149519256,1,3.1809533768077336,21945.739718051864,18.0,1,-0.6685919776217406,-0.2657170088686873,0
784.5261373013861,0.2958760408818469,3,4.065055069689377,3122.5636922848103,18.0,1,0.21602434981667815,0.6294517397524602,0
586.6170670555084,0.35617308135927583,1,5.687904025654763,22252.669693535336,30.385229497694226,2,-1.9695328796684506,-0.7081003799036292,1
607.4715273590837,0.09208032542692984,0,3.7618587699638883,48925.216972377915,55.03162775473797,1,-0.8984335229310745,-0.7775547520061119,1
679.2679030333486,0.25968217134695804,2,1.3108455269522508,13153.334279826975,27.07979351023032,1,-0.24705682415893598,0.5240848722542124,0
753.8260213578868,0.05185536880707489,2,2.2931556202311985,15184.615268650046,30.033845286698018,0,-0.2374062248900429,-0.6631859888626548,0
688.4892101111068,0.36159097099129794,1,8.777462307463857,40713.31670816351,30.791739459513945,0,-0.4339093085685724,0.14092981647866876,0
850.0,0.09574728667879481,0,0.8332943939153952,34595.86930406849,39.574415438377855,0,-0.10387670316245727,-0.7067038418049045,0
644.0265617399081,0.32165533481026637,2,5.805013488912126,44567.18308925457,31.1942601735248,1,-0.3449846834993133,-0.7592837741306127,0
670.6973152183797,0.2485939990784652,0,2.8366783431143876,25258.790876751256,20.364741738311345,1,0.5735299627089857,-0.6459145682011633,0
672.0480539187245,0.29523671336394924,0,1.8545075370235158,24928.084524383736,45.176564634599494,1,-0.20745024486885577,0.8263516110874589,0
764.8039509431323,0.2605373267835571,1,4.742392910770798,24234.862635453785,42.42230696274499,0,0.34529526078187894,-0.8654790304036792,0
690.5791160887692,0.2433550361003728,1,2.3233331639541097,45071.83300780396,32.719138404107944,0,1.6114413947276853,-0.2962585314482882,1
640.7016239690281,0.5751850731847725,3,6.174658590593525,44239.34884580821,27.001230102527362,2,0.15951805445440878,0.17061836662925778,1
574.2009124074497,0.2584832499477154,2,0.16932509758600972,11058.010953427874,51.95245785895357,0,0.7531716022114053,-0.7920886941437111,0
669.5554764769306,0.13219026171796913,1,0.2969235272273194,44613.067653272454,19.178905845879846,0,-0.9318818768463184,0.04790139396580084,0
762.1075865033567,0.05764653996051542,0,0.5701220746121208,29772.902250250696,52.710385591857765,0,0.5692233605609105,0.6469182119395203,0
617.1694565073703,0.49322674471043476,2,2.9633021517424463,37942.13833700495,59.60772484626084,1,0.31903907341821197,-0.31894275146260465,1
692.3154894733266,0.6968506316748239,2,1.7586737891319235,35249.10279559173,54.182924066540444,1,-1.3024505750211879,0.6681529882240933,1
669.6918230947875,0.06869403663472656,3,2.785489109969801,35572.26381995301,49.643434168558514,1,0.9372715092879282,0.14929306513699214,0
719.0815726705051,0.18961014162400353,3,1.1209098194938056,44424.64601891594,35.74260172884489,2,-0.9052072373913456,-0.9141484935260835,0
585.6197007489704,0.14338261569061783,2,11.946594829261482,10981.227084597102,31.278624918792342,0,0.33974348036607555,0.4349276660529089,0
837.7317624421249,0.5630929945817708,1,3.3357418586720677,30515.64337887407,42.76243734330114,3,0.34865225303986225,-0.004659276647909216,0
547.6671114377393,0.44226422051152764,2,1.462711366816737,5964.96561865317,57.95165237370418,0,-0.9938696685591591,0.7591374978699537,1
620.755912801117,0.140843738709783,0,4.368794066789624,34123.562401087554,26.156342921093078,3,-2.0017336494767246,0.9619192395890104,0
725.0474032724517,0.19156516606547924,1,7.557938515003566,31865.450420534267,37.787754681350684,0,0.4941061364120816,0.003978927183402758,0
673.7386537995291,0.20381176091525308,0,0.4110221712858992,16566.520650625105,52.02542569723875,1,0.8794804315853595,0.5538797005714267,0
716.3988927264883,0.23131575861631923,1,1.5898312470144327,10658.41379935828,39.85951398232454,0,0.07926518310181568,-0.9395166535921791,0
610.311813281395,0.11045473217326182,0,9.189074312007424,22209.374378886405,62.692315471089586,4,1.4455770569702384,-0.5350809082978492,0
644.0156013855727,0.30454894855549297,1,5.136567686115473,15822.517162327445,44.79144686517187,1,0.2398501622827211,-0.1344570149834654,0
650.9785586911054,0.27634273199511505,0,2.4205699145576594,27950.902692359727,61.88436929323103,1,-0.4109238795700815,0.6405704912142636,0
775.5407691628724,0.17967152712673556,0,6.2560088656387,37333.438954509526,24.93023309021295,2,0.9046588992341701,-0.53144922941387,0
705.2343219506439,0.2057723691620316,1,5.8023413335863445,14421.793803443703,40.82346549875735,1,-1.1265145070421851,-0.1315758876493296,0
713.7337686691737,0.1471404387019214,1,0.6144454603558772,16206.040950583638,31.2538475440764,1,0.735173674396334,-0.32501037429471547,0
597.3659125970564,0.30969373567859404,3,0.5254805090813591,20174.98986881003,37.03124313151209,0,-0.7309864691546742,0.8833690951804409,1
727.510611085044,0.15888903671485965,2,15.585494793155526,11337.252752885928,29.4614125069891,1,0.4001199811654823,0.5231195416664112,0
668.0465330855043,0.3036325209624236,4,4.6667711971395445,4244.726424958383,44.81074509910797,2,-0.7608724998777026,0.6064879676326644,1
761.1316252542342,0.17804202634018906,1,10.647610208263325,29572.48948734828,48.01008304144741,1,-1.8190748445165317,-0.48874811745705404,0
811.1248123934774,0.617374740761374,2,5.065631874982872,43134.95875534941,36.70441850522766,0,0.8271069821776056,0.8000277381028806,1
625.4587379178396,0.2438042503445872,2,3.7364879765238284,16475.799658558026,49.05493979902505,3,-1.3760989025639236,0.910704109759678,0
617.495749564395,0.27229717304574563,4,1.924728391337081,7624.08949788539,37.657592343584454,1,0.1941017423216809,-0.0782504832448816,0
580.8764007118104,0.2241591505080436,3,2.0806727676678425,3034.6705843546415,34.93222204223491,0,2.489763826692045,0.0426923095065419,1
638.5136390626943,0.46686968394656714,1,0.7485410179595664,49655.520841335994,21.481012618753436,1,1.5068456841853575,0.3223451868708169,1
619.4379640839693,0.3279706756576922,3,7.368563192457881,44643.12304620292,57.444132364986494,1,-1.2203927694326944,-0.9175194555191375,1
678.7603519656808,0.1356879693131549,0,0.07840087281811534,24076.84374952332,24.594775336343726,1,0.8667691654625961,-0.715501769963919,0
638.4346546453012,0.15798393261571797,1,2.262535086849524,39020.11671408468,48.27394704419015,1,0.39910578646058226,-0.671014032061328,0
621.0720575374704,0.3355750548560926,0,3.2464070595668386,11904.00892175446,44.97380229697151,0,0.8518339077642277,-0.46039770813490377,0
735.1668108902281,0.20137220713115003,2,13.106239875393475,40295.62363219612,34.92021689508858,1,-1.5084824337815115,-0.3143226320792556,1
574.9695815078838,0.03712874216819743,2,14.043920871478521,13046.112081335576,41.40814940360151,3,0.1327689662847126,-0.6279061949653517,0
684.6486362521075,0.09401096964138589,2,7.383875925611932,24886.060846714157,41.14524911897197,2,0.7272890607113743,0.18680531650041377,0
617.5246618249213,0.5199429228782055,1,4.272865766094073,8719.696498895948,45.89349917821713,0,-0.5722408823441296,-0.4787677348639272,0
707.9494803895972,0.547847950612608,3,11.653371541541926,13889.006362664286,45.463621968031575,0,-0.555545894968693,-0.5996031322717321,1
760.8209237377785,0.226691928296658,3,1.3424054574929762,20027.968210261308,31.676612533982215,1,-0.4852582803831269,0.2233359466842637,0
625.7521397260742,0.23675848580725253,2,1.9718855999899052,3386.496274730534,36.214407107863906,1,-0.2707085294720248,0.1369057865453267,0
685.2826325818521,0.5204110189032266,1,6.3601295142612955,8863.496889413458,62.660160226616256,0,-1.2969728413912187,0.9009194812656034,1
664.3034292586544,0.261622448895974,4,3.35465508958369,27604.481688175914,18.0,1,0.13475598357342589,0.8977481749017446,1
586.0462080365522,0.14006909162966505,2,0.35586706446995664,32285.86927086198,52.455021925976425,2,-1.3349570451887318,0.7919943823563729,1
669.263000779355,0.257251915397431,3,1.228162152896568,34753.08104213217,35.240671703857736,0,-0.15592766954091722,-0.6797689010458681,0
673.129640422305,0.32655772053425725,1,5.993894593334997,33572.02969468282,42.451576880836285,0,0.4610631818292175,-0.7584405896634518,0
683.029665635694,0.6701899668159378,1,0.6774675727612188,37518.54217307791,51.10842494527992,1,-0.6171187412033223,-0.271029120096115,1
634.1280882543963,0.2891140525617712,0,16.360478995744323,8055.98363285409,44.42315982928535,0,0.4532340273525504,-0.43949857200679787,0
657.5353840248117,0.22360034687006897,0,5.226060210287143,22813.795383379886,51.809185205992705,3,-0.2245739261899992,-0.21890407966381065,0
558.1911244125491,0.2511041361690576,5,0.08583153154747819,27437.522739418084,38.33623293138685,0,-0.4217060109099675,-0.03257362637307937,1
621.3508739616115,0.26329297217153114,1,1.3698355116366918,48876.002541065856,38.77695525770735,3,-0.5658917121081597,0.9278464327814204,0
694.4770143767838,0.18565519128316044,1,3.7822540380392584,14754.58508825228,54.81571646328079,1,0.2254146907179805,-0.3841564392778878,0
721.3979109865224,0.19033426133593773,0,0.05338083372599381,39126.8562187281,37.96399126678456,0,-0.2682261038070967,-0.880395842223082,0
616.2148140699784,0.20112282242029692,2,11.173839050616126,25052.511608865658,44.71344997024082,1,-0.33565585986948404,0.7437195430729624,0
658.3771223546628,0.23210750167879196,1,5.451715926174142,40161.22117028308,46.13076719002882,2,0.31666551422080086,0.152367495054746,0
668.2442660099254,0.42168556431028115,1,5.121469879976914,18736.56021922809,29.37273024724976,0,-1.9244562713657853,0.9851247759050932,0
666.1183957363546,0.2590475671114976,2,8.83487989718696,45447.0139198462,49.140954526322204,1,0.3538777852072325,-0.8013989635304049,0
693.2618868240312,0.24700684419128835,1,0.36334167868539013,5040.103143150165,41.87636039193167,0,0.48682111086078417,-0.22119038391562063,0
504.5537895693144,0.45794000397623674,2,0.5787612794134807,11847.977974803784,37.190163835710045,3,1.799542538884579,0.07223368329292779,1
646.0540743881942,0.20697024627372654,5,6.784892225577091,8609.188869339929,37.48738082319397,0,-0.5307160379617606,0.0818954422120497,0
669.1226880997411,0.4570278361578431,2,12.636939959816655,2849.2969196913623,39.41900188771745,0,1.4561298726727347,-0.8013586336430449,1
569.9735720837036,0.13508883591909188,0,3.1933823250297237,20851.587791734164,18.0,0,-0.16643280991270512,0.958181803757759,1
783.9188565608567,0.39932095504555654,2,15.218842478969105,38533.632959036426,47.373663454587806,1,-1.3159397213500648,0.8106642857112853,1
662.9247413790534,0.21461285533771202,0,2.8373630591527825,10142.402305058758,42.94861068490345,0,0.03280858194144607,0.41897710423629797,0
775.0723796023144,0.14574815200969626,0,0.5858569632431926,24017.559173107173,24.436336257706888,0,-0.3449624963694583,0.22286296494256774,0
586.7581582533538,0.11673295362957159,2,1.816610850197907,43381.23306758602,59.113611158383875,1,-0.8286954694623081,-0.8116536618472459,0
577.4159902779738,0.32287634575402857,1,20.37525978323837,19434.58642928198,32.45685249985125,1,-1.3021328778476224,0.757222324117834,0
667.9401776772545,0.4532330384529015,1,1.7002002416659683,16850.276816108402,46.56139637624069,1,-0.3223049109044529,-0.2642820625428062,0
515.7049309737074,0.615845855978515,1,5.159718081540627,1318.6801417425968,62.663603634836576,0,-0.13915428457546125,-0.03322907535720088,0
667.1972472500875,0.5250559007844042,2,7.958539787699371,29320.90534336755,45.26766371074991,2,1.4644989580762238,-0.10287440311678053,0
657.7775385602334,0.13122988063138225,1,4.5635522858702835,20587.46159402375,55.79061319928837,0,-2.5382318286508982,-0.9501770389538113,0
731.2532225233681,0.08687962307052387,1,6.234475392914946,20969.134415711564,37.980540307429536,0,0.7685005252034868,0.41241508644253444,0
706.0833072932078,0.34561871900894603,3,9.026188168483646,47267.51101453911,45.679704480640815,1,-0.5373608818484809,-0.3399124852801012,1
616.6018120091973,0.33567308045878796,4,6.29992847855807,13007.402608067994,30.213734995055674,3,-0.5320533619093453,0.3880157629760086,1
562.2002676183804,0.05217674237750573,1,13.561704254441015,25753.509170297526,26.44766502787254,2,1.1870674306149291,0.6618685197082244,0
786.9844177074638,0.18181263148287824,1,0.4760894351155948,38565.367104738354,33.3362715153019,0,1.4437762311117401,-0.513700435310761,0
586.630798354788,0.5017842604256835,0,1.7822215872249012,29965.137668703574,39.80525566489007,0,-0.4171393785898209,0.13316959192584354,0
566.3580354344427,0.24041697336643694,2,1.480226222703397,27865.0472232377,31.78549592768684,0,-1.8451884248835404,0.8177957763811505,0
563.2115152430844,0.25602527792224494,0,0.7996564041134363,31657.170883333223,36.95999387850098,0,0.6993036991092173,-0.45010982840244873,0
739.3844252429332,0.47017037831642106,3,3.2159255170195626,10929.371922376893,43.81608254465497,1,-0.7034021381080784,0.9472618874296796,1
608.4879836460118,0.5488384357981999,2,7.551970515359877,35016.14757699392,40.53510657055898,1,-0.38890878710117266,-0.7783853394465936,1
589.7036427055519,0.5287398592027625,1,7.354589769781922,41172.5559134201,52.12354103882288,1,-2.709682073294182,-0.9644213946496691,1
661.0151860722677,0.13728161580339154,2,11.05471174366696,11442.77511886785,30.87313393470449,1,-0.12293511727656165,-0.8360956328147389,0
633.4444231554168,0.2840094222300411,0,5.259952547468306,25415.258305522402,18.0,1,0.3600400649129443,-0.5892676075633687,1
595.7523631371002,0.1295191110223233,5,5.918237851199965,18795.434608224517,34.10086625429986,1,0.5360673573215748,0.32499892445992984,1
710.3193173582783,0.1901396910990086,2,4.434693540112888,19819.689957218132,34.51322815368751,2,-0.5896265141216391,0.682516453481183,0
735.2252393678395,0.2555727306685824,2,19.68507599921493,8588.423057509413,18.457403808898764,3,0.26305194645247576,0.12803135967096235,0
728.8254007151893,0.18722059802017504,2,9.57270882270752,34367.08108866773,39.946359798796856,1,-1.2248996311391447,-0.28683909843797295,0
711.3535735728959,0.35950767594160593,0,0.5726099872559329,10450.719764101092,32.61798630013076,0,-1.698838120280996,-0.672359744560959,0
682.2100424904028,0.30271019994482545,1,1.9083508999124577,27802.52305869239,20.56265769806634,0,1.7826486621994095,-0.14591128351343685,0
507.9289600030537,0.736165927002795,1,4.542513928928134,12852.034603689379,44.00848521139953,4,1.9356697841554111,0.46726723709372564,1
783.5400645101574,0.29849658412211244,0,3.0395973604387168,7664.240365172324,50.54848962466423,2,-0.6260067199166262,-0.9932325258613708,0
674.1591368286042,0.4848076821896518,2,3.1491333656252554,14275.812298380459,26.82675463922444,3,-1.738546331783984,0.5325817464982832,1
698.6525142080513,0.20272945919302401,2,3.4982352608892042,21302.988359132483,45.57277164841794,1,1.0217110601286366,-0.8568475398286644,0
739.1969858357921,0.30991779340244796,2,5.853983078718911,8872.988556754017,48.311401924805736,0,-0.382156907351098,0.10346456170362095,0
764.6682002305594,0.2980241737501902,4,1.1011542755000026,49233.72544508412,34.4674649899879,1,-0.7803091217829625,-0.9618247616590969,0
683.4718409047354,0.36058888458005417,2,4.1787403445968865,49600.62933666735,48.90417508369059,1,0.5969971056916447,-0.9931802949348558,1
684.8436927436522,0.5212695662952285,0,2.743917444895069,21321.75570494451,43.5884864274789,1,-0.10079858955875104,-0.6713127307229951,0
602.0620578032224,0.5913115901792665,1,0.7065821728275133,21813.258781782715,19.399191259272655,0,-0.5483632818563715,-0.3634383033048121,1
652.6471800911008,0.603933958898347,1,4.878200987690079,31431.834527422518,45.40957514534584,1,0.6583277893029316,0.38969089296015746,1
581.6670991348517,0.28544313192286735,1,5.228728601914097,41382.535147048904,51.70382876476636,1,0.20881702861489124,0.5934919847235398,1
592.4047574286484,0.012984416644655336,0,1.9483098397699126,43535.874848314656,24.10475732074576,0,0.4400228666006924,0.6020212475169482,0
578.5140478148647,0.30050621974614844,1,1.280922454376538,38393.40449903375,51.525053889439356,2,1.1985791153756349,-0.35281840400295295,1
637.5180887202171,0.19170260913324844,4,10.758042197366333,44096.18147571087,39.53851734999747,3,0.1503474710249167,-0.8335343805647832,0
733.9274550336008,0.25593611603278055,0,5.940198317623867,23263.144032157677,48.77319357254646,0,-0.785434330995579,0.9567284972961128,0
850.0,0.191591389567253,1,2.7703203379710177,41739.500968433014,41.54177438828424,0,-1.3163385683388638,0.014869202106451151,0
665.1599710038331,0.384047124493541,1,4.443025351212436,32024.59171390527,33.157576232719094,2,-0.26447823355503114,-0.09346158963189755,0
542.1269529795104,0.4060968308438815,1,4.50086982747819,10121.382742054571,38.94627247165854,2,-0.10034407821800516,-0.5417662500561489,1
751.1986663885004,0.5141164394442109,0,8.452850326922709,6757.694245070591,45.970340654158,0,-0.7753093272053204,0.19716461492880666,0
625.9372898819179,0.27227514137224323,3,3.869502536348863,48782.746903503845,46.75906392640737,0,1.2219296253834464,0.12821482661543127,0
597.1513124818406,0.3712285095708044,0,8.443326779485298,45447.4093389251,32.23425379856747,0,1.0935910015075219,0.8195385395048709,1
666.7879582338444,0.13444995629892306,3,0.17527617130123796,9919.95912497314,40.70892357010626,1,0.6537186667797259,0.7792349342400517,0
550.7500320355018,0.37205377868131656,0,1.4230448191881198,25401.21406698549,42.411735479574894,1,-0.5125061386941844,0.21178916642941603,1
667.7970531206886,0.12785535841468917,2,2.547527261302056,29700.474518743616,27.320676978940426,0,-0.3838983760584657,-0.7894099985941441,0
642.9299581440677,0.1551869419199159,1,0.44453007425648033,5765.778274198135,52.27998430041353,1,0.04749854649614762,0.8867673587485365,0
657.8702325452381,0.10199281758078987,0,0.9145253226995763,43473.82059285509,37.47281026197918,0,-0.21499044225838154,0.3324506269664249,0
680.5133003367337,0.2899793711917994,1,16.82593138088582,8489.866294378717,25.659352106331024,0,1.0520833365942575,-0.42180927478000885,0
655.3993805792645,0.23739324007497678,1,5.359313848441467,30072.4126739144,45.44200745642409,1,0.6965084139856729,0.560192193831303,1
651.3070467290314,0.15504969208945413,1,2.5174336709104947,25885.18130834488,41.36182894394485,1,-1.5853658420768117,0.45093375990985196,0
672.7451615198356,0.2959433818838646,1,3.527309002894763,2059.768837411313,30.41418625504999,3,0.23898216944277453,-0.5026044415692033,0
683.2320500936902,0.21185218428316396,2,1.0997838598467824,7509.357086901292,63.47770939886287,0,-0.5718673925396006,0.867130608016373,1
567.4814031747794,0.23556083215691861,1,2.48964066924241,37854.704460893,50.30592404942283,0,0.04142211303946624,-0.5450416263846745,0
535.6006993051641,0.365398349650405,0,1.778894820668977,8024.419248369707,50.10094243357482,2,0.9603295516062007,0.4321064824881966,1
645.0689558262228,0.32885553129497674,0,7.531428413971555,40602.71057612188,32.75343306553368,3,1.6302531042888793,0.8587502249300716,0
535.3811608052713,0.12709316567574278,1,1.8984883545230213,9218.470125043339,37.36278218843661,0,-1.5592670987790045,0.8213987489208121,1
657.0025176737337,0.28696721250638557,2,2.38326111770747,39491.21123830744,18.0,0,-0.25991930950975045,-0.02206166443093749,1
725.0997500545848,0.11283384966843507,0,2.7026451079536424,34088.34098394982,38.96135168245224,2,-1.136094341296063,-0.46565073765923004,0
698.5689337532837,0.14768251116821277,1,0.1165235946104281,9691.542944282652,30.98005938004046,0,-0.5604012024913558,-0.7479188966571184,0
566.1463674539622,0.3285258538500246,0,18.384150776546626,30189.216402642276,36.389456970033265,1,-1.3210404952545443,-0.09110493960212196,0
581.1790038433985,0.15154373182960576,3,2.0348140871462608,7859.773860383612,36.53190983626885,1,-1.3102537762193316,-0.4869898741640988,0
676.2641036000605,0.23677678547440523,1,0.7546085422719244,21935.79679920881,35.091443566992545,0,1.0600511816547264,-0.3542986254003433,0
617.8961755893192,0.09408264971964185,2,14.444926264380078,5299.924446528318,54.16185858851422,3,-1.6955053896237404,0.24293572677783382,0
624.6675763958315,0.25951491561897333,2,2.999310401355956,42107.25637035626,30.949299103529633,0,-0.8450214071870488,-0.46545674664702275,1
697.7525184998364,0.16503336344939407,3,6.817166777025939,32725.768016766753,55.994902944764206,0,-0.20040843900773406,-0.3889748715123762,0
571.0170645233878,0.28736724715783324,0,0.5665321453423595,46833.34522489391,38.429224085397465,0,0.829766284198979,-0.11529274552242774,0
617.9012232071054,0.5461438578605141,1,0.9459123930591683,29830.4101924717,44.7098104438302,1,1.6450586045038593,0.654918580885713,1
585.9934019132319,0.13907492099075217,1,3.2541777269020105,29802.10005144326,58.24498061038088,4,-1.6975072813025307,0.362908548624147,0
566.5496401571716,0.4743479022516195,2,0.30443691104489085,26144.989241246767,38.34921479603963,1,1.0860834392687697,-0.7235050356875532,1
581.4337449063069,0.25069525597127845,3,7.911980793890441,20180.552070530906,38.71021593665047,2,-0.34804101989363967,-0.9722461305436121,0
704.1969735477129,0.45714069262914725,0,12.239846974970964,1036.8823439255914,31.50171107944498,0,-1.495054531216026,0.599068780711149,0
654.1456311585937,0.3259371080709285,2,3.0836188854016537,37600.404675599704,39.45891852512906,1,-0.503754961036489,-0.5343058871086077,1
579.667149693194,0.3234464854736714,0,12.594475176224858,37595.964467082675,45.85952837692123,0,-0.38130730384337463,0.4910071128444322,0
631.5118713925602,0.1822466150339039,1,13.17146789503729,39103.66257793201,35.154083336298946,1,-0.5529451858083098,0.6881594358282725,0
518.8954154302257,0.10116592804513379,1,11.988575863902852,29449.974663698682,46.06113021056542,1,0.4626880678225046,-0.8763210611330805,0
591.3349753933068,0.17498130280603852,0,6.145381886188189,41104.36456793273,38.54063430670498,0,1.9454060499421149,-0.7039269406173654,0
821.965962789383,0.19992646536443862,1,19.110821415915392,41561.82220925443,21.17317495162453,0,1.1434260427173497,0.8388113234998151,0
642.7804920267399,0.3276570354583771,2,0.21587791967963949,47358.45176852967,50.10123761831538,0,-0.8947285060712336,-0.5798824677452552,1
708.5327141624314,0.09008901870047982,4,0.3741598719095556,7268.337185360958,46.46790184245947,1,-1.4594522777066685,0.3824610717663106,0
644.7609299884414,0.3689945508629015,1,0.7981944022295385,28047.114348605548,29.926433223295106,3,0.20388053912693252,-0.7846794501362706,1
677.8535388193447,0.0026206694622839585,1,4.048653098635972,11732.06860107301,46.931898110831696,0,-2.5975855952987907,0.6689749049219262,0
703.0606471743339,0.3054681004371276,0,0.9633360353439833,20719.77328694832,23.432678769833334,2,-2.20673187105307,-0.6314268696859417,0
561.6306721978823,0.2638513993404101,0,23.720793170351676,45234.01507989751,51.16979700882679,2,-0.7884549818689734,-0.3690571989146476,0
647.5250994180833,0.08897039815167035,2,7.527940368209922,36238.08816528716,38.06343454471116,0,-1.1297429367717626,0.7338155837711708,0
776.3092155533191,0.3672365774886371,0,1.256584863810094,10604.211961358696,75.0,0,0.2607188551563461,0.9202744352140875,0
586.3599559957368,0.36842838925591803,2,10.30358766300373,44982.20015571259,35.87775863776238,0,0.7201020428486853,0.9275823071224714,0
604.6848117014224,0.32000045410345335,0,3.5073135657039063,36787.4685918296,18.0,1,-1.193555694755636,-0.1912489583844006,0
625.3846978106399,0.10928994042606564,1,2.8218957694894717,30849.495962486853,32.74018386478268,0,-0.13934778393529165,-0.7726374557206661,0
671.5219258540998,0.3390827351351042,1,0.7805581962132162,5182.220091711144,48.19039907794289,1,1.0195150275324865,0.3753883816202581,0
691.9934290916706,0.15326770950955046,2,10.865400250006953,37395.92303484398,33.35008414924773,0,0.41203343116787183,-0.13473590825177206,0
751.3929323854925,0.6189983671381333,2,7.999692605007133,17341.93949195539,28.761237598062536,0,-0.7733920865970666,0.7456563377346421,1
689.9598586774928,0.3144688791379757,0,1.935513037747131,9645.476606838587,20.73610687317322,1,-0.36557902129329317,0.8866659207661718,0
645.0357499361332,0.48370980105454103,0,6.947586247571131,35626.693604060056,49.40938970601188,1,-0.6646412681029947,-0.520670519878359,0
750.733370368865,0.5224132394938057,3,3.693234929507831,28877.228684792986,46.34936864708849,3,-0.9487997427088948,-0.7553718964742142,1
706.3288817713266,0.06023972177497197,1,5.987550078605889,36331.68760241944,46.45998870481428,0,0.2008113835422922,-0.4601716925619759,0
530.3456386994387,0.2734204677783694,1,3.5346991297147468,8610.574605020942,40.15230478384403,0,2.0781649326298792,0.7854305784714508,0
850.0,0.6448561376673101,2,4.603038638798508,24540.247144808563,19.681404181491814,2,1.1639750628935304,-0.028670479673198024,0
791.5937110557387,0.28211069089529484,3,0.5493433432823412,2043.306873698136,36.27013726169462,1,0.2255044439713764,0.20571256955507722,1
636.5428621786341,0.3211193482039694,2,6.732861223870702,25422.41763965557,47.290755310227425,1,-0.04397692203752195,-0.03160726973424777,1
680.232808139078,0.3777105601559497,3,12.725301368899892,21640.90743165349,33.876260460953546,1,0.3724788693311375,0.4103113699964427,0
755.9486999996672,0.16090178023459428,3,5.3433521438555145,28642.164712507452,23.55310179141422,2,-0.3841533092526512,0.593574993697181,0
636.2239365842494,0.4840728080894077,3,6.437771410645517,16175.271928595259,40.55345660990241,1,-1.396817525796442,0.8198697436410656,1
708.4281432301616,0.3189005230557143,1,5.404412322486362,40913.10793169994,29.465918903458338,2,0.4066927770920221,0.5613468832609072,0
738.3662778857181,0.3457353516368313,1,2.8661962877268756,2853.5187789294973,37.82658324125898,1,-0.44935812901591254,0.6406059846343022,0
568.8139273812448,0.4065613211202965,2,3.738458923737817,12911.943659671275,45.70363293525651,1,1.6543295998747733,-0.9145613826188552,1
601.813451713371,0.11701859133966297,0,1.5506633826739622,44678.75773080227,59.257103001121344,3,-0.7564784978655721,0.7625560208683355,0
723.7126718248464,0.3940326673578916,1,5.452327750738104,29943.720147614946,37.128267259924634,0,-0.21744116255539161,-0.3821078506398945,0
686.8651581719064,0.057262657088910464,1,2.2920621903022265,6085.830713417036,43.29084169066938,2,1.4097407088790113,0.3395991447224813,0
723.9037248251158,0.18169787948241134,3,2.6084719268755685,21053.01945558274,34.801249766848805,3,-0.7299828243070018,0.14285290604754297,0
639.3945588277026,0.08323698833199412,1,13.011248248838394,6608.998444070834,47.28180277498499,2,-0.359808389624539,0.8419338898409758,0
626.8795831236614,0.22772618602445793,1,3.428573541529825,17360.67168708196,44.15326585871719,1,-0.1332608263075222,0.656566932250056,0
490.10884195333017,0.12856357997082327,1,3.9851302995456046,6587.94599373967,45.066469565313746,1,-0.8458018860853207,0.367340077079503,0
558.3199658794045,0.14297478701497793,0,10.391485519731312,20668.67215152289,48.7208462186168,0,-0.6347835925772716,-0.39203318958000444,0
653.7652875726795,0.04616990021525127,3,0.0967580480686646,16395.750904737164,43.0413784114302,2,0.10670518871447295,-0.07315963069914755,0
715.9645775651389,0.40314144366597643,2,0.35332999933988257,25449.691362225167,39.23241320565484,0,0.5656075469406039,0.14442925344527757,0
692.4942693228556,0.38844124285737747,1,3.0791521760755676,24488.02070563983,45.657864572600324,1,0.2570177046351086,-0.0794815392302195,0
639.7406420777838,0.3016276556622082,1,3.6760549114945222,29674.62081647556,63.19881787137864,0,1.2706279351209442,0.1294538712194666,1
628.2582746807443,0.2939282764463204,1,3.6317141886064452,1140.2441953212372,45.17953330309132,2,-0.14009764368798935,0.4403646333323732,0
667.3743706110624,0.18722010760067567,3,2.757245812868227,26651.411225780404,45.05844814773344,1,-0.635230350457996,0.8410769974770864,0
656.2568944873722,0.1296316549144038,2,6.4336926004807875,33440.889174423006,47.34028243377875,0,0.6253364411690211,0.3931262377937885,0
762.3636411951769,0.160294303409629,1,15.824428930038001,12248.313888317702,45.081244289167486,0,0.531612732196421,-0.16063006225082943,0
661.71526163826,0.664534065815085,1,5.241484432272125,20418.833818700627,22.05561379115002,2,-0.04271981067351608,-0.19614364018642183,1
531.5003230242162,0.23872626469956648,3,8.372457213729811,3368.2540724744927,38.484905847975405,1,-0.31098327621827687,-0.24544740968242929,1
548.1953491974147,0.5540758173100226,1,18.909207785720355,38104.58541566271,32.185967461720054,0,-0.11822409280315163,-0.721544927611627,1
771.5007469570864,0.17048171568062878,0,14.856132221215649,27447.25458673182,42.56228136864887,2,0.10254431374397152,0.2371342663715379,0
556.3071630839936,0.2743991533806759,0,14.503784311746957,31290.98926389829,55.5718389772743,1,0.34558944456287904,0.15015973654402548,0
711.1597962426827,0.3084334879913332,1,16.693803051359986,35260.849538069124,36.21946298245216,1,-0.8641431703841755,0.8835723751577189,0
628.5301811832495,0.2387303655028722,1,0.8587045289825802,2007.8284373563445,35.587410689092586,0,-0.36883376997481826,-0.3989924461773693,0
636.4193364878012,0.084510570829079,2,0.6123029022307721,2608.5881003779787,44.32459503729402,1,-0.22446611449758064,0.8284609581716327,0
639.2693773785264,0.03517839427230606,1,4.5684707498307295,43298.23699311368,46.18370424448264,0,-0.06511406229959053,-0.7404762085619887,0
747.7107967567358,0.060855050952100434,0,2.5856551387460245,1889.2602790246501,46.59118596088477,0,-0.5917351672124121,-0.1044991911898554,0
634.5726537164828,0.11143073669456764,1,1.5854574982568481,10440.036983602193,37.293778475113115,0,0.5863103791113534,-0.332001644015925,0
647.3344573723878,0.08570691564227756,3,5.2019270570765785,43566.91615990023,55.835193092315116,3,-0.5339588244074968,0.7976173404364673,1
527.5357202080406,0.19730871408433834,2,7.366048395282213,8830.826309174241,28.123784080815845,0,0.7060906531281743,-0.23092615386551074,1
666.5352409366403,0.08715455748139472,1,6.58691469209791,2453.9200797140384,43.421561873358534,0,-1.3710068898764116,0.843082585014576,0
692.4834005582447,0.5658129974719791,2,2.9085651931513254,11438.539667008663,51.228665824324565,1,1.9776322924053507,0.7875116368079622,0
669.131646452303,0.15683868222066788,2,3.9800996423755723,47141.324693551745,33.114600294120706,1,-0.7833302267826717,-0.8812528518530722,0
761.8317008869388,0.27489714087321565,1,0.7218278353928445,43078.61152680477,38.37362766153621,2,1.6937972502020502,-0.130491365143504,0
654.4137083824186,0.09198187555709372,1,2.4402526271657665,24511.001323511213,50.89492970520331,0,0.9418483573149133,0.35404021535903274,0
673.9181964895214,0.20068442591745617,4,3.530911209690895,15361.774576764588,51.89071995184683,2,-1.3495658619851374,0.6772715945195116,0
781.8803208214543,0.45936405676600023,1,3.2278258545377496,30287.893855319886,46.56172883248183,0,-0.10861816544106277,0.7121155001394257,0
525.9988648513481,0.1752705348654705,5,14.642848940748221,35148.062163327275,48.193090463263964,0,-1.008854698867736,-0.4671795720368366,1
613.5339721760505,0.26707573376894167,0,0.6111691601033403,13574.415391654305,18.0,2,-0.26381136830064433,-0.30844034127503894,0
764.0927001615413,0.33492045566223,2,1.6568276311929975,37023.5018855828,18.156684300801757,1,-0.8376068109029766,-0.5237639708364705,1
724.8903318648865,0.24991550439361696,0,2.852524244706217,15159.228760239495,34.520703041135214,2,-0.5535728645454323,-0.09974006354318088,0
704.2704079072377,0.07825604931143715,4,27.35159950463508,32597.879975624794,30.30486082639705,1,0.202308065548549,-0.37462867103260744,0
716.6120591571582,0.05657741223121699,2,2.078943010500884,21613.281730163388,35.856232870139294,3,-0.6211857547977271,0.5428758108156175,1
676.1652967296818,0.24015047285950436,1,2.691340654637073,38140.41445391797,34.87193677688799,0,-1.1179090481645044,0.8752670838971095,0
780.5277942025817,0.019085087604497838,2,1.785224782300876,47380.84938592779,54.439230292180696,1,-1.9568392706732822,-0.05487439169020503,0
680.2207335784574,0.262299248866751,1,3.632738925708043,17161.02254458688,58.740363061979195,0,-0.1669385561107132,0.01973254860685203,0
669.1893684716223,0.42364634122609324,2,1.3059618174572643,21931.753360143306,47.408864860993,1,-0.17937584376610988,0.9871034613789031,0
662.7166939300514,0.11755353051424512,3,4.4896404856981595,24451.872340901093,37.086191483310905,1,-1.2576772497239124,-0.545989980887361,0
665.4291164440309,0.12162017938457725,1,1.5654915459504788,37686.93468669472,26.18842054714976,1,1.4667419261377015,-0.01028371906929526,0
557.4386175347306,0.41558551976438246,2,0.6915733503885719,48852.21539369321,45.51430564996995,1,0.2092574937280635,-0.7581728976205926,1
711.6538443570674,0.23853666120057837,0,2.0771240805750586,43699.38932498086,37.68106475479681,1,-1.389024451806379,-0.7808044609889686,0
639.5648212973338,0.31421986135683566,2,1.0258558199515069,46661.23697964831,28.547549702496365,1,-1.1832822699521346,-0.9896689008257211,0
795.7532078288325,0.31820878606504155,3,3.9453075596768112,8502.729101645182,32.83313851714611,2,-0.7914773037600588,-0.6101395472470139,0
643.9479623529262,0.4277468307366777,1,1.5087097506725091,30672.395491256233,33.1042068144032,0,-0.3665887164332655,0.7666122139966147,0
683.6734627340526,0.2239193553872007,3,0.46576799885264397,25862.885775839222,47.227072034808586,0,-0.5271431016115863,0.31995077377296366,1
669.7281749009068,0.47387783597759137,2,4.791312247318459,4540.997882244157,36.69424340932444,1,1.1684322189337542,0.46486583247535496,0
599.9554371912598,0.3085922302116837,2,3.7455811841879587,14890.191716088364,18.817384765083975,1,0.9673618241148201,0.7343766207079125,0
729.3709462814804,0.440550724045445,2,10.372665417754874,19975.158548194686,56.926423258119144,3,-0.041916272670735985,0.9883489645893779,0
802.4050912448014,0.3929346762519871,2,10.836904680087283,15262.35070305461,62.31350237148403,1,0.08444242031042201,-0.8843812940016416,0
648.8178224272124,0.1227303792625812,3,8.851072915161843,19669.787494121687,37.83984246066095,0,-0.5161686989743751,-0.08069127343772764,1
625.9616971531663,0.4867314411677938,2,10.310823098788266,13769.743785222112,37.5803124504005,0,0.029434199988689427,0.2762376357021914,1
621.5977015155701,0.4156222247401522,0,3.625318970641183,35231.959225785446,24.810991000964638,1,1.6098447494043713,-0.20095181137848606,0
498.6110485346127,0.006557316939249555,2,1.973350564725877,25285.270573584763,51.76377832472526,1,-0.9132602638718208,-0.5356104730786573,0
635.774948503759,0.12217727800239524,5,0.18517365416202416,13876.373027863912,60.805600330429215,0,1.1297135814815187,0.6217042527284766,1
670.0798492806659,0.07465380186645783,1,6.895173731705668,23615.419799764153,57.75852614581551,1,-0.08965958045686234,-0.33560457158265233,0
734.3806340144226,0.07213660361223509,1,11.99809861632284,46622.836485191765,36.09523513941315,0,-0.3672880205666835,0.09315363650956154,0
726.8038192919943,0.25333239445576633,1,0.3465274801262248,17343.52214810746,26.006246163789882,0,0.4898068804517399,0.8284043580030327,0
616.6800734050646,0.1983425379028369,0,2.2707963624712852,21675.811277944456,42.662114671775264,2,0.7632730690364814,-0.4917679853705026,0
627.8541604180889,0.1787606423251505,4,9.004615700726095,15565.164328263834,39.19469705831794,1,0.243560313581339,-0.2466992247856965,1
739.9124244491551,0.11044827523542307,2,0.6955325058899755,4586.136916574402,37.09582981846387,1,-0.19275122003464368,-0.2640346678948535,0
636.1228882341696,0.06404553851081446,2,2.531614955721831,15895.706163716595,44.059129598383905,3,0.7618882993346141,0.6752243592132323,0
609.1976368195507,0.6235441618591532,1,3.700257652132677,21146.32006384373,45.59509595189194,5,-1.7235945524911902,-0.896717060651699,1
761.4014759547417,0.2860878195994431,4,1.1167913745660139,46753.75149595803,38.67785484396316,1,0.22634255362674807,-0.14812256470970553,1
733.0068533640507,0.0983639464271348,1,0.5131007402002609,42557.77394022238,45.25035703632121,0,0.4384079066675103,0.7715427743467509,0
651.5033433419406,0.45349928191273375,2,20.679316190726066,25274.59168677471,43.6078746640319,0,1.0789365468258825,0.19407310824342128,0
602.4978041777066,0.32749200418698565,1,1.2847499152455333,23732.63056320828,41.27375705132701,1,-0.8180683517031737,-0.47560207948413025,0
489.0495744604233,0.35471066991272493,0,7.480019340213238,20372.320638060362,44.07242790535876,2,-0.05024436297714114,-0.6127725159002826,1
697.1762884459779,0.15604867574818418,2,1.2423556735845138,5781.018462415405,62.36667048638846,1,-0.042154006020339495,0.16716159382489804,0
578.2904221958256,0.35226025655167587,2,2.012780268685445,28607.831876102533,34.262965532528014,0,-0.6317572522787213,-0.14296172469150692,1
492.98143926873985,0.17771838048392674,2,5.601631931400598,5017.355387046213,32.4665273538328,0,-0.16947936269597427,0.431149598292055,0
776.7856421879214,0.40925318493169294,2,4.995163493742503,29679.633302167716,48.651278850908184,0,-0.3996637281427956,0.2719884659835494,1
701.8374232807911,0.19191185532818575,0,4.088628652176913,23688.666424239702,32.25651960245915,0,-2.8590250511990356,0.042479864480714724,0
558.8793445506428,0.2519383949386443,4,0.004103277992633243,19559.06625059978,34.858594851460644,2,-0.30185472045350054,0.21089234431317294,1
552.8478893632592,0.29123530682953175,4,11.491924965064882,43561.61492821152,18.0,1,-2.5270786149471256,-0.057595573662672095,1
719.6769425737295,0.03811355997632152,1,5.079972595935781,9882.765670410683,40.16513568728479,2,1.2890948542360043,0.6421297207113614,0
579.7623506771304,0.3421084645380043,2,12.626452567065192,40317.087452167885,43.45918004969898,2,-0.2120585377890271,0.6284584737389394,0
753.6919894022307,0.21951768136360392,2,7.757130749839483,49498.535875019166,47.845031476497056,0,-0.32866274612409363,-0.06384082282074632,0
699.3167450100924,0.11942778719262263,2,0.47937173599562455,35282.196216706536,59.43180198562824,0,0.36265649573600983,-0.04810861572898717,1
692.9277216453459,0.34440758201136995,3,24.989718869746596,28834.422992772114,51.76744817623252,2,0.23209115318684478,0.9092455307866769,0
682.375636449144,0.16352415063063663,0,1.353115841437017,42010.91156553219,63.69219768358437,2,0.36845810455957734,0.5529891531951054,0
665.3160697619129,0.6569497320729245,2,2.734668171741015,17336.393437981715,18.0,0,-0.07170064009449904,-0.29621585659369565,1
720.4408959341688,0.02697141351825561,0,9.196857953052206,30851.406882798678,18.0,2,0.45683223550227,-0.5541380927834636,0
613.6735709987515,0.378379258982034,2,1.3689913272182255,42875.67834992664,30.53859970282659,3,0.26247198279327993,0.974193729487991,0
656.8761578747508,0.35290450102004844,1,15.57054893227435,16277.01197726855,51.80443256248209,0,-0.21420207043220774,-0.11912178200587897,0
710.1557270141757,0.19120674789648634,2,5.135688220442123,34328.121824277296,44.48400310543866,0,0.4749663165866927,0.6875569317805468,0
695.0391774868903,0.09393015689470015,0,14.033122632759316,44554.24392006766,45.45131406240905,0,1.6896759074907082,0.4946239695959791,0
554.4010555785071,0.2640797849501519,3,0.975459442736514,19520.904836642214,45.63749175454821,0,-0.4153568557023931,0.6762350908702874,1
609.9672266156589,0.3218396941439413,5,5.024540404567551,38637.018927562516,25.62768252983972,2,-0.8510716618437559,-0.057984333545361144,1
670.2242804335324,0.13325319101625605,1,0.569738339421028,8077.126865940511,46.18782412684244,1,-0.5824991486647904,0.030105448060764317,0
617.3588232768083,0.2831935610849219,0,1.366713326471284,44692.175269959575,35.39988449298427,2,0.041989826880309125,-0.6854598559623548,0
791.9726848778666,0.6054259679947043,3,7.773709212322131,44561.66522396385,51.124227366357545,2,-1.0095626032923994,0.35113720241387325,1
618.547744419671,0.16771315517162666,5,17.22874575985703,45034.052336314155,45.77375757837023,1,-0.2490833685498105,-0.34455863439213297,1
637.0225241938647,0.3959965439227917,0,0.6611554495582488,41266.19794430548,47.24328584580423,0,-0.8803620385790719,-0.929546754818829,0
711.5544142541843,0.11703054760305391,2,3.8492111745457547,14111.146801188961,36.430368879649336,4,0.31185452205076647,-0.4006313757324411,0
676.4426194587933,0.5117250735404997,2,0.22306727753784344,32783.83393045854,61.9445631196047,0,0.7123038924234555,-0.212409612152344,1
638.3780434236185,0.09811759988648866,2,3.329641260692088,24203.651345606566,53.98567847347701,0,0.7675710363780747,0.8373880214918408,0
589.4805176895402,0.20298483982233123,1,1.8597493256269828,46280.93605168455,51.78570269446997,1,-0.3962957971695618,-0.41492069448149915,1
674.1211245917412,0.30284983746420585,1,5.4813100010277935,25374.06593473122,52.12703179105163,1,0.4416548912802845,-0.22385094836637465,0
733.1277152302714,0.09730428731649648,1,1.3357246150296145,41691.24557823247,51.175990140288384,0,0.42280024358578544,0.5324784971786984,1
688.3276179278582,0.1732856259615385,1,7.2839513859035545,49679.20341916858,47.9618112822962,0,-0.25651144967222805,0.7097482005640872,0
587.7453182835102,0.4050763877248601,1,9.855073112812358,40869.463991751225,18.953055457104423,1,-0.3658698879262659,0.5080778476511449,0
788.9419965581369,0.27063933365971415,1,3.370037146901193,26723.743569557482,41.74880139247797,0,0.1456400647087712,-0.07712691193066545,0
534.2737687971285,0.1406702109936474,0,12.785542233736091,33743.414250039816,52.31579704456658,3,0.09102578076567142,-0.11669103015023863,1
523.3851486557769,0.45625329536226494,3,10.855811716000435,31190.703678367445,18.0,1,0.6808454192451596,-0.5290405662727127,1
726.8445779565783,0.34574883476440404,0,5.181963728680583,32622.950021562574,23.56866847262019,2,1.5979327743287264,0.5310060986827763,0
668.0672382882152,0.2253286901636482,1,5.491646267869469,14586.526850906357,48.89134262882175,2,-0.9043526181008943,0.6101641135587126,0
606.0401162956767,0.27042155853158256,1,1.5544291365371656,37617.384645267164,35.41130602986285,0,-0.3183112007757205,-0.8829447670105115,1
562.1143417955736,0.34115014691787354,0,6.153285906450748,7765.368358451907,52.71718662407276,0,1.1728469742191405,-0.7373098771537612,0
835.6639871424238,0.3020721216326925,1,0.22213858816085513,44862.49944027213,60.102515053563636,3,-0.711671990224488,-0.16891493910580468,0
659.3672697724354,0.3895682558558698,1,11.878490256829512,26680.548349400247,51.77412237643669,1,-0.9048208648069611,0.018509853688834843,0
692.7360936676617,0.168894716233873,2,10.517493485174178,44248.74037661845,41.03176872205638,1,-1.135562478174179,0.9905515481652132,0
675.4308077790545,0.1995118841775196,2,0.3427865326691669,27926.052546285082,23.40341941199336,2,-0.6293709571410367,-0.9416528494357972,0
684.7846366184926,0.4854158709038912,0,6.035704312588207,43809.81412441285,41.9933315110153,2,-0.7893393975673949,-0.10495964816726411,1
693.2075568419845,0.09198497267438475,2,10.348932718536188,33702.444154807294,59.6308200835395,0,-0.984218963981693,-0.7874781207478496,0
708.5939207803901,0.13090479399697666,2,4.345967466659218,45106.0805563403,43.4552576469545,1,-2.216480030339579,-0.8143718226556309,0
619.9822079391462,0.10008103013900352,0,8.460155608449263,36870.64536640453,47.492085417531605,0,-1.4539785013449813,-0.18329154891742228,0
626.6686410918525,0.6616089629908518,1,6.554165974147228,16412.211014259607,41.77489744282044,1,-1.4427770239209248,0.25422226213106325,1
510.71817533128785,0.4822927678930293,1,4.07970252491335,5424.526160005917,47.88373581194347,2,0.24660929206887083,0.2703780971035259,0
587.5756474798768,0.24983109263663697,0,0.9947600298007154,39712.22426676647,29.567610530888675,2,0.08756449316723222,0.7109404583797514,0
671.6890237157372,0.6182590996188735,1,3.092701329469261,4891.047653612137,39.896837393474684,1,0.36948783363321747,2.5436455629801458e-05,0
733.6018700402152,0.38343492813174584,1,0.6167510075044143,23086.47169288559,28.432937417246976,1,0.03500287907468011,0.34709226638703994,0
697.9231621100947,0.19799782457354986,0,0.9875381841322116,8851.456600894719,41.961118572866425,1,-1.5504997223115637,0.2959780552319158,0
622.7446124897656,0.08044137726577336,1,8.723932948713113,12431.624286842934,52.182679174988294,2,-0.14480936155103954,-0.3081872853793872,0
548.9461670331876,0.1468901783818163,3,6.9462909822324335,5919.627783792708,43.68001912226921,0,-0.840445194968328,0.20770436694990124,1
427.81126836580535,0.32633189188892026,2,6.604659071012047,48906.58883812722,44.19194641147625,2,-0.45573754340136857,0.36874758753468373,1
742.138717982464,0.41548198393597335,3,7.036916345319879,19904.916674214313,34.70291764841997,2,-1.6827119602987448,-0.749296054364921,0
602.861681079188,0.21398443757415544,3,0.6516240506848815,19253.89348394893,30.082320238599806,1,0.9059780803168929,-0.5501002423722132,1
614.1227995036753,0.2097525637811033,1,8.13148738187248,44379.59522980859,47.95392504211219,0,1.1730252936486456,0.1367604577774908,1
660.5259174326455,0.19630258609022483,3,3.547690597358572,26411.85729304351,18.0,1,1.1300061368758134,-0.47239498275506797,0
537.5551962086488,0.11239360800480123,2,6.266410469383134,39963.83195132643,31.39135016064709,1,-0.8550983193888424,0.22959977701354162,1
622.0174255910771,0.16713612102637018,3,4.9666517096703515,44743.478056211825,63.889341123201355,0,-0.42987821897239376,0.8397192486487859,0
811.8777559815979,0.7928113550520932,2,2.4124210125254955,28859.992605424817,58.026516925179884,1,-0.28558821405311263,-0.7959794904137998,0
690.4309550861874,0.19666626209726273,3,0.24271633053596647,49469.345962463995,43.40425193660962,1,0.16810757333989734,0.6844458863311296,0
678.7399325210765,0.194290639835336,1,2.5543267145586657,5283.2070358292685,24.118475074617727,2,-0.9988387571269731,-0.8683498301638388,0
523.4004417614593,0.23108801261790174,0,2.99414762943282,24249.8673725318,43.236391796570956,1,-2.4366278734271023,-0.8357028125789514,0
829.4881515666112,0.37253741850784733,3,1.150557448921261,30606.878820934147,43.58762040177242,2,1.317395939656003,-0.7299588558504695,0
536.1764073098926,0.3782162560180996,2,2.482680368126624,25042.495325818425,46.49682459786509,1,-1.2365131425039768,-0.04754725120918968,0
803.7859804355519,0.14470131246480258,0,1.5098385445444777,41342.83644641363,31.444209860848257,1,0.4156616857703494,-0.6574480900241018,0
480.7955187849754,0.39698290058425156,0,6.13768333149022,17819.47371867825,32.50676963222822,0,-1.443823148388983,0.3701272442623291,1
762.4292350979537,0.5717331050103732,1,4.039290504253376,39155.194804836035,37.83868813814574,0,-0.36859966527214816,0.4157002469064517,0
779.444341520018,0.27490799552400885,2,2.9567546385552705,27737.959102607678,50.33981069713455,1,-1.0842949513140256,-0.22088942507779685,0
584.0472702937732,0.33952023486869687,2,2.0463365368561397,13484.35273302114,61.23835166392107,1,-1.5276738739470312,0.5381210835212729,1
683.8064297818306,0.40804430897334426,1,1.4842552072665853,19915.672083611164,44.06524499546615,0,-0.9414053607101553,-0.2898276786796421,1
693.7984457683732,0.4779416484977705,1,3.126698655648221,10426.131406895282,43.7677538387534,0,-0.19280792443877198,-0.9741923014650167,0
584.8964413414956,0.035616880740463416,2,6.919978186660355,22295.84262402851,28.737016827284137,1,0.07825741177842264,0.7201480143255001,0
534.0705911410456,0.10379604449072455,3,10.99403917933359,47409.47311707949,49.17572654048722,3,-0.4939500786685504,-0.32525762007932446,0
544.5826125487388,0.2711632760034108,3,0.11269374704595068,13852.453968799111,44.084791619381036,2,-0.7645063368212561,0.4889698264429707,1
693.2806575967846,0.6016376884726607,1,2.3732353883108965,30130.510035165364,56.981068584427526,2,-0.20679774096902448,-0.16769284608045743,0
643.1907517984475,0.03492427432941266,4,1.784598486628429,32889.68028879972,26.597387186528962,1,0.944353596433382,-0.006336739369215305,0
604.8559173358271,0.13801431076464735,0,30.0,28183.910054643846,38.0032187757054,1,0.09784192645461993,-0.805669857912338,0
727.3414408933168,0.3709604726331953,3,0.4792029015042292,20883.371465609107,67.46227354150243,0,0.014827708659267153,0.5766002567727615,0
690.6454327513183,0.1916724112364497,4,0.5068128569479766,27579.207211982142,75.0,0,0.7567642515969548,0.5883433760790509,0
589.5629818907494,0.07036170427043217,1,11.504882673538956,4635.833759620207,48.39386473971496,1,-0.9952589562468683,0.4782336220996768,0
553.9038784786088,0.24650876360832086,0,9.807626828604965,12144.764471367555,18.0,3,0.6508914600806798,-0.7910352530689626,0
691.8609390950462,0.21787840950025472,0,30.0,32266.214424729063,38.090564751427564,2,2.1532871381518413,0.28059983948270495,0
606.9933305153551,0.5295669136125275,0,11.01484520315539,12526.553641537044,34.40797826765595,0,0.08761024631501106,0.08626401831158859,0
657.9363890025202,0.10041891996194904,2,9.926406779777423,39239.61336860631,31.186106818214633,0,0.21027364700155315,-0.5777901475110168,0
776.1039178102174,0.48724619339284664,0,15.549730394327918,8848.899719437384,35.46208475639989,1,-0.8307487210600437,-0.039301998685890904,0
690.1862592059824,0.26345400173622135,3,7.146535447661625,43139.48850906947,45.222377657783746,0,-0.1066025446525649,-0.6479190217521871,0
581.018640019741,0.5773911814060372,0,0.4663002860702869,21623.629419319383,37.34194424926001,2,-0.914505075236235,-0.9416545129266389,1
662.8528951855818,0.34365035413330386,3,2.0459383735648546,44926.37146786822,38.728357499584526,1,1.4663277176674896,0.9743533321583975,1
573.788403774769,0.28694454749384046,0,4.2784586929129995,10663.942363767921,35.47214282107659,1,1.200604159467517,-0.2817917533581693,0
778.6817724758979,0.39104463007626666,2,0.8057986499835661,26248.595747729607,32.354443427737486,0,0.872329613089913,0.7137504699232167,0
605.0737000317423,0.181056813574652,0,0.23141333362012215,22207.770048576545,39.850790917885604,0,-1.4030756662924382,0.39265807369118244,0
666.5816597578895,0.3239167404871854,0,3.522340761734509,46446.55166769991,53.577162189675924,1,0.4600173228561466,0.6807811122673673,0
674.6186059743545,0.1441469826786389,4,7.537198305169101,14381.183113509996,47.26011911686835,0,-1.2828754638584827,0.04683674267982196,1
662.7400374698962,0.2104774697949295,2,2.2006875784977216,24412.688138906964,34.90000892856224,0,-0.08411136943582864,0.5550231057045893,0
493.3160835890769,0.39571138395754996,2,0.22364447246327018,46651.697248471166,29.348198864507864,0,0.31576321163992477,0.6129085743137241,1
534.2863148813337,0.3556291859969878,3,4.994998145367545,24403.21690675755,24.53882394487515,2,-1.4857217486051932,-0.7251875374184535,1
613.8119779544727,0.14237773905661064,0,21.354239446217154,41779.76615343763,30.129908296370562,1,-0.5795038261039659,0.886220396356221,0
675.5545466665225,0.13048824238968276,1,0.10109012587478264,13739.405790627136,44.00069042656725,2,-1.2352540129441814,0.7457994126274299,0
638.9776628571384,0.1091382838275788,3,0.6564140548353703,48100.98281925661,66.76899341787956,1,-0.7445383851571782,-0.03355911114558663,0
573.4282021479187,0.0925761348068063,1,2.426800834085598,19546.040655616845,41.88868446103589,0,-0.5975880609839732,-0.8939110996511295,0
542.126054470264,0.6077328492615781,2,3.8007323906440043,29524.85535279683,59.411880729500076,0,-0.6493856575393361,-0.26928482549957633,1
617.8753964400526,0.30038299022644055,1,22.350275344483194,45089.105556324386,38.99938334679291,0,-0.10877842629119702,-0.2266243933964418,0
612.5219164256222,0.17195223899396214,2,6.082283825427368,37940.34029273236,32.95689189233847,0,1.8143581639979807,-0.0717396898279643,1
691.0269166074205,0.41326472256735963,3,14.052279346696707,20176.183280881254,35.86799167696916,1,0.4109437953784649,0.8717257181358047,0
623.8945230273346,0.29339265362637396,0,1.1904500404195457,18284.52110182339,30.136201513282927,3,-0.16204442197876953,-0.276572149924037,0
698.2166125143464,0.578498672350682,1,2.817109432717067,21235.92683770887,55.22411672482122,0,0.04014998783720061,0.48893046235776105,1
602.4280184223676,0.17680741144230142,1,0.3772893730219993,46096.53430626182,44.71403353645669,1,-0.1500962069641127,0.18568438554671807,1
629.5233864628585,0.05699539850224042,1,0.9846432913434989,29611.954202896013,67.81768449708797,1,0.33992417852049384,0.4169219283781789,0
622.1562896285905,0.1885088523550631,2,5.445666076254941,2567.122717139261,56.917845901959446,2,-0.60852773363407,-0.3586758309298812,0
587.4106426478328,0.20706761879849334,0,20.87922657374039,40390.640856530066,21.12568048706594,0,-0.6144548475243807,0.5601309963237386,0
700.0094925146984,0.12942129360255974,3,1.9670990947368538,27380.27066136762,18.0,1,-0.6440967868087375,0.062190250664541535,0
584.9123202324395,0.36702409007425274,2,0.08106317975838821,39307.11733605007,75.0,0,0.1554010490958156,0.6879197020745911,1
608.2686792023505,0.3442914696415643,0,5.674114568576824,35856.68827203222,43.0316354504214,2,0.018055660022059147,-0.8775554167115069,1
644.1504283241442,0.639595823425434,2,3.336602694297529,2411.203080427723,75.0,0,-1.29204950489684,-0.7463020217107585,1
546.2096275234608,0.3877583917053306,1,14.766000084532857,18056.534430547872,34.5868444386394,3,0.8353226413688948,0.10771324854645248,0
624.0052033343601,0.5252308717601565,2,5.769039766192466,24356.0531421952,24.0578885661847,0,-1.7763302673921608,0.3786165033944122,1
593.095491220577,0.59579970825842,1,5.146881694215351,41764.88455537672,44.13296907607638,1,-0.6090123328691827,-0.31066038714237165,1
618.94766460142,0.12412899406912904,3,1.8719593416471334,27991.345810459738,48.49464723466615,1,-1.5959788613712071,-0.17602600682148606,1
645.2057597863128,0.31583733513645806,4,8.228967376905299,1170.3382023062532,49.179787446463216,1,-0.0408704417373945,0.15515139898893326,1
586.0069101487468,0.24295195467248015,3,1.3737701593328349,37570.05249735192,33.195708186139925,1,-0.29181351300250663,0.8288958362669354,0
632.3939376143716,0.39729229557999535,1,19.88470655813026,40514.8638774328,28.34580612542526,2,-1.73480744228549,0.09022372092526165,0
754.6935001881743,0.17844989306707154,1,12.452985534619625,15238.562158619116,39.401447989615235,2,0.8726007780434826,-0.8231526499230566,0
647.936115339641,0.15975027484302254,4,4.847386714889913,26203.240925279883,41.99458810254391,0,1.0064085769448976,-0.5535579837877702,0
741.620973841538,0.22330455903370652,5,0.13299012156074358,7420.914241445541,34.8823572549418,3,1.7651679378982543,-0.6340073746020753,1
677.7195553605409,0.4280265912966863,1,3.511593746781185,40413.51770112737,59.100072924297166,1,0.6114570907575188,-0.9138165974071679,0
711.9328487855053,0.30224906987487693,0,6.123545315013676,23065.434169948458,50.437061960698955,2,-2.2303264616189318,-0.5409431637976052,0
588.043282498334,0.0467505876475184,2,8.04186259867894,43701.73280749229,26.329400313901942,3,-0.889037267890982,0.2795549337559742,0
658.392573206841,0.35919343367880807,0,0.26080530104203303,30349.329563317173,29.0332119191487,1,-0.5256477984821382,0.19676863384887633,0
660.713033809238,0.4651004196739788,1,1.351488598468096,39930.600488081574,31.056590227913834,2,2.351252234080249,0.6564075147752857,1
600.9899408900052,0.10212866703487794,1,5.092249512313406,11248.215440193153,43.9430803565021,1,-0.5107940690922292,-0.7766585407587601,0
584.1737340564574,0.33926036336385124,2,1.020988073084876,23058.404648776537,65.71046664965007,1,-0.32029880387897974,-0.4012945996173922,1
530.7787689674161,0.46232573485525513,2,9.347527348465324,46109.26188434313,33.08327368497316,1,-0.42023092487320196,0.7345476692792432,1
769.6911709561306,0.1929056869540367,0,0.8023094359656582,23919.384705442048,43.01616006717222,1,-1.306644115512674,0.5172099029861577,0
572.2077688518002,0.34336017335578534,2,0.7597223492330535,22826.356371861697,29.707465111170105,0,-1.7090397292066755,0.538258142674404,0
757.697685857784,0.053086159588074416,2,5.743456305040312,29786.61547809715,18.0,0,-0.146127728393198,0.15614598004733504,0
612.6005461073718,0.41879467906287554,0,2.067585794553964,27953.256506689067,42.58834714337864,0,-0.010476890981488211,0.8851970421278239,0
581.0005360220213,0.4783214709857308,2,0.11906023356032898,37883.899869668545,49.49302277302579,1,1.7170783199978172,0.7807979716884439,1
699.8015312243998,0.29587396468875354,0,3.0729524124407166,8735.588219098987,43.35551135201352,2,2.3631371779915042,0.5773467588595438,0
599.5046446602514,0.18308024385606508,2,2.5386856139459937,42576.45601420569,43.83719849955358,0,1.091215996859752,0.6250915709099027,1
695.4767135139422,0.16343886074671313,1,11.51963955658741,34137.539834602845,42.48642719903113,0,0.8087285651203745,-0.8812478316670374,0
623.3750588118232,0.23583669459214757,3,5.1822169955299096,41645.968439485136,45.04535777797251,0,0.13655334702340466,0.37723803365052033,0
688.433959689423,0.07058490713438002,3,0.9088247420881419,14881.101662063242,41.41443624736593,0,-0.6714709018940092,0.46079361569601685,0
572.5451148874316,0.2288430860638721,3,1.9032564013347693,43320.499983144095,46.36795165567061,1,-0.5383748277026452,-0.2390428351992857,1
716.5080846387815,0.5037466911067193,0,3.7311754442572127,3019.6531937828654,44.961255341592576,2,-0.4914257966830465,0.3769191200878701,0
689.0378146130404,0.16847166376032133,0,2.6519288079306804,46090.49136865426,44.0177797887971,0,2.1707128241788145,0.923172899123875,0
576.4279447949871,0.2039437682363768,2,0.4231866100968524,48492.7975924113,49.90749373340879,2,-1.1926627053772527,0.9109758954287246,0
850.0,0.22350870478307502,2,0.45775380355239725,14165.064692431135,30.528848897451944,2,-0.331921293600643,0.12524745276364202,0
693.2098421120395,0.4880703910390146,0,5.87978868251343,14052.086983436511,43.510751118193724,0,-0.4062365788671504,-0.2901557428620367,0
833.2373656424431,0.07028810868491518,3,1.797214941471432,9460.629097016617,46.10492291734184,0,1.3131551510344661,0.48308074192886763,0
778.0214254999007,0.36420905342601906,0,3.866895402215676,19056.017611720137,47.071501150243336,3,-1.207998613644096,0.10357718140273486,0
634.8932175825773,0.26505003039923364,2,0.6233073757619207,46158.751021653276,18.0,0,0.5938612595553664,0.02411870210222289,1
617.0182596316365,0.5125799989011158,3,3.6675916978083722,1048.7485511119999,36.922634830979014,3,1.371354664568437,0.7109608083228856,1
617.7232653263359,0.2583928016024719,0,2.1489725280816563,33230.569122728324,20.937646041472785,2,-0.0985959867226259,-0.5887558533696959,0
503.5977159657752,0.1825256245746054,1,0.53918359691925,6513.358274862925,53.92200710296069,0,-0.5674169756105221,0.6397791812683946,1
594.3331904520362,0.48942626166613556,2,0.15556283886554545,36183.38650046829,37.13125776311597,0,0.2826431622999038,-0.16048810215552978,1
669.7412819183976,0.05204023159471265,2,7.3792661325862134,18310.496844622394,51.62181712200467,1,0.0004460887864207919,-0.8483920620746175,0
772.0766048707846,0.500004048513372,2,16.667839989859974,26774.152669286672,50.650223068203765,0,-0.9044094156790912,-0.7616476293723526,0
588.1782493617438,0.43852494516751844,2,2.380301710402417,27507.460287720765,29.597403298882316,0,1.4212752794362,0.45983570730032186,1
720.5645279490409,0.31594362160664285,0,1.7384515043371505,3865.796937833168,46.20289419585478,0,-0.002364577160674303,-0.39368527749870186,0
549.7925326797344,0.18159463586912136,1,1.9772872481247812,20188.8728728902,49.847297879139575,1,-0.3391435342346581,0.04208271198644842,0
603.0943979831094,0.20936438893884782,0,7.2771955734943425,40576.40077317876,53.36748884986429,0,2.997426093889302,-0.26289222335952456,0
613.3887524568379,0.4603554854905688,1,2.4654326616545705,45268.104908611145,28.198417317277855,1,-0.6628485414460575,0.11610975805615209,1
679.7448865197995,0.17113456969738114,3,21.629505453361645,47068.169183845755,37.683811519681996,1,-0.6622741724758212,0.13889460099510353,1
686.5847717376649,0.347628273617686,3,2.5661511039355456,40668.761578444464,50.77471050472995,2,-1.5475941966575404,-0.6767711201383211,0
726.9873395851477,0.5220905081545391,1,2.902177542212463,26001.9796197945,56.34200235741534,2,0.5440349159888782,-0.8604207175433345,1
711.6669568323949,0.15202355758163136,2,2.1149147670449566,35428.942921851965,42.80760167244579,0,-0.040737702256874814,-0.5313757462931827,0
669.4534572321993,0.2755242140723919,1,1.3019306162883846,7147.3199130365365,52.16511638853919,1,-0.756862449263744,0.4575124113815212,0
681.2291954806898,0.19194611593713307,1,9.56266576855643,33834.9545188037,50.432129889541386,0,-1.1836201318509296,0.7522587388676454,0
777.0824552878026,0.46569799372330434,0,4.629861202065264,46172.39549248481,34.921428690375684,0,0.5822094344738323,-0.92118156220455,1
609.125905501419,0.05031938397900963,2,6.36439462110649,19697.22938837409,28.561615451075035,3,2.3202424844735545,-0.2229998762941816,0
711.978265525373,0.36383587172784054,0,0.4202868212296583,21456.50169269044,61.02001769639884,1,1.083729123402261,-0.40311985740473655,0
505.3484858801399,0.1580371034546376,1,12.274127713584113,27108.151161825186,21.56970247048132,1,0.7404976192600098,0.5433339318530774,1
682.9067394318087,0.13009503729530206,1,0.39799577195460845,37645.32451861127,47.23830305254393,0,0.16237986833862766,0.43301394275308036,0
611.3400366016714,0.20313283561016965,0,2.8050791140252307,24852.24682376984,34.46517617610034,1,-0.4322306067244862,0.8668741237891067,0
650.2056945945208,0.08903878198657403,2,3.988662807451499,41003.85245700831,30.504309253835302,0,-0.9297615854053535,0.1322644085811704,0
733.2068996042963,0.5062736180150329,0,1.114258256227561,25429.308863684182,42.76263147957506,1,-0.3448882236471098,0.7152914417045155,0
663.1715047621118,0.342264250863457,1,0.17172455324834995,13415.438926739293,44.98562005219389,0,0.05726370875793483,-0.7614908605884296,0
720.8150032967142,0.4304205365198189,1,2.9204114282671885,17993.20133937218,44.263808298534265,0,0.36678909516330716,0.2130650057015573,0
767.9011852110724,0.526635886202923,3,0.44953299512004474,40757.98765032648,44.46563510422155,3,-0.7938032085858402,-0.15078025257670924,1
681.1275175092576,0.6058126270531321,1,1.2092217365953695,37306.43797810353,32.89022831874735,0,-0.30194564274124214,0.9217335510196334,1
743.683285169639,0.124696048141066,0,2.368638284061487,40437.170105848425,31.594740537250306,0,0.39028113020489136,0.631732919979294,0
623.8751217856634,0.34622134595375703,2,3.6836166180534335,16170.895360277478,21.606636957179013,0,1.388546816389871,-0.3797300215668733,1
649.3432094184309,0.2166287014945778,0,1.0775974541972642,18461.43608093455,34.28643225542261,0,-0.0960223716910796,-0.08353036484178733,0
608.1904466881217,0.12671790131278798,2,2.2548041596459973,13999.75259407691,18.0,0,1.3997436602719433,0.605882101565532,0
733.4382075717101,0.18271986589568817,2,0.32182354563924376,36646.431882604644,24.399337222254076,0,0.7224882918191207,-0.2186095827335388,0
683.1273083034876,0.2895479935867727,2,6.202377433933934,25470.28764404703,37.584322765838515,2,0.3686599973248541,-0.470385759511708,0
609.4212430484062,0.44963797003440614,3,10.121112085020957,38514.948645673394,46.025619572365564,1,0.20235210451060245,0.16156459504789722,1
662.3735066917066,0.13441147208059584,0,1.2394049968817429,8992.36217249446,56.966790077981656,0,0.47296949241908104,0.19454524130037631,0
733.3254711054865,0.1064435849695089,3,2.7638635007077132,11997.957158807429,32.19875265380432,1,-1.247378075205838,-0.3023836262132218,0
646.8585607169638,0.141808253024892,2,23.432793181696066,32995.73519416053,63.045696296158766,1,0.18943903940945264,-0.8239421158595568,0
574.085375132019,0.18395629217604267,3,0.5839133341433282,43498.153278368125,56.368622631466216,1,0.10590508117386656,0.10915216904649094,0
660.552940462993,0.14889533792556503,0,0.5546004591870269,14032.595994332263,34.14610283008987,1,0.558104055364339,0.2907309692569049,0
491.55475271448483,0.3586441861036151,2,10.669582751328623,2738.092485302841,36.11693077223077,1,-0.9393555259316161,-0.04392457875032019,1
711.501651551958,0.5194811112283843,2,1.2008447826032256,9642.113006835283,31.11606222559547,1,-0.9918597285412435,0.988822211528025,1
616.2937930140256,0.05211790981417657,1,5.821680140714149,42767.16331511965,28.45707336162604,1,-0.9347680494013236,-0.9841062780791054,0
612.4551410976715,0.2658053085089439,1,1.8970273108030344,33566.56778676764,56.785350075303754,0,0.8724200401573197,0.8715337284589106,0
720.0556543023605,0.21854061005145753,3,3.2089195164232756,5180.464532047212,30.367090675495728,2,-0.98307881418149,0.6248063063164615,0
540.7869698219865,0.524674467783828,1,5.875338868427155,26224.502216105426,33.43338901916958,1,-0.5607822214925581,-0.14490487176666278,0
805.7678914256286,0.13306252433746424,1,6.469304394932659,28719.65233683806,44.04916811747897,0,0.525610569974861,0.5220554181093742,0
611.5806366609421,0.13161942799232743,1,10.100839717391864,32111.970871806854,29.10634114758165,3,0.6164476941998284,-0.2892953527555766,0
608.1399245292084,0.3207331426309109,3,0.8416832972863176,29801.159609172264,61.12011435911619,0,-0.040742575879216696,-0.00578273364609827,1
731.697979453373,0.17960986830388156,0,0.4912209159925817,47895.435460537716,49.88446441344047,1,-0.022629951890514206,0.5708639538506435,0
706.6956218488341,0.6172174871189137,1,6.9614828789938485,14413.882660583424,42.322166949279314,4,0.9523012734673578,0.3063337463465252,1
846.0983775260061,0.18422301397444862,1,8.887413739480811,36700.03900173525,52.88249707186558,1,-0.21546950654829464,0.5958569894841794,0
633.1035213094784,0.4438152729190835,3,3.3861024185582584,34629.51489904585,56.70026099233157,1,0.8565110759082084,0.6284528337911934,1
640.3674689068472,0.10220061356712203,1,1.6120242560970663,2450.3652104746125,48.92697126704253,3,0.3667808451092853,0.8752374201951232,0
531.6547216029397,0.376369720842229,3,6.471459735437087,38117.62625616758,33.47102119381216,1,1.0683429481498337,0.4410251164185639,1
623.431817812094,0.043615140732741246,0,5.603681911162289,22981.84448848026,31.196218269640283,2,-0.2877242277324323,-0.7144450352411997,1
592.2854963542595,0.3538524772861611,0,7.731138146693559,36464.305771344734,27.07280737594126,2,-0.12952144027305482,-0.42923867331614507,1
614.09863895156,0.173134814845236,2,3.03109678858985,32982.35859813538,19.69084941920471,2,-0.8583732499364545,0.7718204299461773,0
510.46497947568355,0.3612112138274848,2,18.154146581027877,38232.21679257932,31.762794168057297,1,0.2872021905655316,-0.008243736370816546,1
782.8486047915611,0.15563526787356238,1,4.741785805670993,49332.334127913244,50.22623495318645,0,2.0214427756523,0.9542610127390447,0
536.6717214059488,0.1915917779849539,3,0.07356480572504688,23497.7687741473,29.054220105397732,0,-0.3054638158018518,-0.552342631977953,1
425.823776128663,0.27126972634442414,1,0.8994243260947201,20209.455175614978,27.971192512067436,0,-0.7421891223639729,-0.09943198040755274,0
554.9260462733585,0.13257266110395216,0,8.782810048311825,24163.793025837815,22.919488550180237,1,1.0406888975466995,0.7724215880092709,1
601.6928357763079,0.22148300537166324,1,10.095782877066439,29239.761021985527,34.74051451073564,0,-1.058523138108888,-0.999662441369789,0
558.0356749394306,0.28238495039448086,1,9.561488772208032,43454.13422272128,39.29211580298482,1,0.7138946299526707,0.33958034418194427,0
737.864283258601,0.5554704597381069,2,4.2429565633664525,24357.929415099163,61.04867059838647,0,-1.4552377033779653,0.5169619947226614,1
638.9728657123125,0.5363591797137784,1,2.220957484911092,27031.834998431674,37.92257079954336,1,1.297468761586246,0.9501930928400784,0
652.0308483525167,0.28599964463579747,5,5.01942498181458,42534.12894414307,29.24961367237539,3,0.23260087910236757,-0.7982486592686366,1
698.831341144433,0.46705194964810115,0,5.199928657775629,21842.253458875995,54.15653482347634,1,0.09212176743209795,-0.664302309497151,0
672.8810021582494,0.3159667521016928,2,10.86051989709616,4280.187121124906,20.250533368547288,0,1.2722032880770007,-0.4420667138095862,0
728.2853837956834,0.7012389811712332,3,16.956100646431295,29167.516422016783,47.138852873332205,1,-0.034048438581777724,-0.5325405003443471,1
561.2417957091084,0.28233821391970776,1,0.4171413936601817,25296.784587446717,23.870566825644058,1,1.4319650230781356,-0.13290446147552903,0
606.1985519456455,0.4556213311971609,0,16.85915961975987,28291.64503359669,34.87826623963793,1,-1.1241347659560885,-0.5507849890733079,1
703.277371685563,0.5051535923208016,2,4.994025165321243,40339.79920995017,56.3491549400244,0,-0.06648999063231442,0.41036793924181647,1
447.23564303326157,0.190080773944976,0,5.993771508777963,18194.960594825694,18.0,2,1.379895545485498,0.44438833302713077,0
539.9852416546207,0.20513097794151297,0,0.7996653052439444,22590.05976031398,65.98810199206869,2,-0.3996444730322867,-0.16631779288925252,0
690.0793785743957,0.20822382327680874,2,0.4820126916984101,2177.7640729133545,42.836095860833545,0,-0.3877801869504061,-0.5856754422202406,0
611.580077200406,0.20352270884741916,2,1.4068841076846468,21809.019635731107,27.33012053672354,2,-0.1498600027848632,-0.7323494143609899,0
724.8886040087758,0.27130773245224754,0,7.155271044107651,10496.411495669687,56.648928638362044,1,0.28445192200237107,0.0695085164234881,0
714.734423748253,0.18065997995815866,0,1.8848508788724274,6728.310404181339,33.70045539629627,2,-0.0711106686083422,0.6037341932330458,0
554.152569584717,0.21272549989818473,2,0.7332419930789024,41157.001293106034,49.756602387934805,0,0.16593825848522203,0.11478429599249917,0
682.5325669973505,0.05225335590480687,0,5.338617319414276,31298.986934451146,32.50830891908349,1,1.04820092134782,-0.41514175680480747,0
746.1358284534006,0.09126061100957039,2,12.891630125028646,29441.705014641262,35.778241003707286,3,0.779183047611337,-0.1473919018261991,0
661.7947521320777,0.1498528932600096,1,0.6588839164796798,31859.617411208583,43.87667338969761,1,0.007915424568798244,0.3883865138546463,1
571.8028098203305,0.562248985516896,3,4.817302169,3877.0250523765403,56.35279735067337,0,0.31994060022168136,0.694586791216127,0
720.3511953530696,0.19191628480118772,2,10.437429612648867,11672.523919407618,44.60399604942412,0,1.6621430472650025,0.7766373101851352,0
700.8339621243197,0.36641149140267815,3,12.91650048516651,36968.425756717574,41.19462342560607,0,0.5674270447482895,-0.5412335100283627,0
693.4088626799037,0.1239183224861577,2,2.867332544707783,28570.407164381362,36.865690862558004,1,-0.3157859377029212,-0.09731481141392861,0
707.2751114749593,0.2536498877633703,1,1.2157190166773,13671.729981257333,38.82906327839262,0,0.8759691391003872,0.28868601114340287,0
410.4309711817905,0.06632081122986565,2,1.7501780841931969,34944.34058706768,31.59801843864534,1,-2.4505966571058733,-0.4189003229966686,1
720.4750048864777,0.13122784560018538,0,9.65809432544486,12224.015767293959,49.149727052680745,1,0.06610136024005545,-0.11877191086005934,0
794.6505448463181,0.3202891723660418,1,12.22804221704446,12163.252994162882,48.52975093871311,1,-0.43900441291170034,0.09563775715327849,0
684.9310779703435,0.6657883804981114,1,2.410498597907577,17524.50461065211,52.2523771345199,2,-0.2760155938354013,0.6915412680450586,0
665.4183197199782,0.22490069491832332,1,4.420863932283877,38875.2333554806,35.65169837407619,1,1.8541651416460014,0.9045373608966045,1
705.7150938713152,0.14879307490866925,2,0.9969046141615229,45762.96790643544,33.89675278212036,2,0.7119925873295474,-0.929016775944888,1
677.0580378948092,0.45433399181277284,2,2.6548794133429676,18030.396440970446,34.61142785654715,1,-2.6322776881551526,0.45476308915262575,0
702.1425009360493,0.2565651150760406,3,2.0500848767035404,6320.532534504353,45.15929456826701,1,-1.3040000021956268,0.27995501804153267,0
650.1176800196329,0.19876529118104774,2,1.1032549310203879,22288.697903013912,48.15538304915657,0,1.7733685243337238,0.3654398622628179,0
588.663611637048,0.5935798369196409,4,0.03137469033065548,10677.025529016926,39.36870541324426,1,0.2406973145510292,0.2864514831341751,1
569.6541830228309,0.34368025069397373,2,7.247101815603264,36227.727767994445,24.23065597915742,0,1.0320054852220835,0.12637445625985388,1
570.1446617414508,0.19839626713227773,1,1.6003502652314223,7050.266758868797,32.1856292837917,3,-1.5350110612913102,0.035822762456016344,0
540.1565959239284,0.1757116128659464,1,0.9604279231191977,12331.53440905687,32.66531359085425,1,-1.3655511380300442,0.08996136157910084,0
564.5806391184715,0.08563387817575517,1,4.279392507672877,25389.461921779788,55.18409949054383,2,-1.001621955721384,0.9323491772065349,0
790.901290193589,0.23497014813824008,2,8.240195514609287,8191.188286903579,51.06154560470094,1,0.6085192828351316,0.3726004107763661,0
710.3276530924994,0.5536406992675197,4,4.639957950512699,44088.03038647543,25.155564941015705,0,-1.1136547150403593,-0.7555534175575696,1
599.9978087452263,0.03557855052646284,2,7.642976170191703,15869.139410707641,39.6643712424248,2,0.6124390358023999,0.11984107458384541,0
618.7685844811593,0.4431210856059987,0,3.901791036290722,13442.589975932833,37.12380141300515,1,1.0170652226771155,0.8717445375522039,1
659.0046024725164,0.11612535088924504,0,5.519282003763476,49466.824240442904,61.20462050681814,1,-0.8727066145006308,0.41065741929857014,0
597.5563976412514,0.29306860649570343,2,7.681827580225439,5572.516752526245,28.989468658212733,1,0.27344714906550077,0.80170641185912,1
655.4013485739459,0.5913154641259892,1,3.7231711255222546,1206.8685885651223,42.433891298189494,2,-0.4931632190427652,0.08623071790854064,0
712.208331032233,0.48953561315259964,0,7.77029754171267,13680.151402007867,49.05414587447118,0,0.6847114709059214,-0.5788652905301264,0
647.1405813161462,0.27650675186860046,1,8.7175956229746,12891.013773135268,31.938712834412854,0,-1.5612935930600789,-0.6145353060293834,0
676.8812594129594,0.2908773872097832,2,2.1307583611995375,20836.759358971234,42.42574341217753,0,-0.27643376485091553,0.5233047329173206,0
720.9193231487693,0.2952878331745329,1,6.390955928462918,13325.584567869086,51.2716551883903,3,0.8724950586442327,-0.1343870959376985,1
628.2294595185433,0.31224106106822047,3,0.7345530124444795,3420.9075800377773,28.687439193968206,0,1.0422272457252235,0.18656811257849126,1
672.7832479307491,0.40690047483151015,1,7.743583399326267,13152.455142903878,37.1809252809239,0,0.3921607734396628,0.6029378696275072,0
625.2497925693311,0.23717742715184154,1,5.338300650861551,10445.081281774907,53.27990093273455,2,-0.7388902500481757,0.2683360532108947,1
647.7176904132467,0.22191273842689038,0,0.6635130123003851,26192.434730913308,18.68059917623912,1,-0.27165044842105474,-0.5098660089885072,0
624.0215787933632,0.19370173694676954,2,0.029566341676695147,9360.556852482745,38.253229634057895,1,-0.9924696992046173,0.9749954793231235,0
607.6904117155108,0.09354169045856021,0,0.6984138578805643,17391.42059247314,42.42160874197128,0,0.5330021812022856,0.131167402721293,1
663.8969482389618,0.0348595946324146,3,1.5556026304590629,27696.57941191778,18.0,2,0.8890055851004667,0.20099443255068272,0
695.3236252654569,0.07533934350910734,1,2.694654247167158,31081.119201453035,36.45903785681962,0,0.1246609868347264,-0.4431079093115411,0
661.7043556800835,0.23568494460831108,0,5.58152971964393,4573.814500399098,28.39082891179855,0,0.9198504345026224,-0.30547007571062434,0
689.8981566649545,0.4427866299102118,3,1.725784384175306,13567.640784483998,47.14177323267192,0,0.27664652864568845,-0.7163927054528254,0
590.9654575807016,0.35821796405719886,2,1.7598306891660846,14806.498384279432,35.14166660409546,3,0.17759172357791064,0.6080628246019855,1
553.7011846240176,0.10724212557583092,4,16.897959585511305,4668.068940786211,35.750949636471404,2,0.4627793467747474,0.32078535761477234,0
683.3634802374083,0.5837453966528593,1,0.21273680034168785,39563.00747356084,49.657372209747095,0,-1.1188179899023512,0.20797492897203784,0
705.0305112939803,0.3073111446526554,1,0.5175485226255946,20543.668013039958,28.337826538086208,0,0.1899036316869625,-0.1637670782808538,0
653.9885813279858,0.1554213303483112,1,1.9111564659503752,41523.3304742487,34.99123317561621,1,-0.36332105732951986,-0.6560157822876456,0
757.8428624339775,0.22144862890918118,2,1.8543579082387511,16059.246491427404,65.22010651568667,2,1.67827963383439,-0.8325090052700939,0
722.615903839032,0.4784399818132238,0,2.170666475562618,12793.573990629324,37.69034045665808,0,-0.2300471388307045,0.3117262450202998,0
850.0,0.22923563305594996,1,17.132716165485288,49672.36290316051,32.53888010996023,0,-0.030896904033878084,-0.48342032594418405,0
633.9353188803468,0.3499112711320016,3,3.3393816890988104,41300.028507604715,32.6877414064814,3,1.1752717001967656,0.416337417896548,1
570.0920963123706,0.17465838883086326,0,1.0815498126680918,49027.52024595177,44.65288175302959,1,0.35041555607103164,-0.8182635976518859,0
590.7890567408389,0.30648569124194075,0,0.2364437439511265,25965.208038367153,35.112115704465346,4,-0.027070654690559994,0.8329483857429061,0
604.7601754900274,0.21075708942820756,1,8.297995042626177,37555.110943458356,54.67990596792772,0,-0.5997687583945444,0.6579379096741218,1
688.0825106750492,0.04047100828933914,1,0.9653499546996804,2489.095209465935,33.885359959400624,0,-0.6728807935473742,-0.1511186662425963,0
477.35451488309945,0.07959283215926943,4,1.8439499765037155,34375.42246916343,23.726375416883982,0,-0.48893156074438454,-0.6221820521723884,1
755.4840814472669,0.546551907030587,2,0.19290012389472094,15346.218719100863,31.228916869939443,2,-0.9372834547621134,-0.12548189257352216,0
630.8562727086124,0.569297147813023,3,3.425263071876678,40500.19352025485,36.97065316035099,6,0.21807546967040167,-0.5795934339775637,1
630.2565153768999,0.18889784876389784,1,5.279568199401528,31195.44148759816,29.376847792588297,0,-0.5548098050478805,-0.9351857894672426,1
563.6525467180004,0.13231644574851345,3,2.68826610426202,47491.51528134766,35.72801722178049,3,0.636820795194693,0.8097805960585065,1
640.8619558839856,0.11018196049885104,1,3.71741653330787,16512.19581389866,31.134616707545135,1,-0.07354669938336067,-0.30569174512585207,0
651.0591814134027,0.7457948421105363,1,5.380763523135713,7530.757549510817,39.12469511429323,0,0.9688715712101371,-0.28959394298742813,1
640.2444057919778,0.3156547287469691,1,1.859480479933924,2387.205521887086,39.38863768305056,2,-0.23106728787372469,-0.7479733338676682,1
677.1247404753944,0.5721945937240902,0,9.731923338749887,12584.554922681575,43.16871238705888,1,0.47692182850432097,0.27321598070628084,0
602.8294366439176,0.14048012780184388,2,16.262031863401912,44307.89241802962,25.632125634349485,0,0.030780714600759818,0.8706035225464117,0
578.3347391671339,0.10971189375312976,1,4.171102635567111,44569.5150839723,25.46436359520889,0,2.1637988171982534,0.44880637688892633,0
693.8662504398384,0.30207218783669154,2,17.3731982523557,30893.901785963535,18.94705251982098,1,1.9277038861181954,-0.5193531984081752,0
657.8933963052636,0.16964173597375873,6,14.005884692494366,4880.896180615781,48.05121206095942,1,-0.6982566511989088,-0.46336690701380245,0
665.7744844157894,0.1445193061538907,1,6.155607099438746,6054.565443375554,47.15939508802448,0,0.13183419898924803,0.7530273940155716,0
734.7221803553573,0.6186795239507399,2,8.835615563080134,14926.444213310586,27.808580102729422,1,1.434306117711365,0.8020484260626353,1
568.1948486991452,0.1948002904792167,0,3.0675924369113354,8304.646372421335,49.61440697229722,1,0.8638507550016544,-0.4103261129218163,1
581.5807634199309,0.33682433440089615,0,8.181740835512082,29911.546155424778,50.05415304807323,0,-0.21563081895141953,-0.6790017768238334,0
750.5775720663196,0.16505232945207768,2,0.5043368275071151,27520.720002188977,24.76118324915977,0,-1.4219853217370502,-0.46682193490515744,0
531.3693313940767,0.29767291097660203,2,4.083388114870163,8463.768954177027,37.34426417827384,2,0.6280970088470014,0.4272652764858553,0
545.2470282935188,0.16838968528733425,1,0.29771953813352703,8639.597063054458,51.09729167563198,2,2.23992199096699,-0.8755553678774475,1
715.4289464947997,0.45579745258264026,1,1.5759407740241602,27991.509842832565,40.75608856782914,0,1.277500639338704,-0.4729733876983473,0
669.0560153617631,0.4714214103439258,2,0.5222682203972047,29552.43282901172,28.910002850456852,1,0.24519805834059194,-0.48165706838495126,1
658.4185709647421,0.26388269968763245,3,0.49145941289629236,34018.282329433016,22.54282927339118,0,-0.7808780558123909,-0.10288541217218783,0
642.6672473519693,0.08629363799644264,1,2.4471416299368873,12229.923770188856,38.444378330459266,1,1.0448226156442908,-0.27273679785748683,0
652.5014037622055,0.09832908170335555,5,2.033226853281452,24643.03490927282,52.45143914825712,0,2.610304315121054,-0.6067491786037891,0
642.6310308246435,0.5091697091558652,2,2.2530894800739927,5112.438874579174,28.296591043050178,1,1.4733810407025203,0.4047967144489837,1
758.4354162075534,0.30756881979679673,1,0.7869523222543411,17100.078090844123,39.48579168556226,1,-1.3825835526585288,0.9590015292818126,0
618.148149699994,0.1825283655834798,1,9.051097724385304,39937.56206738623,40.31452587254596,1,-1.5598709253221457,0.7650525937450925,1
637.0901170977777,0.39343592136868255,0,0.7555019288688464,10543.654165374064,20.338605418178688,0,-1.4043401370738993,-0.28545582155269766,1
793.5559044180059,0.13930256232979377,1,12.669302027907092,4846.027291567363,51.80655092857056,3,-0.0837523078644824,0.1986403368420424,0
652.2007761623869,0.2859340818953038,1,0.6280637026601539,17325.40152940942,55.89968656332836,2,1.533896528095818,0.8867719573901587,0
828.5613111620142,0.48480229389367413,1,2.3547533979056188,28958.086981534907,43.35355224148897,1,1.202741438854334,-0.40208013362331463,0
641.6016239184837,0.6790311250830258,1,9.951939516578811,5609.503344270133,42.90869748075447,0,-0.24587840355196727,-0.2953962927239948,1
759.3931985968127,0.5438772603034556,0,1.665447251397919,2866.728686585184,36.41245554331792,0,-2.10314692833666,0.9487898364901295,0
517.5724769352257,0.09542186260373409,2,1.2094207626904685,35608.98821621769,53.95173828087156,1,1.5715411997220334,0.8865118582697764,1
662.2915568652533,0.14491491714598054,1,0.5590558509302674,13271.645046715976,37.011750266823036,0,0.6638172581702428,-0.6400491798889278,0
523.2421149479252,0.062303833199792144,1,0.4868867665326638,12365.691685257976,41.240049028472654,3,0.7009560574696544,-0.48522560470271414,0
717.5563445283669,0.22261552776223437,4,1.365990549947869,19145.581409416965,19.49618418671913,2,-1.2040556448732802,0.8672716701230989,0
552.970574703278,0.07853787308119711,0,1.3790497713427454,19860.526097165115,38.894924062615566,0,0.38839850733177167,0.3427359715988736,0
672.7015643506677,0.3562307947104864,2,6.126521408763621,22043.353380363125,46.685115743721994,1,-0.862028122158194,0.921221940019779,0
627.4243298647652,0.6131620610933312,3,6.032798007342056,13468.17017993322,18.297968145810152,1,-0.62127011351899,-0.6943601910187205,1
557.3437451852777,0.358065915641464,2,5.3859329015178865,12210.289379188962,56.24979796474187,2,0.11872940335217709,0.27628987443919995,0
520.4512013681966,0.23413809808660946,2,3.719410877956781,6468.810353707171,49.85449579520864,4,-0.17790044029378907,0.7199716833461942,1
609.1167629135912,0.3214683928968605,2,2.023221904768292,12168.646344749775,62.14104021382637,0,0.8328476887893556,0.09752227504416999,1
789.2503556716265,0.378081782856497,1,3.4690029738742356,13746.274727781989,26.215590959940446,1,0.6583218604557013,-0.8370300265770911,0
626.5211956088498,0.28396583537532377,1,1.1784909409750313,29045.995721775827,26.768203005021846,5,0.6248926190023877,-0.635214036099869,0
723.3777233692684,0.3727246627593074,1,6.374534192336611,2113.193420151347,36.075149793904956,1,0.3545900314242193,-0.6686523754771696,0
645.4365705870249,0.3370832695413815,0,4.294553052361559,2387.1019207793197,35.45861769306398,2,0.15133910378674492,-0.8398793467517347,0
720.1381418952362,0.23244466252594684,0,3.2887909037403675,17494.059049869677,36.585791245137884,0,1.0619619118865489,0.889917780566265,0
503.8470897356386,0.33676440613244485,2,8.303114246644999,13654.31724458357,61.94570493688616,0,1.4133292747318598,0.10390608223946418,0
617.7449354520373,0.2866340495339068,0,11.318088715165937,25741.58928857785,18.570174605087487,0,0.788646054035483,0.7385926629796067,0
725.9524419034575,0.5559157333674943,4,2.336979464210761,32351.28253576748,57.654403509476666,3,-0.38467166026109895,0.38446878493937064,1
636.9396040933457,0.15223239680421954,1,5.490922146350661,2632.4796207984546,46.503439192885175,3,-1.4159517186791188,-0.9413740556056391,0
643.0835773831162,0.24036687109461866,1,2.047866996387492,6004.029398887934,18.0,0,-0.8741673879412359,-0.8490916678536766,0
615.5630470491366,0.6849379242965477,2,18.150597661527577,35365.03914159493,50.483563280540565,0,2.505928867387891,-0.4419875699091562,1
741.95035066937,0.7505817919454729,3,0.08421159273788759,32874.07789873119,21.026234642116265,0,0.9257103335343984,0.9178857107443665,1
673.8011483163957,0.04287169739595927,2,3.337875068345073,15542.269968941828,37.88289860603739,0,0.0068106048128978944,-0.5056339606613318,0
653.5217820940278,0.42934915163420045,1,0.32817269179140696,47050.31667994994,28.72485311163925,3,0.7281598754311966,0.5385656914890802,0
701.4443636271434,0.3073150079158072,4,1.5900144506115002,13415.827356736878,22.679047454374004,1,-0.022661118180735077,-0.8748631678054879,1
697.0579943294349,0.14880165052590288,2,15.573835681865283,5278.094194517577,18.889061668236806,0,0.2653464743947814,0.7112563672579095,0
667.0069637150029,0.19823281548522542,2,9.907327515017004,34615.563721157254,42.687024885137276,2,1.385051464167649,-0.66039855016928,0
773.7625197592675,0.2499236031272353,1,0.08574381856360057,27578.99055974897,35.47943911496235,1,-1.1406349658988446,0.39765372370388596,0
645.1769973088705,0.1313775109638132,0,3.949259071091311,25644.87555542967,33.10697010916663,1,-0.04801107639550655,0.8675834819748911,0
672.2464838374356,0.1386383055923261,0,4.606219115587989,4459.40972363683,44.648039867192765,3,-0.8139000955723343,0.8801548089762057,0
598.5637957317688,0.11231369274360513,3,2.219429636402167,21458.46702479731,45.815388863627575,1,0.5121159606707082,0.8626015904216826,0
662.0092181604904,0.49716546869783684,0,3.666825656422112,9240.136854924483,18.0,2,-0.04142324606795054,-0.88177491558207,0
777.0209218996295,0.24596735830090385,3,0.6865054633122467,24263.86048344448,44.18070503724579,1,-2.130027956795584,0.7146857376017892,0
598.5393918569009,0.4895513003841819,3,6.656011383096208,44849.02600230915,30.76349338886571,1,-0.45554461771101107,0.8875164364228658,1
559.3125739489233,0.11171974565986384,3,0.8117035949649458,29527.37802726332,57.593900862782675,0,1.3119920669792755,0.8139371512924434,1
729.7407714255853,0.2508550703397953,3,0.9164284571165411,8518.766555324495,57.84336112866298,0,0.6336900230027054,0.596730761272386,0
638.0987078213057,0.47242447401523074,0,5.061351706311338,38776.38879389767,28.98343693242937,0,1.7918217181415825,-0.7852870361854214,0
657.6803363975816,0.23694104629118792,5,4.320826481172638,27408.071953658855,21.635441182655256,1,0.6527823013956036,-0.6701463937768872,1
646.3909357045333,0.027512566032892878,3,14.21475896276731,22135.48804905913,45.2849173069016,1,0.0498083820670369,-0.83977986313275,0
656.3297379143628,0.4813527299027164,1,8.102268157040259,19288.408159472492,20.903758005436774,1,-0.5056801180859666,-0.23414067425816487,1
718.042454681875,0.26828206035645635,3,6.396307487723729,3428.8215243659392,45.548592903248434,0,0.06458476818201697,0.7855783006642989,0
582.8700647520582,0.4279981447881286,5,12.56064030220992,16609.179896739523,25.948145073744094,0,-0.4633249302769777,-0.5307040438037607,1
569.0580732715609,0.140600776079432,1,0.9535511144659223,23006.069254089096,41.28618839637427,0,-0.5009946697775801,-0.9663812425146845,0
656.7974509630166,0.12547453026628894,1,0.027157728095535388,16513.757654521538,61.652489026442915,0,-0.4539852303101988,-0.05403078328756572,0
521.4848248440134,0.46825295182871646,3,1.229120294278485,29552.18149707453,27.638481442528445,1,-1.2173510351502734,0.6900754406809448,1
540.1557171166457,0.14024468281145272,1,0.7458095600430169,25605.181101580372,26.888425975052325,0,0.2934488741083738,0.4025187834138375,0
799.3346518665302,0.3856143289698652,3,17.69452359956478,6873.743491276207,38.75048663434868,0,0.2404850150319553,0.10031999890098642,1
710.5974664049123,0.10186850742888684,1,13.322750538077148,8705.490236382844,55.47666402064517,0,1.029794172210749,0.26123489367444463,0
649.1954822504788,0.17343236962040776,1,2.2937948622757793,43338.97555500953,18.0,3,-0.6896050284514599,-0.3747934607884027,0
749.0405548766752,0.40623555906140996,1,3.1600568037375583,49918.236319072326,43.179187714536994,4,0.4655156581989538,0.7258487423896207,1
566.7520615931884,0.3829424309174767,1,3.6073880240560223,15485.566553337598,23.74046811177943,1,0.6867817687482777,0.3358800481663915,0
624.7517501291313,0.21916223475063668,1,4.529197687229014,16162.598822192069,25.909620268175676,0,0.1623134942687783,0.8115563072039416,0
699.8762887539506,0.5611815998121461,3,3.0729070542396464,36540.85595475752,53.11558605770999,2,0.8074331633556548,0.6608175757107073,1
721.2537345145116,0.3121105163554935,0,22.922729967287818,42768.24479146198,20.098166675591756,3,0.08492902543176219,-0.06536341631125064,0
691.0333477462221,0.4103685320296786,1,2.2343071412394466,5862.930573082862,45.17455469325701,0,-0.30239075848919694,-0.1446865683676919,0
446.70089538494204,0.06288325374611838,0,1.5298118684317839,5064.021836830331,53.137295419267616,0,-1.5092990878047918,0.5208996533246588,1
572.5534305868338,0.08510618196819109,1,7.874988073455487,49417.205072382014,37.792742089456794,1,-1.7264369448018466,-0.8056822434804398,0
688.1654473885492,0.11380831374344935,3,8.914322094037212,32694.352388177304,38.13799220986914,0,-0.6795142933694298,0.3484767548079366,0
621.5238805562554,0.4448980338041556,2,0.8378297733009445,39051.75461753252,36.391934831454456,2,0.6219932975415036,-0.010015994961342534,1
850.0,0.37781512851649274,0,0.689875443320565,34211.04502823293,70.87603063873132,2,0.6111419831663804,0.0016021729990129963,0
724.1246640773677,0.39304720680311994,2,4.493439907782981,36481.04021582962,31.049021133542634,0,1.5237704516764803,0.6494421363391552,1
694.6465504494932,0.05620357280486812,1,14.205659206291667,13978.25613329266,58.65563704695606,1,-1.8594854885129641,-0.234272067196315,0
560.6440357002621,0.18312168619739363,1,3.972466382988798,21940.932629672014,33.00990387534388,0,0.08035280569393197,0.7336075261600215,0
647.1762608317667,0.26432483534506745,1,4.628810932166822,44053.31006495309,48.72999322736732,0,-0.27190767292666707,0.19468734186624936,1
669.2963171375162,0.1189573848364504,1,0.11609347958092689,11037.759077290764,52.18269258706041,0,0.42914032540924435,0.8729018088600287,0
740.2226904102242,0.06442156155281503,1,1.2808738571123937,30581.87351437481,46.49515452767744,1,-0.041008219050485246,-0.7631979197161343,0
720.4904877679705,0.12564357871003842,0,18.810267509713164,21562.542251535484,31.078938867577982,0,1.0868326742776353,0.40919918177333847,0
732.6391355615956,0.344280625965238,2,1.0995883033924263,46285.324374846656,49.05391151266412,1,0.33308846608668874,-0.276724106722571,0
576.0870387351998,0.21337303229437582,1,11.536714113774657,28719.952792628013,46.94358585788122,3,0.5721765180512016,0.6926029921546442,1
762.9721358638905,0.25696546875496973,2,9.78959111986595,10774.333880443946,57.01265836411561,0,1.1091582485099274,0.7200556963773896,0
539.5655398154184,0.15179506613639207,2,4.504438634244845,1712.9568674278207,24.467231690862832,1,0.4274711321423493,0.39675565547228997,1
607.126835066707,0.1738961446930953,4,2.015758084563357,2863.1629354388606,24.16771398637371,1,0.44846940996917867,-0.06358041634567169,0
684.4616907956513,0.19009222651553656,3,3.6760919108476693,43109.660734644494,50.683245866532786,1,-1.581749745820755,0.8630822086037448,0
638.0086726613489,0.2588297236438367,1,12.312631473559357,39791.16886131081,47.069684022625,0,0.5448311787723108,-0.014892573765293848,0
569.5170513663687,0.3610865945940599,3,1.8848078138009006,5425.655823531329,49.18629630378508,0,-0.4898271140570444,0.37330696577177247,1
584.2760139517494,0.1865501624193815,1,0.43474827465434773,28439.269725342514,66.05441091224344,1,0.2250896632655002,0.8653238195094191,0
526.1396541720766,0.08803199561378901,1,12.339986422108113,4446.385893296028,30.228230605881322,0,0.5581435224591227,-0.1834269305689784,0
692.5579711205753,0.3382078764617427,2,1.6738420809469288,45699.27844421321,25.104925187288405,0,1.1631604663905366,-0.2657089653731781,0
750.845507603372,0.502826179278214,2,20.0887739348796,10757.58220362608,41.03204442636453,1,0.6821212058260685,0.6787214789931868,0
641.9685197278907,0.10801654043067033,1,7.20231685144037,22335.932942009254,52.93900783514968,1,2.8594420817065824,-0.441262990237554,0
617.9720947989262,0.23343095267325872,3,8.067690819654413,24343.317464171418,28.682861614398007,1,-0.051019999961116905,0.6541065865822602,1
532.2141657226808,0.2435313505861254,2,2.6283214682089446,23331.81241280747,24.946062844525635,2,-0.7168492120690138,-0.6675417076017431,1
723.0561539401742,0.33363255347124043,3,8.673434187866123,25418.76665492875,62.47454206671858,1,-0.8310035565682616,0.4638927267808428,1
826.9043466591595,0.03564923425786807,1,1.1629672604970651,28569.40931307776,49.3013265577397,1,1.190471669165704,-0.9266014012476691,0
506.2035356506482,0.0628338772810034,1,2.006219940109056,32748.857535138755,48.830724979218544,1,-0.5960022996546152,0.14917763379198745,0
564.9253649476315,0.3370860657230835,2,10.66297574219776,19601.795402206862,57.918733289754144,1,1.0724294608672182,0.3753480186724154,0
595.6325565964685,0.18403307178333206,0,0.4374070344027505,25841.23213153011,18.915213254941182,1,0.8053665509372027,0.7652760545956949,0
604.8545672254008,0.3420209186696245,2,0.20503340202578135,19895.71497579308,38.470313264954626,1,-0.618440926449086,0.8977082056162837,0
668.1876760114785,0.052968213085116705,1,1.1247673779209388,46325.66609495922,32.88287618580862,2,-0.45796872004930067,0.7898852424632041,1
779.1399637824181,0.10318299868111275,2,2.379266645282088,43092.697061121384,30.17755887048716,0,1.3231472433626341,0.3407077857224221,0
730.6877829488083,0.26681347669352923,0,4.618996959757789,31890.667962074007,46.42189777197756,0,0.6194023137497215,0.26671769574484894,0
692.2077906219453,0.4411288496340968,0,2.43508241491657,10867.908698640593,45.157608377145955,1,1.5988813297458937,-0.25665868595113106,0
592.0857036753118,0.11680792631952171,0,10.492447823273617,14884.3644442032,55.508787056230105,2,0.3278278991901279,0.8268581566813005,0
560.4297413055637,0.12549540125423572,1,1.8396737671888308,26967.187572559953,47.38459648867109,0,-1.0331325222873586,-0.44748949009679384,0
586.2579754954959,0.4755280185166406,0,30.0,6588.127425781176,51.22536197587576,6,0.5094160204302094,0.21792956675376063,0
773.845344110299,0.14049784869079507,2,0.8315596730024045,40200.21708948921,46.87190375345795,1,0.28759441472073644,-0.5348390694588958,0
645.060535883368,0.35012142246110617,2,14.878191935100809,12234.919184628523,29.614899459417398,0,0.4151713533877119,-0.34799217038606156,1
614.2530997069903,0.09168383468864649,2,8.067943962245392,5613.630916079021,46.028514927847986,3,0.945721971085206,0.12071958340029143,0
635.2995415800007,0.275222946994082,1,15.008772580995629,29428.87118333852,46.9954786057818,1,1.3695325870223372,0.5002311719972521,0
715.9694575710774,0.29330420237769067,0,4.543186736070457,46250.38429129809,49.52586403651269,0,-1.8032150834295089,0.29912794536486786,0
544.9720260360167,0.14752114535799296,1,0.8677012502101795,15016.604576284908,27.86823663926681,0,-0.06418763981495372,-0.13717831467127906,1
763.1899308737939,0.16681432843364813,1,0.06364524898954231,18795.108389598143,42.56879095367887,1,0.02969098056226948,0.22854382367883153,0
662.5181005557039,0.20669582468827458,1,9.84684879050419,29162.030217713265,22.72011337632324,0,0.17867469124666097,-0.14111619200586767,0
632.692481736342,0.18377408351870128,3,0.6675148710874781,2378.464996034614,20.45248790279367,0,-1.0129269463320734,0.8077775925517439,0
685.4276890997392,0.6092212326919945,0,13.89615860291366,27853.82886734163,43.8028754301397,0,1.1776622907228274,0.5496796995119495,0
667.471765850395,0.12270007634166491,1,0.28336818510190953,33471.07691559147,45.27096066867556,2,0.8791229733224666,-0.9760407480367568,1
622.4642834826095,0.1564318705444241,1,2.4753686954459035,13652.59701669654,44.83675295575952,2,0.012732063146610392,-0.7980594351977273,0
629.7831462366714,0.2901477784684352,1,3.624511828645111,11419.238310042183,61.448548519749885,0,0.8071140288435343,0.0747159437667888,0
580.4909962507238,0.4512470629611626,1,1.7092261551474286,44058.89985538861,53.56426955072954,0,-0.450387700086882,-0.7704854945426558,1
702.5112600687441,0.4493415794260466,0,6.88051524298676,48713.82067554291,42.85437365671874,0,0.4825476557436811,0.017971068118390665,0
607.440495247107,0.4577212343819611,0,6.2819803685717694,18980.029116652513,37.84138185570648,1,-0.8617550715925688,-0.05431971305949701,0
573.4993262054173,0.442675676196102,2,2.3771006950924938,32498.659737154863,38.146965586389854,1,-0.04585612482150591,-0.9878681624707764,1
663.2690818122829,0.5274055233187315,2,0.19736788388602877,33874.17494043644,62.3240662802059,0,-1.129389739850193,-0.5972078068795721,1
756.3313026196442,0.1718151327913093,1,5.645338477790165,34571.52978134081,47.478310206581554,2,-1.7601802689623511,-0.4955772157069731,0
646.1324300976145,0.2215786523748721,1,2.7218366757167347,9469.9052153492,27.926256963804406,3,1.5468244300356524,0.8325585499658554,0
601.3518994438648,0.38793848215537513,2,3.0880450061993034,14410.13798611993,41.747841684113865,0,0.6210162772121397,-0.7824760174874195,1
682.3116816668779,0.42033231202562765,0,3.047169687909591,33759.40165516269,45.27903522100465,0,0.3406877113676246,-0.8489172527271442,0
804.9369969922042,0.24352929426347578,2,7.559460656762996,12552.518792477207,28.167981323372377,1,-0.5086203606485503,0.9864506401752384,0
533.8475576454603,0.036453733238294615,3,3.322522404104328,27592.71371350939,33.89625239100106,1,-0.739196801583797,-0.430607938206818,0
680.5762230228235,0.12446429711303343,2,4.431159112034011,12887.255424121413,29.62962255099932,1,-0.43400160048866865,0.8655211509502643,1
666.4069300185483,0.3493359126176566,2,0.6077739801698037,32510.18265676251,44.189224632816575,2,0.11442324521929087,-0.5177980266880802,0
742.9227042847294,0.2588248419799293,1,4.082931849735957,1158.9299102831046,57.735449929773544,3,0.17209863598149694,0.020065276332692283,0
729.2727338947876,0.3985655359241322,2,0.40612647628065374,29434.685593671154,37.156063957985495,3,-0.971684322004513,0.22749344164039886,1
635.0632710552177,0.29345662793022415,1,0.12477965555576831,10464.20566136349,22.136330506970083,0,2.633552015368457,-0.5478435372881729,0
515.2386195660093,0.6597636962748633,2,4.8197456297921,32033.02927328241,57.087349384226506,0,-1.6181540352075265,0.838538487627098,1
714.5251014317007,0.3052659953644605,0,2.238508484907858,42016.22256078462,30.39114669001097,2,0.8951664215575834,-0.997751717197888,0
583.1845847846813,0.2130691427156343,2,0.12522056623766387,24232.23525667234,47.244339776225786,2,-0.33804794064538074,0.8717567630496186,0
574.2607671234248,0.6322134725380523,2,6.682889035213861,2828.844074182943,22.396343961470777,1,-0.3894794269486682,0.21411780930076785,1
741.8680464552901,0.1848540552624865,2,1.2838878250216792,47590.273683332074,38.73513558449349,0,1.271481818990143,0.7298649609063155,1
577.1319697889078,0.19030038353804574,2,0.7149888573452347,36520.22934612343,50.121087903631576,2,-0.6463522548410625,-0.3840052597588868,0
762.2275792080195,0.27159309464456827,1,1.1987366162581117,28405.511870392325,34.489050531627036,3,-1.61693619481326,-0.0282971515654471,0
676.867577712425,0.287014388880524,2,23.973354801382545,2219.886081975167,43.22399457257489,1,0.9023347417702554,0.7696567982117533,0
675.5294720069026,0.4412318008838834,0,15.260799794595972,38347.827884472616,38.40282942849481,1,1.404143901040989,-0.524366972505161,0
674.5811824404473,0.182465198115193,1,1.8712776697531357,15114.34848545868,41.4633678508065,3,-0.24479706696143158,0.5270854578383128,0
518.9261099406566,0.3414785557681032,2,4.190808068631522,1367.5033113220181,66.94394255293726,1,0.7674018587931869,0.6584765010504385,1
507.88891069227395,0.4305219854151496,2,5.876351547300473,44696.395543439205,35.749601262959956,0,-0.4125238829349223,-0.9935945276940767,1
667.2442443030948,0.05461755514637933,3,0.5224308961774642,15418.545529068708,32.45843106702349,3,-0.3712129317921133,-0.34062614242298417,0
695.4405887381135,0.6303828841138406,0,5.268468947108973,37379.944991964054,48.24541136347152,1,0.2304889619440199,-0.5023233978897519,0
656.6088825724961,0.38476935082622465,0,0.3737372539679085,28106.98160182645,30.83723711951727,0,-0.36144847224013843,-0.7593212734801198,0
584.2772386384378,0.4894210342120106,0,3.2655297469662474,10088.911048101638,60.2605139133173,1,-0.22946314664620188,0.1935147540240869,0
651.5137683105755,0.10585324336047133,2,19.910801463607243,12408.730985933642,43.176807446829955,0,0.41708755227517513,0.03568731959456106,0
643.4372677483613,0.1869625288431257,1,19.816571679033704,21722.9530126518,46.271132153399336,2,0.13783803686019527,-0.3624075257095778,0
573.4273521379672,0.2509798240095135,0,16.306655491766858,22758.882521379473,43.690397018649634,2,0.2560523508860345,-0.28068747371463965,0
731.1177723289729,0.13158239781794642,1,1.3242534071459822,14573.236651440953,40.80705472448552,1,-0.7817347897972401,0.30528522303100925,0
511.57791507599313,0.25746407894665113,2,7.399593635278952,38321.36104941167,56.93476621648189,2,1.255716785746133,0.8186747437253954,0
697.0993925446005,0.3752608587228465,4,0.7724560774444478,7555.581554843949,40.407769505931135,2,1.7641273030648348,0.15290992718735685,1
680.7458724168996,0.5589797122158069,0,4.73561033136695,23219.116590820242,38.990369418695785,4,-0.4830333700188906,0.6660386453328224,0
730.7769483849371,0.09887973916795774,1,0.8685639699185501,20490.26388001494,32.02004891122343,0,-1.0549982391693078,0.8534380073823313,0
569.5750502120914,0.4936909993317638,6,9.577488333753767,28876.253792509477,31.190436760471943,1,-0.9957354935270889,-0.5366124323902479,1
658.1125717334569,0.13413879084484223,2,15.34411745728486,45635.657399851916,29.97261662819203,0,1.0595301068160672,0.0995309367635755,0
823.6931959454532,0.4447149573632047,0,2.8227994875732088,6888.849763116027,41.33464277145663,0,1.1889943816352557,-0.4117814462367366,0
702.9659431199765,0.20836780343988504,0,9.719997381813354,11645.87424277646,36.58036266278217,1,0.19286634854079487,-0.7338785579047438,0
658.046496698317,0.22848620170015407,1,6.977203064218108,18689.37222775401,53.73260052617397,0,-1.6686741941630696,-0.7383545260574822,0
693.1329019291358,0.4528326581476528,3,8.67825983757999,33571.90919353074,41.265544017673456,2,0.15027949446189026,-0.5429608606999334,0
656.8941473904096,0.3113338999337862,0,0.5640551194859851,8287.391778731557,49.58510339113767,0,-0.24139309042679974,-0.15977484946170928,0
825.2718410591872,0.42616654654063596,1,2.701192341780308,2268.5573076985656,47.63259042824968,0,0.6721867656464275,0.6995282454890979,0
728.6908956631344,0.37769242215731824,2,2.7124556598964293,26829.407428771658,48.16909554166892,1,1.1013185044737213,-0.31231566859648474,0
643.1508036615602,0.04020863879437514,2,2.8264970114189323,21142.0117035167,44.92263279894619,1,0.9242546909813117,-0.7762357557527206,0
670.1865145107618,0.22089244065594718,2,0.041053109800655394,16569.322583946527,37.796498073877224,0,0.05244107557913823,-0.8590546076375036,0
618.7361603135189,0.24818422404039311,0,0.7057411147452823,27688.16335287316,40.78776813242809,1,-0.44687268425489723,0.9128321188118953,0
746.7880101128244,0.067760861281496,1,7.120954212886442,46547.17982582526,30.20448561052532,2,-0.2526865357023596,0.887601094751342,0
537.5116182887191,0.5593669198497558,2,3.0210013218130483,11515.948657697247,54.653171448272346,0,1.3672931690264787,0.017912102928686835,0
521.6209176111211,0.25986170314272444,0,2.05746677596327,14566.367342474165,18.0,0,0.6635334322151274,0.9554762467936406,1
766.6971799740795,0.03857458435204017,0,2.957095419583244,40565.01419984424,36.032281239432436,0,-0.6281669042086506,0.30307797470887254,0
822.2495834056466,0.3768165381620859,1,0.7097205331895367,7105.457461439439,34.35922843393185,1,0.43328508757623463,0.56986469099897,1
687.4643926151673,0.10643122344717591,2,10.058502371796806,49283.993812861045,44.61224158976036,3,1.083163055085334,-0.2882404186801186,1
659.019035298859,0.11003261437374116,1,0.8566109085120588,36453.75625010745,42.51730958169619,1,1.2734992004675116,0.16085233740556326,0
702.5814152243822,0.21525819368572283,1,8.842337804459317,15995.85767083365,31.055248891538497,1,1.30162996934752,-0.2708193674039452,0
598.2357178893792,0.17836378636599765,2,2.359022365802055,9090.808887622552,27.004261239691324,1,-0.5875826437154604,0.06725648485052504,1
663.699483612177,0.5460066234537357,2,1.585661749790304,28787.554425745508,47.816825974354366,1,-1.852434061292697,0.8667702354694191,1
653.1126964684972,0.044502104804343856,1,7.9539143539038335,23277.97821561761,36.522186389922915,0,-0.04099468283989673,0.6681230088540657,0
700.1251400596288,0.3549710168674306,2,7.699411591075757,32052.14281766905,29.8986206828705,2,0.05362948001799924,0.4073899661312024,0
525.3601177453284,0.4615103235900831,2,3.972273602883194,19729.351462243318,48.01391117189588,1,-1.014032728251766,0.8802621562320156,0
609.437218418773,0.07896812661173382,3,9.293803250943009,32760.334169752306,32.00101749898125,0,-0.5527770830941313,-0.8472236830322715,1
717.5996482400669,0.42868286257685706,5,1.1997313248617254,3141.925178556176,46.014054818959664,0,-0.9773026885607098,0.3242912805344278,1
595.952493789595,0.2539509139379926,0,2.032293831224,1536.4857530674421,47.93179360550123,1,0.7658889199075046,-0.3319980258084134,0
570.5310899661491,0.4537658050612659,0,12.175058402225963,16260.958294891638,28.635821610173753,1,0.2874194983928943,-0.6899507605221247,0
813.3657719861563,0.22783193826092696,1,3.0731512845642825,43419.93248808721,38.03398581206194,0,-1.4470487136435741,0.8829381727255046,0
653.0494400143521,0.6119869603388809,2,3.4685685824932855,22578.561464997925,50.16886258310281,1,1.3689256265696845,-0.7748406643132353,0
603.6865488045433,0.21028885530356903,0,18.465222201470507,28105.883529014678,39.961187726701354,1,-0.6014311754990619,0.09825454197227423,0
514.6103650020714,0.24886867548531605,2,0.8057338833000742,31513.676980704342,18.0,0,0.6074713745315041,-0.94147908796215,1
708.347707702434,0.6373660413530827,2,4.469370658960937,9923.448315710166,43.788210596038205,3,0.2722540717186873,0.7192898938383194,1
705.9308922974955,0.1047518446242717,1,12.719134406895336,11093.602342320486,46.68985447092236,3,0.38852044408155434,-0.026653656347807697,0
626.0992319544051,0.19948620506807252,1,0.241794398846156,43814.16621628975,39.59461803826592,0,-0.4630403942227269,0.15381931974057417,0
561.8215847274328,0.3368296771593693,1,26.472529346251903,40940.2001591279,27.679293315167044,0,0.6542242075308372,0.7263760812910818,0
648.0360461086096,0.4921163127345018,1,0.09844430256712632,12211.415709313318,56.43790394915422,0,0.7783394219974445,0.48399245278357284,1
583.1315146014703,0.09088874643895832,3,5.1254151693973204,25984.097359866773,41.40252706142737,3,-0.9760579235133489,0.24178342648710371,0
574.6325128901508,0.19622495181692381,3,2.1370391618414817,9067.527243675187,49.237530729938705,0,0.5850843120433894,-0.677256274857488,0
641.7429798830634,0.22453022278276094,3,2.404201421871632,21277.61156222389,29.3106882567317,0,-1.203551870946423,0.8934854625699222,0
565.8887681071949,0.12206029146744145,3,2.765679171731639,44876.796699901824,45.461056218634894,0,0.6363119960802799,-0.9639610767541795,0
669.7319164201957,0.1662835596295059,2,3.0676438783886235,42347.24216407955,43.531549588610794,0,0.15859637713613278,0.000488335764005754,0
698.6394007525117,0.3777753598307298,3,5.909212759065516,42312.12810697253,42.452796132394404,0,-1.1105962304536086,-0.3031320735375509,1
582.8294042261447,0.4560583500997362,0,3.4271582718780262,45801.0827511222,41.70338749165834,2,0.6828220026610393,-0.010692763306943354,1
540.5403923729287,0.4238850101597303,1,3.103701233420794,27804.28659031336,18.0,1,0.4514365935187485,0.1355454326959329,1
774.9023679164645,0.33923601803799397,0,1.4765499604180583,37108.79866824008,56.6167918854608,1,0.08750708035905953,-0.5025648778393916,0
574.7783811234236,0.0170005277816766,1,7.099421225818609,24140.42957082482,37.818083412493365,1,-0.013275318715463625,-0.3899608165765591,0
597.2045835918129,0.32310591115582254,1,14.092687471225423,22173.886540109033,40.585199584505666,2,-0.11329977040596766,-0.6432428426317041,0
667.041373394391,0.33551158699817335,1,1.627006825232271,30529.62126097359,55.640798247063,0,0.48610768297198886,0.15116979864896285,1
697.9495498017837,0.2051290320578339,0,1.0873760129816465,36555.273497475726,20.032219927303835,2,-1.3007723767489432,0.17052154477728143,0
629.4946485048285,0.20821432203800924,1,4.824552113103792,25114.06567939944,58.71824342410864,1,0.30670045882946884,-0.03169786911857542,0
686.8635462161004,0.29872084066043514,1,3.51092660406728,11518.692764868667,60.45510642494721,1,0.49617672065143814,0.03456380734646203,0
617.921107368288,0.30055321332617313,2,2.799343603949028,11382.480725938653,26.129231652423154,1,-1.0744884699884005,-0.19505561104276192,1
572.3063468140488,0.537298616183583,3,3.7126444258329796,26049.723503213572,54.31550877513183,1,-1.1558915060077102,-0.11478572483669236,1
764.1053488629622,0.18299114360555604,2,1.7203324725623184,13354.614981321012,55.0262081260774,0,0.48485551622922246,0.7500711689847397,0
849.0753291464903,0.33256551112402716,0,11.717681621163345,42274.70199490932,39.11174719129673,1,0.06694336726361884,-0.7777083655538963,0
785.6775626411336,0.4059793090005058,2,2.7410429927939663,36985.49128331071,39.837067908681234,1,-1.0830977421900603,0.6670886137097036,0
661.3445311322763,0.1907652879524683,2,2.6714863145750387,21103.39248167921,34.78130713086372,2,1.2618217528079876,-0.6468215183090695,0
796.6748289452543,0.4078245429384521,0,0.3077144462650806,42501.7844869922,34.265372654542574,2,-0.46851115298142754,0.04340442551383794,0
678.4562812579187,0.20857974793016412,3,4.119946646895464,41672.68180727251,33.620433775589866,1,-1.852010745961351,-0.42661082643767667,1
611.8170983677417,0.4535530648727051,2,0.23351649652986722,38127.67081773794,43.83174127664856,2,-1.6465405994075908,0.5793059582110964,0
687.3103659505583,0.24102924430016273,1,3.2104544042801866,34550.9662527514,54.3493859952505,1,0.3158246426437014,-0.6233507632810678,0
642.4485994871052,0.1227875474250393,2,9.935378492967796,3528.730814470161,47.4584232486831,2,-0.15758663723015268,0.13867793373847337,0
571.3505453003434,0.3633732315438697,0,15.752969589011332,42242.98924820757,49.21235332934857,1,0.3563950793346597,-0.6449474107702904,0
578.1342422854387,0.5298884966849673,0,1.5705451392494398,49580.47612584675,63.42677657808884,1,0.6732993576996937,-0.7918753993350767,1
714.1641390992413,0.2656008697610196,1,0.9416140637802372,17604.610894789363,36.624862444806155,0,-1.0741882520718768,-0.21077441243764716,0
502.2774414668262,0.27733883566935796,3,0.27297539726793935,16807.6171793624,31.720619324508807,1,0.5926074315268279,-0.8198115440410647,1
698.3309392354147,0.051757898873428715,1,1.3155579471938879,39378.476725148495,47.14000536435391,0,-0.03613421508827236,-0.40043137371760107,0
519.6333117801249,0.2017673390454598,2,9.89582790669717,7132.020231556352,31.967145878178517,0,-1.1732444212721063,0.46518879386561873,1
480.30588440780514,0.4680101868772282,0,2.0322950490343397,38662.88379705092,36.53896659712123,1,-0.9722106011267532,-0.7449927352159942,0
502.89227169932013,0.03133700859340887,1,3.14295349598642,1572.9515684254975,24.8797896579063,1,0.3685631508538948,0.026895596453994086,0
807.3411177547791,0.500072843576699,2,2.226583877024951,44150.34095752471,34.760400880678276,1,-0.30495729666863186,0.22687778505327905,1
634.3012828045166,0.3788369323898798,1,6.094774282966389,25763.8983556017,55.48499498199553,2,0.499017102013305,-0.16158452795958644,0
656.9266544132336,0.6438093639330525,2,4.698869312599984,35565.74927975939,33.599769588221,0,0.5280646622372324,-0.7697317292419996,1
763.5404036728761,0.15604800510660477,2,1.0062303064455234,41965.97466709087,38.30501683254636,0,-1.211104584801135,-0.799811084789033,0
724.734379879978,0.6532483567144906,0,1.862771272131176,49172.11775276272,31.396500808721036,2,-1.0802780502710487,-0.4365995891582155,0
538.6795784476624,0.5072467366472991,3,1.8422445235047278,10445.107851804403,30.13357580045839,0,-0.031204167491615666,0.7202512746790435,1
719.5205074255009,0.12527707499145221,1,0.9787287181421657,35643.45357733415,23.360776232548126,0,-0.25363202956736186,0.1704359707290426,0
664.7345011762837,0.39219312511543397,0,2.128214464476846,38261.270914331835,47.32611893578438,2,0.2809539899115505,-0.6897603568561741,1
622.6657521923296,0.2627508524625432,0,13.539508593135983,23490.802463337397,59.21521014442414,1,-0.7597385496120292,-0.009662560682488941,0
651.9432731310225,0.09109430147648362,0,0.5587172167177045,25103.984030614607,62.90704893241975,0,-1.1933629826910943,-0.008117463621663656,1
752.3849616502417,0.18978738635414316,0,5.112466878408841,48077.89217711451,34.84116354116493,1,0.10891876204848132,-0.4901780904320201,0
579.1226814367237,0.3347916028374687,1,0.3501759266152729,28610.527857656947,55.75624798209316,0,1.2876527945263805,-0.4399062431793639,0
682.0708543283297,0.4394454688755715,3,3.2484701707387313,26738.056745441965,25.318223540603608,1,-0.41594343621042396,0.9313716108839414,1
649.2274210773674,0.23544935699425054,1,14.9896579672456,27058.46165812008,42.05708859543362,2,1.304419865610645,0.6254309644727278,1
506.2268307683505,0.2849594504005589,4,20.256115873132153,47171.97000993528,44.68033681295507,1,-0.373153222521147,-0.6428465786742887,1
585.8197462615351,0.2895196191930536,2,4.142477335067073,18095.558721191523,37.41801451576644,1,-0.1636221862474196,-0.0875098559042613,1
665.4570842586958,0.43746527354591996,0,3.7931109876496736,43632.0461815607,24.452330377440063,2,-2.2253758326541524,-0.26925816821003523,1
753.7873671274313,0.28558373174928536,3,9.500767101948357,25784.288726029088,32.808477632355874,1,-2.244584886692434,0.7111547045809798,0
730.1064813877383,0.12408691839414317,1,1.6441012269819364,40045.15359825274,55.303933278715846,0,-0.866201859681273,0.3890142742065199,0
697.777000352274,0.30374087956118484,2,5.2198787655437755,28271.47339687829,49.86485534217425,2,1.7383730099106787,-0.24198449126771981,0
584.7779471090834,0.04367268825957699,0,4.056611749353214,2354.4802984582975,39.214985001671586,0,1.1408866880923891,0.07521229958300846,1
794.0971192646828,0.315261366991507,0,6.893871422505208,49162.55736966813,20.261436878110736,0,-0.492030001621264,-0.8023315401487827,0
667.2192374111689,0.5401205890682215,2,6.7834663100698025,45401.09036153204,58.723284229347314,0,-0.4936216715188685,-0.182117028249295,1
569.490758265716,0.4782423933587549,2,15.092710983465668,43174.51586390177,49.567002313798596,2,-1.3140198065035977,-0.9518775580566503,1
635.3676015314439,0.4101225415110274,0,4.1403106891861485,26685.48498797957,31.146608418123456,1,0.5724892098619735,0.16503672062785335,1
721.6998740284928,0.2473755146389894,0,0.5351937180932382,29756.66646735438,30.911918192342625,0,-0.08977357432562821,0.8683129697255849,0
650.6093998654527,0.4096565758254723,0,2.041079026264521,15305.541277398721,33.861724962330946,0,1.1130646232425263,0.4520219196758559,0
720.9491749266209,0.4477364251513307,0,2.486854712670242,36880.334808680345,37.35693123116976,0,-1.721945005957796,0.2247725093544486,0
738.295516596972,0.45384401409136954,3,2.141071256130596,38467.44614340839,51.72484461092709,2,0.1994849185858615,0.5011241552032504,0
682.0424547678965,0.31478945883905546,2,8.860340761688654,26068.060045439965,36.4662447461948,1,-0.8235438591651485,0.42362303210073593,0
581.3837901562484,0.28079487136478515,4,1.8311951387382885,41262.69040702427,31.764281052649956,1,0.6710976556375018,-0.21315740906784275,1
660.8363730551985,0.41561505671855714,3,0.11614433110082287,24438.30214215682,52.94107979299678,1,0.005679038397299997,-0.5987051127136114,1
653.6132684751065,0.41222399066307314,4,10.336498232268344,26741.149259762624,23.39676814369704,1,-0.8260423002520674,-0.8516715807395638,1
798.7477067081303,0.271179687772961,1,17.000288200236856,29117.403730338832,41.18209974003431,0,0.9950433713948543,0.5307105947732473,0
519.8942449738536,0.26351213021657577,0,5.379879884067291,20354.340066040575,44.06728449800261,1,-1.7904367877584118,-0.5750151273742852,0
639.2142039124517,0.0896802913570325,1,3.3895776165835305,24823.031988297313,69.40377159712432,1,-0.4172072503338199,0.7376707190146239,0
603.2725162564064,0.2633204209506017,3,3.25952861123789,48630.20257369533,33.0628490503903,0,0.3467202273208685,0.9934138892153259,0
676.8084496156799,0.3502281837133037,4,6.121968049483789,6867.544607651729,50.029349611725884,0,0.7201754468656506,-0.6245804731917719,0
454.9948512640515,0.33149522815989596,3,0.5007782227617739,23278.379750123146,42.99695988549914,0,0.507793269239787,-0.39618142682625535,1
739.1939647592224,0.06787582432649884,1,17.304708119234792,42115.0565323252,18.0,1,0.7351246888828078,0.5129012317837378,0
651.0998789868427,0.1612279960621637,1,2.760856792348676,10208.838734996534,47.776352684156876,0,1.1826253467196863,-0.1889899277243965,0
502.4239069097563,0.36527085365572953,2,3.6632062412255766,16122.875995065564,36.3200902960769,0,-0.3069350596691134,0.6880643356174854,1
621.1109492208107,0.31896522917979325,3,0.17517616520205823,17154.94183412054,33.52589718997122,1,-0.5280797454279705,0.42450065224422096,0
698.7169873323619,0.5167901570654017,1,8.240661475147041,9987.749092369588,36.071323836055306,0,-0.7259319456548808,-0.5873337621330088,0
522.6841699633575,0.06317380885374584,1,8.082313786166283,14290.836608550178,37.844620717459556,0,-1.521680713464968,0.08017900416134838,0
650.2577773154525,0.5285170702055195,3,0.5438896222815539,23570.738951818923,56.61262240580797,0,-0.7838270642218832,0.24926510492625065,0
565.4021081758776,0.2873081817097514,2,21.895100973064793,7316.644378597239,28.5197919076048,2,-0.011429555636782877,0.3848192534069774,1
605.5211974496826,0.4687505849290486,1,1.9367819619444266,31283.538656179713,46.468234035352936,1,-0.6050135279034893,-0.8532395019845571,1
652.139070613971,0.04937110191003291,5,7.221266733261778,45936.60222745136,56.949448453124845,1,-0.5179018256667461,-0.71633032316383,1
664.6760202865261,0.050180151360602436,1,3.802156873955544,2549.2768468500612,40.66851322889497,0,-0.3267951046577467,0.3438056441740347,0
612.3406001453818,0.3593674492824577,3,2.6211488007056047,33227.06783787635,37.60743772661941,0,-1.342249600328493,0.05721851358860697,1
671.8237111624211,0.398968480067775,2,1.1446000299658086,32086.66712634503,38.51016939861132,0,1.9080425407339094,0.9156712297938387,1
715.4382085803844,0.3261445524501817,3,4.182484674359363,10290.245305658893,50.031571835466096,3,-0.04565422794654554,-0.2860891528228351,1
627.6868579917408,0.19359422439214943,1,3.6964020573747463,26997.90725913654,41.38675067447265,2,-1.6546304704157533,0.23699965031472714,0
764.5254205959433,0.26481299444380874,0,0.49227538383258973,11275.154858629327,45.45430343666064,3,-0.13632123074733088,0.10036112373236783,0
766.9771336624335,0.14542510225054747,2,0.23088562081955738,49294.433904554666,63.22309511994903,3,-0.3859820317949891,-0.027651813690148463,0
615.7038347531337,0.4314412945357374,1,0.06896519678004706,12348.746916399723,32.700676538939476,0,-0.7970072781248528,0.22607923045323863,1
598.9727554821133,0.19413903031719734,2,8.582609195296937,38815.04253267168,42.99432099296675,2,-0.28952508837995283,-0.7424688635718959,1
516.8661611867061,0.19618249829445925,0,1.6554572880366987,30428.854519655313,28.837782875052262,0,1.4188726597502448,-0.10959879332745803,0
639.8744534688489,0.2703510104440158,0,0.1654611269217016,14989.319447250955,32.10273989117901,1,0.4190643149709339,0.008162504551584071,0
620.9249775907159,0.09866783905406105,1,3.9097256651116084,27431.466692052076,30.741101590185732,0,-1.9222492552888768,0.7931619584336258,0
712.3240976106393,0.05228671406034619,3,15.47196194053775,47858.06793139122,34.713006374250185,1,-1.6129911935885621,-0.08841600748480105,0
529.2270715145361,0.42782077524063233,1,3.305011677583927,37574.46873520601,26.034001142686098,0,-1.3774271147541037,0.29240714619699193,0
627.8086886605512,0.21542758502372336,1,12.918905966534226,30201.969465575898,28.072206080866067,1,-2.910243796466634,-0.25960724470205276,0
727.4995514488917,0.16898670708094005,0,10.673567568700122,15923.903551858355,43.156065598508405,0,0.5395377108540494,0.47720509106504294,0
591.5714323553632,0.29842417589737474,1,2.4403848784982474,7514.320058337856,37.2144931854075,2,0.1710212432423379,0.9711813571566981,0
589.0110770617913,0.3246325355688301,2,1.7182046324934253,18617.029290278213,60.93954597697261,0,0.1347947205454659,-0.2585836900347873,1
534.2447732195353,0.15600536039347043,1,7.6795494730426075,6013.260240994041,41.37290230631629,1,1.0089447152216262,-0.4722317400975562,0
850.0,0.17734243367670993,0,14.111782329088314,3807.9240863732703,43.34351868697596,1,0.8679771486362401,0.09815818078955618,0
590.2021457547696,0.05849823863366248,1,10.00704789164849,16774.626347729878,54.97235788347709,1,-0.5324677990283773,-0.13224062968013817,0
545.9722534225328,0.47978111702131127,1,0.7671668716070004,28417.948720964636,32.16598742222098,1,0.6324959825121197,0.9500175698092002,1
585.6919676774784,0.31678663345188024,2,3.663705679674416,31259.504678583693,44.811169403569295,2,0.6305619979704686,0.21960137506337762,1
588.0563935610556,0.32411325104711186,2,0.9341612709944065,22284.198693902625,25.43316091554889,2,1.2079115152188085,-0.4302587196678316,1
628.4488177239008,0.06739686611984028,4,9.538702033674824,20818.36856511869,44.6728270355292,3,0.7057125447977104,-0.27103429707281923,0
716.0297785670011,0.586625606612227,1,2.2626932484340183,43925.94292629098,36.06512455918821,4,-2.3592633971895847,-0.7902610437304551,0
626.1341464803334,0.17204618855651968,3,1.7260038102637723,34094.90638989045,61.930994328606616,0,1.3662520506795452,0.2187413097111659,1
576.1741348002538,0.3907327796564974,1,3.229680400140884,23150.9896409174,44.8256111719898,2,-0.5135121742720907,-0.8336616560514789,1
533.892920144718,0.5843613618279947,0,9.517519588156993,9976.86779290342,51.82881417650133,1,-0.9759690624965902,-0.41854442681267146,1
651.7485886575897,0.12579167957190654,0,17.752756088842236,25807.888199665747,40.06982944161209,1,1.3362824187291085,-0.435487193296334,0
653.4031259223833,0.544064074629829,2,6.813477068060642,29312.226648426826,20.201462561177365,2,-1.3254544675768594,0.24769744691373408,1
772.474588082306,0.10426013134809205,1,1.4382931681840148,34331.69761810392,18.9303197161385,0,-1.0029603176203368,0.1259557462385299,0
657.3958188375847,0.11935174361413413,1,0.5340530609437099,20102.864528578735,18.556513923186746,3,-0.9299386758347196,0.5515994719997979,0
642.0793350972738,0.4089165810325959,2,4.397780329213172,10739.359653924927,61.14745865936662,1,0.3664707336051937,-0.9276793764654432,1
565.9476930730009,0.3846339651729187,2,4.420312662869657,24975.993069148288,39.363566349831345,0,1.5771954453954493,-0.8442933327148314,0
625.5237939921286,0.13884476076110883,0,1.3086722537944868,12907.630565385196,24.909734376317367,0,0.03993113914889335,-0.5930779538849331,0
614.9220433572315,0.6356336085200428,1,4.178497892114955,10370.026343794265,34.85731610852528,0,1.8004580398499235,-0.9029649280153458,0
620.3868668389038,0.04821962722015139,1,4.212699600580846,35310.42552277239,44.37124744713804,0,-0.6151174098645351,0.23114248807694593,0
573.2595685887529,0.416290100912777,4,16.47567767314386,32176.06961439187,51.133748491865944,0,1.471374922734968,0.5919340256530667,1
693.0663682620941,0.194165618171352,2,7.5525139391961655,11904.204497105258,18.775040399163764,1,0.7749020860164574,-0.6207600618669074,0
638.6043665992504,0.14632665832185585,0,6.879071319473184,30975.406100896696,62.484743523341336,2,1.1075325275891847,-0.35627340552901754,0
633.971721599601,0.00872068973514268,3,0.05603584846662991,1790.8508602854959,36.89957428098327,1,-1.177539315892826,-0.054808845692953634,0
512.8763107160803,0.19803970203140686,0,0.4969391314697921,45544.516602055584,54.63475510227102,2,0.7716912398214036,-0.3441764227632602,1
689.4915270019891,0.15825111040164186,2,6.829253726199266,17924.52977441793,43.884950441141946,0,-0.8996239280518455,-0.07470102243598009,0
688.9612260784304,0.10125222510702925,2,4.300305282367277,2628.1108598468804,27.90877253561093,1,0.4203992787391658,0.4464768897378981,0
582.8696477726229,0.318747596488389,1,1.080504920329658,41264.558329693864,50.93125649449444,0,0.6718965335743381,-0.1145689666435088,1
729.2097107103355,0.2396231945261245,2,4.694236731717016,39003.48598116405,46.41623287128337,0,0.6807815963386995,0.9533232673166825,0
540.8193415934054,0.03822053093321417,0,1.7266083023442633,28563.07501539423,32.52028291097921,4,-0.7713525289914746,0.4571818351503594,0
648.2504072968736,0.653725715921005,2,7.969492313412983,39929.137987601025,28.22609110066873,1,-1.346818674112466,0.8124714557281953,1
628.3034128087869,0.11765965030675622,0,5.561860701164099,33470.24574559706,37.07972618585538,2,0.42927611713132546,-0.978744656329632,0
544.6260168955364,0.5218840593762423,3,7.160032411108021,26854.724142088406,34.86207618128836,0,-0.953783447754983,0.6820018154506855,1
665.1762089663997,0.07892423721798503,1,0.8136294268777534,20285.38730827167,38.42650586319616,3,1.3125514304538939,0.6513161992390895,0
786.2056121793432,0.18759335644858846,1,1.9655435474007699,32599.17427730324,28.25615115431654,1,0.21521062411763844,-0.07995996069193789,0
655.4107384053535,0.2829971014619784,1,7.559617455931907,4974.6168447813,31.841032515605654,3,-0.8007748442961115,-0.5414117491598871,0
612.958259671276,0.25519234650173317,2,0.7280096809152692,46918.48257365431,46.2437788295694,0,0.24993902529225198,0.6793963453129548,1
685.7619325508542,0.36558150727344485,1,0.40990550318623853,40994.013039600584,33.16510417169184,0,0.9014281460885952,-0.2889265506024288,0
658.4575996373724,0.3230775547685683,2,3.622005049454361,37478.52621644083,49.30838317843376,1,0.08942090793277449,0.6108707446802082,1
652.2209705300401,0.09619333555915438,2,0.4098965270518353,46403.61548690894,54.170340258816594,2,0.21033638180249326,-0.6013754727479548,0
615.9566229782841,0.09989365307334193,2,5.113797604565664,17303.74250039697,19.115369202660066,0,-0.34517478502301113,0.3505846626167113,1
763.7580447433971,0.10292991201571854,1,7.9668138132489155,31159.751983283433,54.382750380475045,3,-0.46569419144075347,0.25000970583160576,0
686.5090690784629,0.29541641446323963,2,3.0109715753741977,5300.470402550647,30.371469630988056,3,1.669963998442824,0.5079753540934411,0
607.706347285161,0.5491319959050373,0,3.0611652373275144,37015.41561516996,29.689130686917885,1,1.2773493957825788,-0.3623746075304384,0
641.3596930575234,0.2453945696007176,1,6.408848189858501,14474.680017345658,22.309662011996483,0,-0.14239203511150392,0.28201048457305977,0
590.7306636636742,0.5238706657681766,4,6.989058929398221,40721.40183617577,19.841146165938213,1,1.6558872525431438,0.2974571518341398,1
601.3367079934804,0.2996829312253252,1,3.2605904710605222,29434.769172493314,44.119460401612436,1,-1.258671641974878,-0.18474198979886314,0
598.7419420647841,0.20081860376793803,1,12.951332566169045,35082.65412155895,36.228007107560856,2,-0.6884665964934469,-0.9778331362023687,0
559.2550725022218,0.3296027705757331,1,2.76772724379376,26917.318758564303,40.3866530479713,2,-1.979639086259182,0.7128127262619164,1
712.1821571014365,0.3221473262834716,0,1.882862730755059,36253.247873823915,36.05397852661825,0,1.4131003875176282,-0.5972392282983137,0
626.716682938158,0.37031758054382263,0,2.9694112514324624,34030.61115192158,37.500970779789824,0,-1.5910130579715247,-0.16044548489520793,0
694.3302062661415,0.14592187787071206,1,1.0675811879044692,36410.56587069397,32.43037649662966,0,0.9795739774087817,0.6768807729670976,0
596.3899281818162,0.0722119497737352,3,6.066169244491042,41380.06211414274,38.87625798479676,1,0.10886751302259899,0.10352840642182537,0
645.1710004486129,0.16380282262472318,3,11.044683616590685,15204.75481319833,42.244047948029056,1,-1.3269028556713824,-0.908971339525591,0
593.1167522567112,0.04917632461761468,0,0.30673930789374654,46817.06796122302,38.912665079883716,0,-0.8262034004518259,-0.4859138649624035,0
707.5734536429866,0.24399103174824244,1,5.6417247011735405,7006.906375544462,41.495765752603916,1,1.996345396531194,-0.34304366784436535,0
630.1264554635969,0.30716236128332053,2,2.025882858423723,28649.95772932239,58.045815606972894,0,-0.7147876284678809,-0.7000505631165945,1
591.5301131238891,0.666684354013898,1,2.4744657069355886,48803.65660717921,39.56318699453795,1,-1.463615780926099,-0.5108609440402028,1
518.6637416952173,0.583101693344366,4,5.816458531473446,1734.4385843011187,34.060879087595204,0,-1.99349394177867,0.7072106784689591,1
672.0533239472619,0.1731374613617262,0,9.501766277287762,38784.89111496044,51.08904283878353,1,0.3823967897366847,0.34032659652272423,0
593.3291958129514,0.5647974363521859,4,1.2698587721322445,31528.755331352033,32.664157088625714,2,-0.5337181448889613,-0.18020992345076547,1
648.7376626303204,0.19719734646191447,3,1.6964398354609256,7004.866665482554,30.947193222016715,0,-0.5922854605394106,-0.886949158206845,0
610.6615913589178,0.19771999035420032,2,0.11811390424085949,41355.40520407307,44.2937068342223,4,-1.4196483071585373,-0.2981284626644418,1
726.3351664719012,0.10691832590649347,3,4.742292964749761,47559.47441295383,35.708799168424726,1,1.6312875917179412,-0.14605374678389027,0
693.5315801886406,0.5674099353578552,0,3.064822635982449,44850.353496883414,38.54532091839134,3,-1.3344884073812517,-0.3529708976608672,0
685.7769669963865,0.1323419437474164,1,7.473095658118081,5985.098809185013,25.677702772329724,0,0.09718970298272972,0.48847237225078954,0
600.7103101341216,0.20634566345720157,1,7.171511522470374,42591.06926764947,46.259594089095685,0,-0.25997236151121805,-0.21720554034684492,0
687.3032034840152,0.14353407589606468,0,6.356608998257868,17041.069096082123,41.77057108888384,2,-1.1866766987569246,-0.8536967493235095,0
787.1865286940834,0.5301433462594758,1,10.750979163478886,37093.70973803387,42.72942010435705,3,0.446114732449969,0.45035670251530524,0
583.425117267995,0.2760141961046581,1,3.631672354961112,34065.26997695829,39.884094210260244,1,0.14016200055535843,-0.6778102956797845,0
663.7871311383351,0.31687878342658776,2,9.87101398279883,7519.241855363558,58.189844712977816,0,-1.9293632877618985,0.14109053302139873,1
518.0626420466294,0.29283742322145895,2,12.463542942114284,9667.850141153398,61.70666902476451,1,-0.40236289616004617,0.9182588904562317,1
761.8849673700429,0.19118719149407679,4,3.564965085451316,4193.8489878451655,35.847708001190824,0,0.18438495616945774,-0.8203376258448603,0
618.1670321127327,0.290469850485035,2,4.428271688658337,37383.82553355632,29.78591050800224,1,-0.8517944596328754,0.3402096608159195,0
712.6063104673582,0.2525490258721785,1,1.7438623535461857,13011.418050473207,44.726492094490574,3,0.8242234792592957,-0.6971145176566933,0
512.1417399426941,0.47787879018237667,3,3.4660014848507377,16411.91077959114,60.14999800446341,2,-0.804822267659769,-0.6002697077022123,1
793.8031509700724,0.2518818130094747,2,0.16081401922959743,39913.52716271842,58.158479229696795,2,0.22403956190252405,0.6278698388562993,0
621.4502777579521,0.346883930776146,2,10.047777404991638,17230.260411635303,53.201402692589504,2,-1.4858522691450522,-0.5843001751332584,0
693.6525858776022,0.18210918207126875,0,11.85917833481552,33220.1635568961,21.068805943777846,4,0.34452817939389574,0.9889037849725268,0
662.0654565066075,0.6018014116304363,2,20.54061524215554,16090.796595527787,42.26645352405895,1,-0.8582776815124806,0.8550232955185411,1
629.5623371049785,0.32378614254295834,0,10.427013890528464,38756.47887583335,53.43953994729792,1,0.21397472777604554,-0.7754160371373386,0
784.8633842127442,0.4030370866284703,2,16.06168877984679,42239.74205914881,33.28973983845343,0,-0.18869868843764626,0.20943783456023746,0
518.1563034907056,0.26019255646443584,2,0.5643417444549284,20131.10598084013,49.63528977637778,0,-1.799695100563434,-0.5335061338680442,1
673.8970927993607,0.36928695383649385,1,2.262490061007503,47720.84999992425,33.63560675289317,1,-0.644597806674292,-0.24415264245267276,1
722.8516537783976,0.24035974254829381,1,1.271000592302792,31289.128797008732,42.934442819140436,1,-0.3264062622848341,-0.6256072055263948,0
647.6115102690907,0.15021869085351114,2,3.9226554831311633,24677.840736937134,18.0,1,1.8443593886832819,-0.6233561360071969,1
640.5463372506727,0.03502266209418717,2,11.91090232961168,7282.207182949019,43.692085116124964,0,-1.3603859071835829,-0.5408933954819042,1
638.5849830341228,0.5784407166736436,2,7.582564383298513,20465.21962528321,50.85074410459233,0,0.12851068250904288,-0.8873659143307122,1
551.7890863671673,0.46956577914644354,0,3.9174054472869972,24522.093822863702,33.58264943350234,1,0.04847758595410102,0.3024948928888085,1
653.0501907275948,0.18906109371106142,4,0.7100818047925662,26555.16327985214,53.35559132497541,2,0.5013261650473575,0.366976892591504,1
691.0174018777919,0.18618847174949277,1,0.26689426266364574,28587.740513031556,28.72686887881559,2,0.6527089201266584,-0.05950462207061813,0
655.4879381984529,0.09323425467336378,1,7.882753905051337,27826.081038578868,25.084138174202195,1,0.523265854692152,-0.5621066356655162,1
628.2179119083936,0.22285704696555547,1,3.7169364956485347,29899.26015801747,42.99324875667274,0,0.09550473560424365,0.18175816145209422,0
610.8219982101579,0.1575805177400661,2,0.7962912615663209,31447.664566415035,46.22712084871547,2,-0.7228396308406421,0.39721484290913023,0
627.6562664577302,0.3900438793111255,2,5.613603332916856,47759.882135924396,37.49797430333196,3,-0.3281139580051626,0.3071044780560319,0
750.619537399683,0.2918057390120109,0,3.0664161219656547,1661.8431176424829,36.938222472097735,2,-0.5323026619050765,0.39235217661759236,0
483.0692016463566,0.598549136641814,0,5.5933332996467815,40558.37599573561,60.94666443964851,0,0.6444891976369909,-0.8307985707338563,1
653.205716523822,0.29068379672363975,2,7.154902845542338,21290.46800828069,52.483167668302556,0,-1.4117479821692125,-0.9819541609894868,0
623.7796066162866,0.3690726612946786,3,0.7111877911640313,7962.363258774837,37.92394549699036,1,0.06377131990280334,-0.38242085162092865,1
766.4646361469474,0.4105494592988972,2,3.5772928912421658,49704.12483363716,50.6693982306042,0,0.12529678990435053,-0.47703655906801545,1
654.4393780355042,0.21665095992355063,3,16.701213276883326,43811.256655872065,18.0,2,-1.0823105657448757,-0.7309988953290036,0
768.7940478959963,0.5362863469701072,0,0.4780760917475496,26201.82681513499,31.389705862858925,0,-0.013803139998063985,0.13003237649569854,0
480.0887985563553,0.3355916577809664,1,6.123011135499955,36261.68808236271,42.50438517873162,0,1.5962091611266418,-0.2733550407318248,1
686.7667923867245,0.3978108608564608,0,11.230422115651846,18331.600379501695,32.963397917490994,0,1.6358391885458137,-0.6833390891628706,0
672.4046288030144,0.5299957561560928,1,6.438458161678132,45499.99282696574,57.52943954900718,3,0.014126983915009725,-0.9007567997859898,1
761.242717365915,0.19001051994881155,1,6.706677030506131,45910.86849724979,29.823654477327317,1,-0.1858429301182787,0.6359547477812599,0
518.6921112941577,0.27483561290417174,2,2.941898301353383,36556.44430468663,37.980015047605164,0,-1.0296471528827913,0.05746986222948802,1
637.5971353505339,0.0823994288334033,3,3.4518919152005436,43453.885678052735,32.1063787554141,3,0.10393873964847661,0.40928837444783217,0
655.2848209429194,0.41661407652051885,3,8.036023472275426,40569.76931239867,42.26436050103279,1,1.7575807628880105,0.5960871237897911,1
610.3363604363833,0.3663770163236864,0,3.9622497962463106,25625.344419563677,31.575359688028335,3,0.14327253591590094,0.813625652606133,1
747.3262170994352,0.33630729976958407,0,1.2295149787078377,36878.76633775547,52.7275249219805,0,1.8589162792463243,-0.7321199025799414,0
622.9054251643682,0.026248649054284645,3,0.30094449097672415,17202.41943787101,23.36265283470354,1,1.6109607066101068,-0.07443457760322292,0
812.7810035216924,0.24384748243553045,2,3.6334678509170493,5729.284642553024,43.179173621234796,0,0.9764725893882358,-0.6337964069573443,0
734.3342327151138,0.4144902940772122,1,3.902733585859694,12504.77806759117,18.0,1,0.3619219420665854,-0.3681567336675955,0
726.066695760304,0.3182133924339198,1,1.0136255218766934,47243.01040187804,60.89801691608439,0,-0.1543299639970616,0.7630775933419627,0
694.7439185112707,0.18831343597274375,0,11.891352276224756,21880.830021954953,36.59582836070439,3,-0.8246326995820478,0.6474303909003118,0
564.9043527179562,0.18893166656492213,1,0.13789515883507564,49740.06734741806,21.65043408974509,1,-1.1037533812368434,-0.09500835241510885,1
615.5122929991394,0.6031245113793463,1,4.552412187509845,36125.46093426262,33.62503498984948,2,1.1153625663168447,0.5771061477467436,0
695.8201093485773,0.31007539623126473,0,9.663440474365487,42834.7237617704,39.20458576167916,0,-0.4085105698097961,-0.7966909138560072,0
704.2045626870174,0.43066166222369745,0,9.49534066748254,34988.71486539165,44.026563481294545,1,1.3050203898541162,0.9891931871110673,1
754.5747076065006,0.5389024012041234,2,1.9935609338044413,43350.685543986576,33.057759561474654,2,0.8307267145521873,0.6838380716048591,1
612.6047192299275,0.1335185213948043,1,0.4137707573736805,34680.67448298205,59.55712336936374,0,1.4488495267797332,0.05392756524350051,1
581.1877292060269,0.10334320946251727,2,5.5849536708080905,42144.66960266258,36.457353187430265,0,0.28774748461226124,-0.31929616400817284,1
718.7283354228424,0.0389395742279167,2,0.3992628881306027,11023.539406015285,50.98849983853345,1,0.14200485969156998,-0.22367616406129986,0
585.229873916791,0.1179811075392039,3,0.7847232689758911,30809.987108409736,57.66487095954607,1,1.1468008041202602,-0.31696682209415705,1
719.864946885633,0.10144515223822913,1,8.287709143297315,9169.430702096588,26.708107982399497,0,-0.2031457865207226,-0.32888574423543937,0
745.9788941132031,0.15729777281167479,2,2.1414321731237083,20001.951934694836,48.48875452149947,2,-0.18809351469907132,-0.5854069435751228,0
686.4922428661645,0.22304416568469934,1,5.154411703523812,17787.463527360247,36.91712134631207,1,0.7569076611571931,-0.9050793321079362,0
621.3936774425122,0.19290155796513692,4,8.653870954503693,24163.686683962245,47.47671654813948,0,-0.45605222505151805,-0.8364590829130423,1
653.2865780915104,0.172328770596378,1,0.9363350972954942,49122.52039086349,56.699107110141426,2,-0.7484774604697998,-0.35562219222031954,0
697.4772735682591,0.23335129856262185,1,0.959883143417509,20235.035989757755,38.709728806313166,0,1.1454502916423672,0.6758538982479108,0
650.8148414969659,0.16549570163069918,4,8.036011850705423,25757.20411645299,39.00355835283824,1,2.227087461497317,-0.887789704006688,0
825.8637070936394,0.11721741437838683,0,2.987110777469462,21053.145790502316,34.355369868147775,2,1.593457650179425,0.13619098476474156,0
570.746325549828,0.2933939792761247,2,5.123018963512146,42754.49952041872,40.256404186513656,1,-0.21240597506153494,0.03398273717216438,1
569.7865130104167,0.5992531288241777,2,3.544955374524185,31738.525718226076,58.346028193248024,2,0.23984803300400456,-0.3178073486316322,1
571.848369061174,0.2518853400610716,0,0.9316881890058964,41068.46891380109,25.34290085232053,0,0.5363236951183519,0.6365963146011149,0
602.8336061963828,0.24241195401605298,3,6.2715605902457945,23292.53513908715,28.37938092745319,0,0.18980468598246586,0.7660214199877915,0
475.68547838440725,0.5980800143791271,1,2.708106980221763,32909.8588023521,30.434532930808018,3,-0.5952909093455444,-0.6114813753610744,1
599.6279658447855,0.4728430897565417,0,2.2001077710220613,27099.042762882702,49.08469989873475,2,0.2318363462086817,-0.32199838201084785,1
597.7372238457689,0.16513341325294814,5,4.8555594532932975,49544.60778192476,35.15399047087246,2,2.4337331350758173,-0.3756158612082816,1
656.2811220139341,0.3347856865261286,2,7.064732984041452,39962.70284906954,35.63441766956828,1,0.7401435663054895,-0.010908420702239185,0
683.4240466564866,0.5265481896652817,2,4.66222627669715,5302.010925516992,36.18039874654981,3,-0.1570832842910937,0.06591823868241531,1
550.7826930873783,0.09633857990993223,1,3.941984928251545,33292.18845771768,45.494289895894205,1,-0.8523566399872156,0.39073417374885344,0
722.0043394211258,0.25469658900486136,1,5.084000624388158,32475.126913387237,46.03558895020419,0,0.2195971265793884,0.29108581220827334,0
794.1793783832438,0.711906210887321,0,2.7518661990048314,16874.79810886202,61.06306386838183,1,0.6994794874664887,0.807894379370985,0
633.3371917524003,0.1308776293001682,2,0.415220635903058,43313.52163157681,50.76001678346743,0,-0.15229303484363052,-0.09058760336394855,0
775.9496989980457,0.29504059471225097,1,12.664379749283341,23619.953976545425,34.86714271382841,2,0.8259787378005894,-0.9340507750627978,0
665.9191595524151,0.5078183837394675,1,0.2343915980888594,29435.652697660924,23.354042076420136,0,-0.33417051986899077,-0.6534473365532993,1
809.0985534876313,0.08408237286144499,2,4.882666805925516,38606.98435830081,45.48147125237941,0,0.742640520430244,0.1293251710032226,0
739.3826772550552,0.41617583267147623,0,6.531471370216718,14774.870196422553,30.88278837438031,1,-0.25590405323085713,-0.5336348219800167,0
524.8876292128186,0.25525202186854584,2,0.13398601256201476,19106.061306134932,44.62491982038791,0,-0.5198839324955883,-0.5477432321125477,0
651.4901896529084,0.17694994920841664,1,4.742790205128138,2998.425999497079,26.429661311762448,0,-0.17617509357905892,-0.5071000006298361,0
734.3459979923263,0.5080527307106368,1,2.531168032990384,33863.283183624684,18.0,0,-0.035111800870225945,-0.29202975721642055,0
652.4437264832494,0.26187334080744845,2,4.948509873054312,29062.97746659091,31.51812295261324,2,0.4871545373801761,-0.058731071657819545,1
647.0493175323946,0.1280980778125808,0,1.002680508925652,1175.154003041088,38.386102527644496,0,-0.14948829957240772,0.6522895390097572,0
751.5811800251442,0.16423179001588506,4,10.93916737398333,3855.493990397695,20.142669032296183,2,-0.7667166197248908,-0.8583464443434417,0
593.2116654283117,0.3727811879867182,0,7.339321661442391,42515.03330600565,37.70642706700493,0,0.5215194228414312,0.7955012675266402,0
651.4012490622574,0.5337278778452493,2,0.9939861558657005,41306.19243429561,28.386744696721948,0,0.9192390119151033,0.3581373790160427,1
675.8900611687295,0.3267421304501039,1,5.1132738013349845,2429.1988446422165,43.536134969710176,0,0.3244618342894773,0.8236490034518615,0
623.2967231717149,0.21962460584068325,2,2.045755202794689,14578.22885187191,45.708971476942644,1,0.6564462658216333,0.2907213453580759,0
648.389671689797,0.0663001320392611,2,12.641370311659744,23913.259961222026,49.38181882707184,0,0.09929497893160708,-0.9020924110040693,0
712.0018610579336,0.07646801912154952,0,0.2615501155341699,48480.237610315125,42.49498260210736,2,-0.20236746760860086,-0.823299973207742,0
684.6270097199995,0.3255097848931369,0,3.1896739591242467,32318.203398814567,47.183675225299055,0,-0.01757756801933184,-0.0482051530184906,0
585.3025974416373,0.22610300632061314,0,16.58753091883191,39245.65735635858,47.66404956529483,2,-0.9325598036548701,0.0760419715080396,0
561.670081136059,0.04607151705303197,2,10.110055356619032,12653.774291575966,64.79894558968303,1,-0.7881844107675563,-0.4901675394443952,0
586.871825579468,0.31841063187427515,1,0.6691269540940282,22822.610827338034,43.08491805209613,3,-1.41176566876768,-0.9496999412850926,1
650.0998764630789,0.273902190556836,4,0.20472255692305988,49333.04010933948,22.365294789502496,0,1.786089016442144,-0.6656294134148992,1
637.2048169794366,0.10171793005037974,1,1.7011051035726497,7911.802562467345,58.475603484885916,2,-0.2206405153051916,-0.789223933994937,0
583.44340054263,0.15973304271848784,2,10.22527002616882,49803.90904278076,20.656123843155132,1,-1.0411738605639635,0.3128958475016419,0
602.1479637986811,0.22212421566956447,3,1.8205164986500633,47644.416444436,20.442584614326062,1,-1.3040156976791772,-0.722250123801963,1
528.3968571846349,0.12760682280926064,1,5.931573419515294,45693.78146483469,41.29114280400441,2,1.046622756333088,-0.7022707899974714,0
683.4282962573861,0.40951708186014923,2,2.847189365608112,8164.613652620106,25.343280337645652,3,0.5661535571514079,-0.41878990159786134,1
646.7985019718693,0.5600657250267049,3,9.859792540248177,28874.78478410212,32.285494022739044,0,0.7547006097611889,-0.907038834095391,1
549.2170125275784,0.3787301631106303,2,2.4752228413490798,17115.222842005816,51.171268774098735,1,0.4013131672311209,-0.21069077946735937,0
652.2896403350227,0.5791882282875238,1,0.4601485248901676,1698.8569776634895,46.39019080215576,0,0.24050331900809874,-0.1748651183611496,1
757.4097608408283,0.1851701012041116,0,4.937044325961082,25807.37133293938,55.22131441924275,0,-2.146297080420624,0.565171978973481,0
590.8051317627792,0.23758883604520928,1,0.18991510519064042,40063.60726685114,38.47802488957095,1,-0.1697392870437244,0.6449270368179021,1
755.2110132576778,0.29916565395755623,1,1.2269953090104055,37281.34761544958,42.11347003751399,0,-0.8907334956575954,0.9061563863906683,0
624.1234022013261,0.06540120206103896,5,1.8708803932141427,38029.86939899845,28.82258888087813,1,3.0996135666807123,-0.4353363267609438,1
665.8262534279894,0.30386615027200814,0,2.8783049655492237,47749.06387415625,32.324455159387384,2,-1.1091732088425312,0.7256694625390407,0
657.8200641937748,0.4659106725601214,2,4.46063805245548,10387.981767946229,53.799936552396275,0,-0.04398950609542753,0.9882454694972975,0
762.1218732804197,0.3319156862205265,2,24.71324684791405,6940.6265498342555,18.0,1,1.0710347585439954,0.32524590670533193,0
662.6747077428425,0.473599378338089,1,5.237889468795977,41390.77633143444,29.99308377360193,1,0.2965282375914075,0.9038380182748826,1
558.6478864636923,0.503055166975601,1,0.7206046411636495,48732.25845986539,30.157089810207296,1,0.26459538658880033,0.25617831968538995,1
545.122370364703,0.1797662705970898,0,9.951972375406061,26935.467514335105,48.51010812573263,1,-0.738615281960321,-0.25659551321125096,0
527.3663157255897,0.28683669559735653,2,17.53289914657075,42554.676615033706,53.99627512873931,3,-0.2479005686119119,-0.6555225705826364,0
513.0423868724623,0.45604352896446576,2,0.8368353008684748,20871.564903739167,41.26917372929195,1,0.8588202780041316,-0.7357903037636884,1
653.6908047164547,0.05009353966405843,1,9.03596604454964,42597.189326875094,49.9695642622094,0,-0.43926037710823135,0.45441616696844034,0
573.3300415818751,0.2975557158621601,1,5.13354395344723,47494.56225979392,35.14370140288037,0,0.6167249048656794,-0.8020313110934458,0
643.5350709645007,0.4684617314314302,3,0.5219738674499277,19677.21914333315,41.872447627773816,2,1.3928629239791714,0.2898873688413188,0
593.6912771207643,0.2361494257185777,7,1.871997898740739,12415.834867215039,54.69340332144716,2,-2.3587955406005374,-0.2565094176184426,1
588.3372559434748,0.15085328100065665,1,1.9019604373478045,47394.27121299517,49.36232574949952,1,0.17274686816741008,-0.32705198296440274,0
611.5323727301817,0.35780409055734685,2,2.749916103367021,6018.582519595324,63.53472353164809,3,-0.8386796656019975,0.6270101887974999,0
706.286844371471,0.38102523667869026,3,1.031682779174539,49852.07931144602,47.8953978984888,0,-0.9317879645792941,0.5402824113034186,1
724.3316118214952,0.18824411791579176,2,1.5183130340227315,29368.326249645987,53.65999493457378,1,-1.8524772791324304,0.17289038130981993,1
679.6938042119232,0.23995046260057,2,12.294322034836899,16845.29340369431,57.60085417063073,1,0.8295028939334526,-0.7999146462641764,0
570.8141960362304,0.7013961508655832,2,8.413840812581538,8378.415485952602,26.54140178964003,0,-2.154313361793766,0.39228136144641557,1
701.4905020362671,0.36812495202257695,2,0.39199519154518797,22020.99575566731,27.335432303278193,2,-1.6581804757126088,-0.11739852805084494,1
705.1117333286346,0.14571698636082273,0,2.040319717649464,25681.91667880389,38.67363859995753,2,-0.14343491824731858,0.06864479866448647,0
671.9717762889956,0.20503465243237712,3,3.991217070053494,23356.967983385224,30.25270117045942,0,-0.1767983703648558,0.457921614051481,0
601.7103651184727,0.1940857779394376,0,0.3975303414644441,4695.694319785132,18.748618801742968,1,-0.8334783371824981,-0.17119516218330832,0
706.7087660293712,0.30464494679076864,1,5.798904767479094,28418.78762199654,28.512844813841518,0,-0.0632987097617025,0.5521432474022283,0
683.8254859741329,0.39903961969351653,3,3.2529932029189217,23145.736582998863,50.239543463478896,2,-2.0804955997583146,0.39801978737700217,0
400.65147267206993,0.40077886296553367,1,0.9367376460367571,7659.895837428771,40.06719963989427,1,1.4232514278198405,-0.7140468204332584,1
701.5561626728834,0.13074131417936125,1,4.98219429486333,25247.776468203243,36.739375789208516,0,-0.9813475834613222,-0.5050564213996789,0
496.90058633107947,0.07366689041858543,1,1.068430320052803,10552.59350070723,59.00426474556209,2,0.07087901381258195,0.651766910788109,1
703.0849261273105,0.5687704966663812,3,1.501871133340968,46347.251098318986,42.22133251047839,0,1.0290593685586775,-0.6424630386858985,1
637.6742081260131,0.13749546652351635,1,0.8154527676219718,33937.23011935308,69.87376706179857,1,-0.04055569591384257,0.5917915602831989,0
745.4889344599359,0.41341955056596186,2,3.3515052217029897,20414.315181282,67.68861220682601,0,0.9334628353332868,-0.738302212533833,1
642.1471031035255,0.23083489999898424,0,2.697867544206507,45169.38683698825,61.794574983133046,0,-1.6250208254053062,0.9701606295238094,1
579.070859195511,0.31958637252933547,3,5.522107228192405,46165.612464219346,58.815868176478475,0,0.9050161967058002,0.3680354280948699,1
638.2117068333725,0.14746111380316268,1,1.9988888520837278,31652.44628830266,56.156714494354546,1,0.19735729386148188,-0.4408347590674233,0
734.784503594702,0.45079801198477853,2,5.715636164255487,10248.56184661234,49.814920762731944,2,0.37089477360291306,0.6530339765337778,0
652.0997294289269,0.11009491677859465,4,1.8758081300301939,3783.7647795576995,28.83799924247186,0,-0.1818463052690742,0.9022341246894332,0
640.8531872102099,0.6345464116208414,2,1.0360375492489047,1969.1617529377304,33.1737427264464,2,0.5342400051106814,0.20463491849068305,1
709.484281240667,0.4099626609636433,1,1.1747897556390312,45223.73372417979,46.62309758787916,0,0.7478899078469069,0.5486723987734132,0
666.828749330385,0.4972693435479882,1,3.9028976845514225,44866.45495563975,35.10307829416748,2,-0.1332944927253241,-0.7477486251914716,1
649.5258075333414,0.02545539908613329,3,3.1585343270734616,18439.703301138725,55.438992685836354,2,-0.598906279051743,-0.7364868912935942,0
759.2848054722665,0.07527319327250646,1,2.174701810353648,8071.11676096594,46.86133244590056,0,-0.533358739751379,0.7823851281110032,0
774.4091225647254,0.4375379625738323,2,4.908269954160535,10194.010756877537,22.747674965144235,1,2.0266175695577933,-0.26820693829197984,1
699.0660981062961,0.45192424251934815,1,17.69567014975368,17431.00421968883,60.378201242121705,1,0.8796078761166345,-0.7480732535754306,0
627.1232678811862,0.09509746075227912,3,13.257400892277785,29916.130405973185,25.645084556041418,1,-0.0210608021220565,-0.6972058303266873,0
769.7528794816661,0.5372130492065249,1,0.12085285319751184,6292.307195353167,29.424460718469767,2,-1.523735976321186,-0.7191016625589723,0
744.6495645865366,0.245593489294879,2,0.22172997027023195,47204.64415905629,65.11077707267322,0,1.1920695196059827,-0.23920877430414955,0
707.5117732422633,0.22187835497558203,0,0.045971153599264424,23963.77378553968,26.17286136045979,0,1.2733556536892003,-0.18065007473430317,0
552.7138735403312,0.15034258283627516,1,3.4696725409781095,8557.342532310848,58.78159975924996,0,0.38273364435873997,-0.16611090081035207,0
661.2537522646369,0.17582273077244137,3,7.8895082393658065,23882.144759504175,40.69750345608173,0,-0.40563683895524016,0.4300825180289001,0
590.5062260239301,0.16630230103885602,2,1.175042196352726,30789.87323618854,45.46359812469183,1,0.820105954635571,-0.2633176494746834,0
637.2790198756512,0.03986203717272528,2,2.465733909452452,41070.65521944927,48.305422716560486,0,0.9242479851538693,-0.6319333466717367,0
669.2045543437375,0.10518445614999716,2,0.5059551778981013,43869.9086808309,39.77025667105209,0,-0.6201595046347157,0.6945604939556251,1
658.0127526472498,0.2605375227056293,1,1.9319470218889916,16690.183338354524,35.56748492626436,1,-2.461670991403217,-0.6408998060933417,1
611.9859915336601,0.2660704682081865,1,11.597561487555046,21064.522549620873,52.15471924962806,2,0.299513794310601,0.3637029196685633,0
751.8362999135928,0.17245395064232635,1,2.295384798087449,4504.420629081364,41.3751038404079,2,0.6138044314836587,-0.4360601684150365,0
514.3094986534766,0.46856258360850117,2,10.445995500284436,19164.956720294813,44.25159932231686,0,0.10244533287289707,-0.759172976745667,1
708.4146824903692,0.14233812302921645,1,24.905664429542416,31478.931920336167,34.68422636841711,0,-2.1686178490457584,0.9702488559032774,0
501.401338272437,0.5811622819868656,2,4.129932547986637,35370.11201881238,59.12149104427583,1,0.7219648996006455,-0.40208789518543986,1
680.6078509378771,0.08371337824799507,1,4.057918773708761,26126.30066334342,26.386451739626978,0,-1.0189215097893856,0.33819795069845293,0
579.0476538972899,0.0773550795539119,1,0.7337337828595164,32054.588533028276,40.885477637684126,1,0.5802144748462712,-0.14195920254836314,1
720.2643006186024,0.3335289069709399,0,3.6199050285682635,22627.503899558447,41.39820798138666,0,0.5157995750587926,-0.4326974353757158,0
656.9162019206075,0.2731021518409044,1,13.572514538544846,21187.1149526012,36.75007325218001,1,0.4537944372151853,-0.9980898286171795,0
669.816510277346,0.2405234179867303,1,1.02100573551738,19717.509405463752,50.928120954630714,0,0.44252290867616,0.7825646924646374,0
568.5376539546519,0.29767663819152584,0,2.0025073599963616,39805.07760860791,42.84581738678075,0,0.20491693127747723,-0.6209760568109941,1
597.6343892001933,0.14380371797858915,2,15.177824025041279,32767.235256985467,54.43043956326042,0,-0.24958585211110884,-0.9742328229841255,1
666.5773914728762,0.19565607497199478,3,3.236958191075065,17108.700698687113,30.719401742180548,2,0.4636445630065111,-0.2621213556576578,0
696.6855941527443,0.19769913400808373,1,1.8434746505578565,30135.412258612192,37.36493582401808,1,1.518126459442009,-0.3419707577900999,0
850.0,0.26589456543366263,2,2.118594637390971,36635.05641873639,36.94911887176461,2,-1.035468731506958,-0.989540141745219,0
667.8286658482789,0.7202938740377562,1,6.791363950327711,46285.23855531678,32.8436234104023,1,-0.8048528582069345,0.7904398091312601,0
728.0830020295141,0.21684025380565364,2,5.702181748938294,8330.859897336324,53.1559402180092,2,-1.3497482981720519,0.6710725940641007,0
525.4452853992591,0.34915996016547757,1,7.600225554614784,21220.979484421692,58.217167691025296,2,-0.7465827775584578,-0.9904834466223518,0
543.608651093275,0.4533584011959219,2,3.892264021751808,30546.122780145026,34.770625275610115,0,0.14161547528053273,-0.9810037591526568,1
621.5604180313238,0.5630805473060349,1,4.120782625188036,13629.740596165628,30.285385375292154,1,-1.066861487153825,-0.6077078215577691,0
554.2057843489147,0.37445492036202466,4,26.269806766008532,11468.634834725384,39.142381153344445,1,-1.3306824590252364,-0.6469688116984329,1
768.9119402773108,0.33975982530105603,0,6.02410844505355,49358.18156178615,40.89438270781978,2,1.2783989221156442,-0.18395476557659385,0
617.1825045775737,0.1567699756607161,2,1.4774181222872795,18836.132976876474,35.767922727738465,0,0.026308735116297364,-0.8985825091113715,0
760.5745510714511,0.14506108960452116,2,4.344901092629086,2080.7778686943957,32.19650950652618,2,0.005376433740731147,-0.42841844808232565,0
768.9425979268505,0.252227346908375,2,2.6356249577816184,10022.734538864423,22.06854703452941,2,0.7723051528939899,0.8929718623450074,0
653.4223775906853,0.17127210393690637,2,3.6548397210901014,28110.887182015795,71.75876483621695,0,-1.640359076062794,-0.43766995081617677,0
690.1439803046111,0.11448919028723747,2,3.786489202006007,49168.46742633745,41.84661799881195,1,0.9693816095574294,0.4247595201285532,0
645.5120421327277,0.26263160495394716,0,11.09285125808827,3177.345922417098,22.120678014216747,1,1.1902067791490523,-0.08865058770528944,0
693.0749600283631,0.5094745806539476,0,6.0342965615858795,41220.90113257527,36.4808552930031,0,-0.8605171643759395,0.5527407396931803,0
688.6673481424457,0.45730557345598993,0,9.748775376823101,6568.857532650844,39.041986523031156,4,-0.6136039796372843,-0.57417107627952,0
640.1080299286375,0.06190374112970196,3,2.471125151185862,24377.999975395294,34.015157388225994,0,1.2008604519942836,-0.1542471598077395,0
690.3975985170272,0.1906758400333147,1,1.2786067539201416,10052.774541496268,45.35660907411569,0,0.7912031138784759,0.8024855524453656,0
787.895702053381,0.4611229949625582,0,3.637302633755046,29095.387022676477,35.40768896457968,1,0.7284633893565544,-0.13400082181238782,0
707.041298376875,0.15811562514845576,0,5.6674723136836285,7629.059473093643,23.43132393768748,0,-0.5864044507002139,-0.02800067591391886,0
676.0639690912501,0.20125417513649296,0,15.287970326385116,3914.4791694635423,48.76178940430921,0,1.1906938418931234,-0.3222248539869317,0
659.981561683457,0.3088236808241603,0,5.390456977392888,3014.798562793061,34.97505452857554,1,0.727081307424219,-0.385769852958707,0
568.9861500985127,0.3184475232754097,2,2.1145354544906048,30034.04995322396,18.0,1,0.25607263481163123,-0.4935681491337751,0
567.816249833963,0.1898777602221943,1,1.481011669057244,34313.72790555588,18.0,1,0.0634657951377707,0.8146749648733851,0
675.8685225184207,0.2031864492413074,0,3.4311554626548064,42863.72730925989,44.69021119366811,0,1.3030390112975045,-0.2949541048140827,0
540.4487100762274,0.3963992041093979,3,7.485295147521212,14627.527948204224,51.04527134298963,1,-0.41978885813320055,0.5726591884286494,1
588.6937920829133,0.33739678021686365,0,0.40460688591489985,21719.187016902422,43.43445053847845,0,0.8826787630253359,0.24801470741421383,1
752.5209072291307,0.2191747892422213,3,6.488686038992498,1100.4696620872194,21.36313102615732,1,-0.2632729865337064,0.1418916751788346,0
803.1383757650251,0.06769021289422268,2,11.871254166167532,6477.801165701978,40.40541826564133,4,1.4064682923014058,-0.5950294389268183,0
516.7235138561825,0.23587613035528376,1,2.415255518985234,44868.212228339806,26.72653824192445,1,0.5092536730955189,-0.7908286947920256,0
780.1319649841266,0.08373975068419677,1,1.2527938601032418,33016.67776989992,35.67474330669754,2,-0.32371360148032274,0.35862973827826816,0
633.0849367323555,0.23889155532801795,4,0.2360592599207585,31674.7741712542,39.53571976343714,0,0.14885533969156847,0.7033689241691994,0
648.7995930374908,0.26622547545909897,2,0.45787967002704155,11138.59266057529,51.58402144520763,1,0.31124803295659614,-0.9420415955913202,0
640.9270695485812,0.3771956289093638,1,5.497397365184994,7737.46353107181,62.70516218404943,0,-1.2548007836699135,-0.442744212778736,0
736.443530162039,0.06916306579018683,4,1.1380460520929958,12801.844526115075,53.50316651298496,0,2.6395955990150046,-0.2830803508879609,0
521.3858736765458,0.35190728038407026,1,4.038907662808832,3584.9443028223677,28.09885718406916,0,0.04799380628347881,0.27425841872959844,0
686.4930889084106,0.5082069852918663,1,6.41640121253726,43015.400567785015,18.0,1,1.7165508557232387,-0.4453832490746086,1
574.4103842089592,0.5577867665648458,2,2.668651432229306,1835.5543647723184,44.229770310928075,1,-2.099893648932131,-0.7656371660806136,1
695.6630823505259,0.18706532432844059,2,0.28348981330300643,6472.421989386987,40.110536537013964,0,-1.3913014603622056,0.6872388556075602,0
773.4237070634441,0.04894517581501935,0,5.163311716031701,27572.17405721253,52.78643375880017,0,0.8017991902563812,0.5421570958925266,0
649.9666138869903,0.017481467476221986,1,3.5943837693574956,46101.84595963731,38.40921862417834,3,-1.117702545225084,0.3197691880958937,0
679.9324068776642,0.44791130308107474,0,7.037272504824871,45493.02936333905,37.4958598160328,0,-1.3611321316257736,0.0057867929701354015,0
682.7641422590153,0.35131318598482525,1,7.395971827294057,3600.6935545037636,37.46575322858078,0,-0.10001386172326343,-0.10362382393691139,0
586.0325200263608,0.1421599840750601,2,10.650120772682248,3411.0413621704274,35.44824286577462,1,0.47863045718622904,-0.7528462808231577,0
770.9311479907454,0.17041225724899187,1,2.5896354809941124,39111.806956258646,46.86740171238224,0,-0.20827195545118543,0.647700230671713,0
786.5174597808791,0.21449791513227284,0,9.032246812776235,3201.252913377536,27.51036568251741,0,0.13955669085062766,-0.16550989326551768,0
706.1426697693623,0.36113595357029465,1,6.688116525969521,10043.96582215155,45.73054527839632,0,-0.9311640027365694,-0.5435808827861592,0
655.8628345606116,0.23518098517243874,1,7.852299375119171,23206.277883990653,32.40231189728944,2,-0.13126916576843015,-0.9809926354976475,0
613.0484947716573,0.3056946065611024,0,0.25897397423681207,47817.83656495932,45.456645492693056,0,-1.1282484881359875,-0.9743821478917487,0
599.880782148073,0.2126502285905531,2,4.132385933301405,3152.9375477759486,44.493151831055016,0,-1.2732056343250449,-0.9332347794852334,0
786.8669266037325,0.05286830505186822,0,8.343521441822014,10274.3350197436,65.7518668940408,1,-0.7104639534056753,0.6248390486349253,0
763.1532034183219,0.14313445910099204,3,5.634139683389775,17237.09224216458,31.93103336374859,1,0.3176480376390236,0.4248094647777736,0
644.9070808968361,0.2178950960570627,2,6.381004851034364,8695.717067942061,35.02870843221634,1,1.4182541920528922,0.7782809606422207,0
523.6055576263101,0.39858807702655447,1,4.388964926241646,10308.370296634586,45.90844447851181,0,-0.0899922815157752,0.6252242125210947,1
423.439050407281,0.14686957803196687,3,12.746747398227363,17584.45997048903,39.74236721988678,0,-0.0015274784321723431,0.7746848603825838,1
563.3258671788576,0.33056704747455157,2,2.776835093044188,5036.451010597748,38.60939342237533,0,-0.15082055207978912,-0.5211147442266704,1
639.5503683203905,0.37568914136614956,2,1.360703388858175,30238.728917631168,27.79968011718084,0,-0.8173428286273233,-0.37945049343712545,0
762.0551227554402,0.2379001094512733,0,2.819172424932539,46293.69011633736,44.861555949872354,0,0.9736430680621895,0.8121083098656698,0
597.8675032753775,0.3304282220379111,1,7.906209719765128,46322.222272127445,45.31814272499612,4,-1.8483889362171007,0.9189847779886902,1
690.3852365072402,0.23359516132832572,0,2.032360600777792,48726.760027287404,34.48059823347087,1,-0.5749879108073569,-0.05582162707049054,0
754.2544769318746,0.18602849934675367,1,0.8060079594891612,10452.268965857502,36.63604488562678,1,0.06286904289076184,-0.913391828767069,0
660.2829053484838,0.5255341822002221,2,4.877560009332894,23699.29616793347,42.90814904834207,1,-0.6940681236152864,0.6093917415873136,0
638.6041704968927,0.10066363488822662,0,1.9400372176668859,15375.507066558957,27.32984128835565,2,0.40574460718339594,0.4359767701452404,0
545.2989188609114,0.48049600413707433,2,2.6504861884550754,18321.886706138026,68.76538595954327,0,-0.7924653796523468,-0.12754717343425348,1
553.8019753436454,0.29527803567665245,2,11.071010069636763,5650.449718378738,51.147749536306755,1,0.4878726275950359,0.8243087574229788,1
683.2879707532659,0.420055330534644,1,1.0762976773688218,45050.77072547283,56.89678922919133,0,0.8072073633938078,0.18113728142203334,1
633.9273973439258,0.3259033178022053,5,4.639335543247741,31249.38447193543,41.69415732118761,1,0.17927584472975397,-0.34659589874759367,1
659.8025054122642,0.10556057430797146,2,0.3745363244333752,18088.64109964289,30.574522255645658,0,1.0351077516325418,0.55578261843098,0
646.2177827443003,0.23708222201742374,3,1.4538090626705253,3010.164677499471,46.511773691416956,3,0.10903742275279431,0.5156820522137888,0
703.131523948692,0.09439972060887541,2,8.819486360255725,23766.173963961523,35.97397428747505,1,0.04497453303022617,0.1314596059415507,0
587.2250070856444,0.15960060722745395,1,4.0929192983468194,31530.184599660613,44.59075653010221,1,-0.4101582285305541,-0.6312784394891919,0
623.1535485133467,0.22385191484270706,0,1.1266443810755762,1105.9844959709944,41.32597462997856,0,-0.7202402318394138,-0.5654362445663019,0
801.6945782906515,0.4102921343210284,2,0.7671737719841696,14998.643139758467,34.69186126170587,2,1.35057173514788,0.5184406723399497,0
586.0171089291383,0.2308347923783467,2,3.571550265046715,32215.888376042843,40.07849537512732,1,0.7456127185912571,-0.5825910765890845,1
627.4739655359919,0.3930842092350327,0,0.4558876947944842,46749.48471163408,49.59087265006162,0,0.9018625921225002,-0.07200978391426172,0
602.8490638417145,0.35309246419569296,0,5.808046522453983,24911.60134765006,46.79928195182091,2,0.47388147389159846,0.06692522603506679,0
685.58250899258,0.44476109814715376,0,3.495165444740167,9524.798316006043,37.63972704024668,1,-1.6511734452963802,-0.0011862603819039474,0
731.7913857953656,0.5171086266949809,1,9.778263373434756,49769.056063825235,32.97429170154918,1,-0.06789361482803541,-0.18728398947856628,0
610.1430705131112,0.3352091910832427,3,7.123050325775657,29638.645386594326,36.41938484775804,0,-0.2433493830982294,-0.7349705762037531,1
615.4868527116251,0.602027443720606,0,1.7994382119542918,20292.447625206525,42.1339962379269,1,-0.7008507370904267,-0.3412341286003411,1
627.6814715757575,0.2130834378753204,1,2.8074744827867244,49728.747277054084,53.94482764147676,1,0.4875195531762096,0.4477241324759209,1
692.3867026779966,0.40363200267067145,4,13.642838379919542,40922.03498237675,49.23067582627931,1,1.3150741646771926,0.9998339364640643,1
590.8483757991844,0.1962914987574485,0,11.822128725424735,16859.125377647448,36.807296805293014,1,-0.9381924153206592,0.08932007613276749,1
619.9232027222993,0.17588358543084032,1,21.559092024733765,10745.849201838537,45.39657512349418,1,0.8170743522266896,-0.1058899788461587,0
460.2244902789588,0.46271921600884325,1,6.427640388003343,6115.547454071312,40.700505525720956,2,0.2138632197053281,0.3057175908916676,1
539.4603992404012,0.2631923088386259,1,8.976909203495303,11361.660774873842,45.63766928008075,0,0.5428694900736103,-0.8186626698102899,0
641.0044995184569,0.30158539714285115,2,3.3233418831781867,10769.695160896454,50.3860434029418,0,-0.12013763746471716,0.7391631980920179,0
721.8291338562497,0.10115203576172836,4,2.3959013397846687,40998.93734747986,35.505136314404865,0,0.5652163330274979,0.8488726578981478,0
673.606062664149,0.14009669871518754,2,1.5885554493020768,35657.9803641128,63.438207305070506,0,-0.21841399506983641,-0.664825666822698,1
562.098523466616,0.20020322869525617,2,1.8575073264735031,19190.293340946435,66.07717101098189,0,-0.900568764972565,0.6063636014703364,0
537.9795033497646,0.4001663881322296,0,4.112176751779884,4263.331780528387,69.78167346793647,1,-0.07622892938596777,0.3239514134978212,0
663.9744074318535,0.15173627154864316,0,0.71974259256208,49293.919659965184,36.447386809433596,1,0.5274261052015288,-0.7427028268172684,0
517.7757086197726,0.36728077719961116,2,3.979316651988985,17566.046509020092,45.93699899662491,1,-0.6690001895455119,0.2762118545818253,1
735.2741454973511,0.2122956345941564,3,6.131804630452122,2400.5024863758463,43.78642535492129,2,-1.4242061729093507,0.821694610629877,0
655.1116953320143,0.16319200540159717,1,0.041700622252696606,30948.455771717236,43.874839306614184,1,-1.177377708268623,0.801666324170659,0
521.4143872612754,0.4361737902238185,1,6.1546642310979855,1590.5257404345366,34.638823777014174,1,-0.07460100665537173,-0.5468576529482048,1
572.7236912926504,0.4032341331364951,1,2.126123189242188,43794.19017913011,34.239394811488786,2,-0.4982883026948563,-0.2809141140678091,1
592.0550944615102,0.19340765978604094,3,5.711967661543457,28408.838352199822,55.25409420801158,1,1.0297902377853996,-0.605129253006365,1
588.1445991821249,0.3059879118434064,0,5.767282519030137,37823.466784261705,23.215891027303282,0,-0.44525151018224857,0.5747676484427018,0
530.8053593422806,0.15373387944167238,1,3.003959248306676,4188.722777520736,34.746782794789205,1,-0.17864560079522743,-0.38987971648542175,0
580.0269982408923,0.3948522975766154,2,4.838630885704696,45911.33505207553,39.92814597671466,2,-0.36734510143522553,-0.3510296750653079,0
595.2478755087659,0.1341903924020319,0,4.215317396341643,7547.87969596557,44.91434026417171,0,0.09396253005396847,0.466748391085817,0
593.0971395511649,0.30650205958115284,1,6.914693022758747,25536.87059226486,46.86019435142696,2,0.5591814039587646,0.07439539708185738,1
740.2365299946705,0.15037697531099167,1,5.249353561069219,32346.99429827847,49.061996010054486,2,1.0761814612449319,-0.10276647890130519,0
658.3862242261772,0.050434011775983376,2,0.4388266884090727,7064.689512569656,34.44719623639782,1,-0.8832002631923545,0.6742043917446634,0
570.5394226049958,0.338706799127406,0,0.0707493164640284,33812.55496619602,43.04490015547139,3,1.3284490320997764,0.938266638739726,0
623.2302715236702,0.2099717412772319,3,2.614159510989217,25162.199694055827,21.731847688124112,1,0.5411805631413844,-0.4287176369229384,1
579.6354322150893,0.08806469717227125,2,0.5230154896229596,11919.131741649986,64.9395105688273,1,-0.6066620370177588,-0.6585447510735587,1
625.9994672790594,0.21562327453950988,1,10.506852206554969,28477.240373581582,38.303904812652675,0,2.1608152638845177,-0.22450393316431794,0
720.0407322513106,0.10382852663582033,0,7.486549333008126,20398.183639850173,51.34029981099427,2,-0.037268138369826884,-0.45637347830605846,0
670.18166244897,0.4946208391327376,0,1.3502680486940186,2376.9042687536053,49.41130565397816,1,0.40319779880127793,0.9171364536434901,0
832.8480945222453,0.32367561513048676,2,3.332936787734476,22194.773530386603,26.160320302832027,0,-0.82592968975301,0.04674169997805677,0
680.0741940613984,0.7544390323537821,3,3.1417366940189293,40016.82537406165,54.43674333775945,0,-0.1936047096841677,0.7365097120607589,1
576.9124392018314,0.5037544213811929,1,4.931625640761193,2027.1500221896483,18.0,2,-0.0710689245784941,-0.23354349592314172,1
714.7792584651557,0.7043462900934124,4,2.0078643724093146,16014.226375631566,39.587447306037944,0,0.45342877894637784,-0.8010579022156179,1
736.3944973714028,0.02676828461771452,5,17.36476223057645,42632.47385155957,45.51806471288148,1,-0.2712429425587415,0.024401953175205326,0
737.5333593155156,0.1456369468889846,3,2.141254879972913,19137.255441533147,57.734321169131036,0,1.6532996774983753,-0.7387157782559766,0
562.4607237571927,0.47190550800728903,0,3.577959520647676,30236.869492885275,25.372468555467613,1,0.4353473539515927,0.319869067116169,1
638.189006838813,0.2603144213573306,2,12.34029993856888,15529.094318708683,42.405669692059305,0,-0.7655398357114913,-0.6325203887366895,0
740.5449565462762,0.17479244188885745,1,16.27140977958407,3832.773368539279,21.63575918303002,2,-0.01886030884636332,-0.5139378222451796,0
515.2216832900847,0.045694503193072784,4,3.384350792515327,31308.428948230532,59.38315079361308,0,-0.20312761592041614,-0.9002010419127051,0
610.0466591182369,0.2914500268422271,1,1.356407395623712,22525.523043255555,40.90285990078843,1,0.552649465235409,0.45199094946966323,0
535.8449851658406,0.3908785942108379,0,0.6314485078645227,20692.36909826259,50.94284300219334,2,-0.3492522233317939,-0.5710992956007259,0
575.394381608239,0.36020998659474485,1,0.9640430423925533,40801.672101218996,24.29148064430139,1,0.5583850477817075,0.9054093121266831,1
569.0034277804955,0.6159204554138937,1,17.052104538860448,19613.926255305036,37.01864577603114,1,0.9536456995600331,0.39211579481660697,0
750.0455866034748,0.5038716390278417,3,0.20194646578882003,17991.738400738526,41.1033951263187,1,-1.5293698951123398,-0.7316774749884429,1
631.2369572073,0.0571137032726353,4,9.214454438203086,37311.84976690581,42.92735064042016,0,-0.18620070303223146,-0.7236073201763837,0
580.9315534926574,0.4024084012563225,3,12.221476895929094,34295.63427125881,30.358216409221896,4,0.7939854934980993,0.8572980855878547,1
567.1515414892405,0.26992124919679183,0,0.46685491221509556,5427.634176779089,57.18049240766098,1,0.08075884313920831,0.3873548694162554,0
661.3333731897225,0.5087402708228579,2,6.5830799110244005,27661.795567954625,36.53500530928428,0,1.2940347494183215,-0.5925570851416468,0
649.1091498127466,0.28763283894792857,2,0.6523444573058861,32142.760033787166,39.734310457898566,0,0.7890872380193317,0.6540843483170697,0
757.5259499738742,0.13839707287501277,2,4.351105346920404,35113.34065787784,39.365882043039086,0,1.9911034336885636,0.8963559082758732,1
690.0013356685843,0.3776918275029735,3,1.859680117332664,30299.374579945874,39.04624249283749,5,-1.3337317988739517,0.6778593077292956,1
535.456177754797,0.2617351247358719,1,5.322494354627413,49573.565007653866,38.245008482615255,1,-0.4093015290398729,-0.7478813249130019,0
599.6815433926986,0.18267098455195804,1,9.18822735154066,28812.54902806499,25.047197536021272,0,0.8601278763597171,0.9659433551692291,0
735.6058009656782,0.2961144995431272,2,0.6827027774995389,18907.145783948727,33.883588776516824,1,-0.4685766629449419,-0.04606322203779656,1
600.3133841838899,0.42984698018511924,3,12.713985846103302,4927.557516442401,31.87392737409194,1,1.3097496549712586,-0.10236462130122859,1
788.7657739938967,0.26067988036291256,1,1.7859248318876164,20987.01249642098,18.0,1,-0.4562396679102383,-0.3880803101417032,0
562.1368454940202,0.46815884623172327,0,7.530926172605409,18310.50093091345,41.52331714545368,1,0.5485068812145267,0.6544012198061568,1
695.8090682432633,0.07331208475614227,4,0.9993460151535994,43239.521799553986,51.1315174009768,3,0.8665306606018677,0.7408691072886175,0
581.1027557281087,0.2360930347067035,3,14.65232208934526,3937.8135485899415,29.872182218779507,0,1.3474217351920792,-0.16894166615610717,0
609.2323893642914,0.26604683489531367,0,5.995951384453929,40270.462363665385,55.62743603864817,4,1.2963392540116885,-0.5607171325493405,0
737.8865318584917,0.18730146701956324,2,13.026841734571864,18351.796499754455,46.955262894722466,3,0.003308646092134299,0.8131043677307295,0
639.8346269729186,0.10313175703600712,1,15.374925764586893,6812.671047972969,31.982817922342058,0,0.27038440024953264,-0.6037985823681988,1
715.0761796091285,0.3913725910750087,0,2.0754208290263434,41429.537892896384,49.56985757281017,1,-0.22886641534875907,0.4117229096528612,0
687.8632475931839,0.37208495395846697,2,0.3539159289073252,7665.069258925556,27.255294417791077,0,-0.5685778918562286,-0.6831298476577741,0
710.309254684984,0.29607405716968455,1,8.316962074469878,22524.173292516625,25.78569052458122,0,-1.0560143444973806,0.10986953967697599,0
578.944943113159,0.005601331157543973,1,4.67667364487763,27783.987954393706,41.955194668924136,0,0.6036828700713683,-0.08510857002149441,0
632.2740481436799,0.21259484437531137,1,4.94042715641552,34533.0332084308,53.62506745465508,2,1.0733070620720089,0.2893337026882843,0
683.9402094480696,0.36536234810294843,2,1.8247752879239167,18094.863504624678,47.71177686669497,1,0.28915293322684926,0.44555350669836113,0
582.0741701845071,0.291210878863354,3,11.70781568268769,38265.90507598966,52.32936605093143,0,0.8139412055840856,-0.21497558527656446,1
780.3600034585863,0.12720779242634228,2,3.1014244106289883,14429.784594410581,34.988377501614266,0,-2.132164887278153,-0.43104011293557765,0
587.8217566275893,0.11619635606716225,1,2.3208520696731387,31037.75067284727,50.066502889426644,0,-0.40331846530345733,-0.3038209796995941,0
625.9997138449764,0.36427103028686547,2,3.852156617910164,38347.74780833764,25.243473219877316,0,-1.2947914095215036,0.9426987473149253,1
569.475274816461,0.41618430430652437,1,0.11408275701368309,4459.580672514291,50.10312976271484,0,0.9484509634306445,-0.5184750665306375,0
478.5353547809049,0.11401645404109893,1,4.473419731677498,14621.681814650867,63.92942790117026,1,0.646563325035146,-0.012218596255265002,0
793.7534818059942,0.35024032331456906,1,19.984812587257153,40660.10060108149,45.39424534581805,0,-1.1484228976034743,0.6437315733678088,0
633.6528850477562,0.1955995589002446,1,2.151215544493575,19085.841745854243,32.165609726990155,0,0.3244675588488104,0.3431846933460452,0
614.1668129267567,0.12730026077915763,0,9.14642056948055,18371.922211562865,39.34603849908641,2,-1.6031979139468624,0.7611607414172186,0
634.1027950663361,0.35207353806458475,3,5.553799429973374,7191.1355913920115,29.594175186621804,1,-1.0127630234157452,0.5377770960002941,1
763.5891177757148,0.2780309222838579,1,6.5864045833854306,31121.926624493917,22.99277725352199,0,-0.6139746455868986,-0.09784424157003135,1
572.7914713548466,0.118259198898358,2,2.497059189348284,27179.851734790627,18.744376254158063,0,-0.5257690174347757,0.06702454860879214,1
704.3654292612066,0.5380327192415807,1,7.552687669808763,22196.75187125008,54.220566895431176,0,1.3361942557780426,-0.7811106480193211,1
616.0969401160419,0.22224472637680867,1,8.84278594828067,36721.63412727807,54.8910513325594,1,1.8971171128814326,0.4949858366872657,0
602.2663315569353,0.21338818265848675,0,1.7633492341439996,17905.695880485615,34.76319467062901,1,-0.12267487447252665,-0.6780691025345842,0
695.3646570016145,0.32399891594099667,0,7.441871374803817,13367.103022377107,40.672119246773065,0,-0.21791231078181614,0.2238388389532271,0
729.0592458994157,0.5294004965263773,0,1.6515632405935385,36844.892664956984,25.690857787309902,1,-0.3396846034180163,0.5924071098601926,0
608.8877639776067,0.4264584802896711,3,3.6485628357912043,10643.927576904627,25.304960030781153,0,-0.5343611436222011,0.6442702884913962,1
588.4920672260153,0.08883547651653677,2,1.122059438617331,5164.921580089887,37.96932600480921,0,0.17263368379812566,-0.9991802088886093,1
556.4723402142379,0.2616512940686031,2,3.6979388127104365,7139.0202868934375,50.33778777746823,0,-0.7151306797473758,-0.6600596911307901,1
738.2803013382701,0.3444902320181798,0,3.1236440025983936,25429.889411066877,20.761179231700165,1,-0.06744111218518271,0.6407966608611628,0
603.9795204155106,0.45485540453529183,1,1.0914005403731275,12759.787249008705,37.25979977748409,1,0.00729327433464741,0.9522086598850543,1
502.0695418179639,0.2558570519218316,2,0.8424181263385151,26484.664320543357,49.80259971265157,1,0.5944356166227563,0.6883150388348496,1
762.7961710716917,0.10241155444755265,4,13.515016400254378,6417.575524029127,21.58997549721592,0,0.4019962406111046,-0.14123201537613772,0
540.4112398437646,0.15115950642550283,2,3.0823927726937494,36505.33262103531,46.51178032988631,1,1.0683682579235734,-0.239846493359406,1
712.356842500725,0.13966208432831373,2,5.334292167667471,19875.272592885904,29.533869863938612,1,-0.5342602777230047,-0.5511462615055351,0
664.674291733402,0.2497768543607173,3,3.885448829790869,49943.56139286216,47.72916513535289,2,0.9896960404790576,0.6176255677766733,0
673.0332345772223,0.16847975893628014,1,2.36702550522253,37869.914049659805,41.62012445841458,5,-1.0529241593808765,-0.7997937403658204,0
603.2499779750942,0.13148717254187767,2,3.530637919160433,46207.24736682224,33.56981579669369,1,-0.6411926311975447,-0.7124558981554683,1
679.2473168179708,0.2807626625702463,1,5.32155233103905,32787.99639212873,55.48175425905947,0,0.3256887125936148,0.3189734809173246,0
516.577608569261,0.07203500478796691,2,15.59671884035283,33779.55808337326,20.08552328244354,2,-0.46950110898556624,-0.9480912523910507,1
697.0430198991851,0.2383223279568382,0,3.8845462874303016,12055.266665089423,40.040102265759266,1,-0.32927384381352726,0.6628420907859522,0
774.5608033225728,0.4340438694129033,0,6.374474801291879,46900.31603205531,60.136618623381224,0,-0.9788016127084881,0.5246990030366343,0
720.7221757941061,0.1304576112445002,2,0.8347340404902277,36710.112943921675,33.94769021264447,3,0.4171387616083635,-0.07858041688465578,1
488.4367931690623,0.4879502439214087,6,27.207023870269126,30459.245354845858,36.75958227341601,2,0.03259541639555888,0.7191049332113602,1
571.2632798181721,0.10209193852625364,0,4.516738936742487,17565.110373323736,24.062821121066122,1,0.33436826758670907,-0.12235887503252707,0
634.9764062420154,0.09132871561555506,2,0.020417765424330284,39977.41258763664,30.586967290413988,0,1.5803852394783722,-0.7463815417330488,0
688.9549843951946,0.2271980387620747,3,11.480553788436538,5976.764174253554,45.215553986766785,0,-0.8716732422013356,0.8629297689527025,0
641.467786107182,0.5445698897825565,1,2.119973661636159,41378.0538862236,41.40641199740206,0,1.4028013984210146,-0.05459833111370682,0
610.5428490311601,0.21184657499368464,2,2.0968753015103645,10215.033711742328,36.47597202065873,2,2.0810502302667326,-0.7418501891824298,1
697.6240246153834,0.6346746752942609,1,3.582399239233198,41904.2799749079,40.53955823074732,0,-0.023834962052275532,0.9450074573419855,1
743.1321412979974,0.1391216838950741,1,9.072610838685932,18312.29035900379,54.11032519806129,0,0.5774483517978741,0.6538016200068777,0
631.4164794250722,0.5737187176736812,1,3.607074802185441,5170.684025250978,37.960758769114236,0,1.9635709092228553,-0.9055772859020703,1
708.3143893908191,0.40925121559524763,2,2.3281361465853063,8284.460260019603,54.015440203994196,4,0.30455472648509807,0.47622323442906356,1
443.675940384842,0.2785105720755323,1,10.950449744106344,18660.658465839446,48.60103699492667,1,0.6677280870898138,0.73391972162692,0
574.9992491113017,0.6501045869344376,0,0.8386652009509559,39274.77468264124,35.268982605718236,2,-0.5359039416440348,-0.9385692271222195,0
624.2992850353593,0.3960879170867387,1,1.6058627745129206,48898.535741759,38.53107384114437,0,0.1722752426573581,0.8078515390384571,0
610.9147023396299,0.20067087740968167,0,8.999804108482001,32083.064057740074,30.67901214373815,3,0.840130616482356,-0.9563114173008311,0
676.6238573923564,0.22230875581173876,1,0.17133942478541625,30478.694179083894,23.950129541349853,2,1.7337569576951972,0.6880712568451046,0
731.1000437998608,0.19156794650851755,0,1.0350638765197773,10468.419017448174,29.780774795477637,1,-0.27404593862825527,-0.7462093810040804,0
690.533522082271,0.08249805591985157,3,6.598116121222747,25941.646567908494,28.01135725550464,2,-0.42673748052016486,-0.16533134473923483,0
600.2219622595956,0.3481673014285041,1,2.4449014294669698,28488.62349048095,75.0,1,-0.43133565436898474,0.5954984451552467,0
528.1785527596651,0.43089056014054467,0,2.624769146449747,49701.538054033634,30.097096382262606,2,0.36593724295990904,-0.3804458033668443,0
694.557129646311,0.34057184022492604,4,3.19946801468382,16562.431733499838,43.02981723974685,1,0.8313990454161745,-0.76539363100475,1
502.94586082639904,0.464555544403538,3,0.3258016433114629,45106.09604496948,40.70691172034346,0,1.0468842507036888,0.9639480147256387,0
702.2429826725142,0.35037726164210553,1,10.321012786912114,10640.152459004057,27.19782790644795,2,-0.6084521018330483,0.6205867678104446,0
634.9240734295945,0.33889642262012243,1,0.19105543366636,5183.7519938504,26.25523609332013,0,-0.9645889417686958,-0.30244274547954464,0
555.9332009649416,0.17309664177637005,1,3.118625457828872,40786.81992192527,65.73678562615436,0,2.094759376791864,0.7852602087804808,1
672.9805849973434,0.23423799210462637,1,6.827651369827236,44255.62750534067,18.0,1,-0.19498016309703048,-0.7944411377270817,0
649.76991178728,0.5419515023306385,3,3.466846669365723,33539.73344611004,39.9173340300457,1,-0.5234861330276727,-0.34701556797918753,1
647.0722165667003,0.1646456521775695,4,1.1660888454297074,30735.22982329187,46.42118999842444,2,-0.2122817966421695,0.9370614258852388,1
643.2621362778085,0.14729227972459008,2,7.389460538389595,38272.8636375625,53.32672559331144,2,-1.529335711999861,0.5886377164742351,0
683.5619286740913,0.39890730561879634,4,0.3389657809468398,8177.425841133618,35.368395714575655,0,-1.6754739625390551,0.5896464980892338,0
723.9547217566808,0.3725126498466513,2,7.667465677602,20242.58865418028,50.39304374055898,1,1.1935235962307034,-0.4641470449841676,0
689.7292158787081,0.5213531036667649,1,1.7943503274394503,15884.655124211922,44.74883635246125,3,-0.994284752749992,-0.6642717351490526,1
730.9706551857847,0.07879884420277114,3,1.3351463951325044,27474.634531595533,31.30485468170128,1,1.71885753680513,0.3825404090093856,0
646.4688224921755,0.23306490520353715,1,12.684024338089854,43701.35498791765,69.45624725528917,2,-0.7446220966115877,-0.4470417857956588,0
779.476745938558,0.15047379484050688,5,10.676866722359682,34741.88623155766,20.828161052711756,2,0.3468346433521425,0.908613082243455,0
695.6887857703858,0.2216081850240117,3,1.3735438475274455,35291.74333332406,22.22922602981061,3,-0.4488456455653237,0.09778187497669633,0
606.5044776253778,0.3917648868589759,1,2.073747785915721,23953.545501154134,50.92496421999093,1,-1.9905366540546843,-0.676083506970568,0
562.4883954612476,0.2337842148507084,3,1.748913033699088,35984.09004887651,45.14139108035694,1,2.6856907702898773,-0.14375582225820027,1
666.4637442987264,0.12374914940239164,0,3.137009355892459,39567.452712558705,55.829638260238454,1,0.7610182947202943,-0.15351323714450915,0
545.4782781661919,0.27574421433004476,1,7.940484200853884,39461.826622354594,49.679184291848614,0,0.010068635214176622,0.9165501235733498,0
572.1299225954601,0.11595665983609317,1,2.417985181969248,49330.07544552446,58.59426842565351,1,0.4859635864998919,-0.8529223233871852,0
669.126966429888,0.1888756984051784,1,3.572991416729259,39961.84510760878,36.3531797344984,1,-1.0487329362774722,0.8622842933377228,0
601.3690042974437,0.3560691378580696,2,0.3461473381666157,26779.76250231109,38.804202955627204,2,1.055625936344994,0.5730084006244749,1
575.3347007818462,0.4169611301761613,0,0.9977118446108841,33103.3806088306,40.44436761154701,1,0.10506894817917029,0.8588577807705144,0
647.2419963129281,0.2182709405282792,1,8.829945817259148,33072.51898483599,54.74719208050538,1,0.4203339017581208,0.29680726242080135,0
655.8142319283032,0.1306289461688551,1,6.1008188098504315,24120.877376181495,24.942912329549152,1,1.9592871641048977,0.9061134791770853,0
633.533277982501,0.273189619836378,1,4.056755659958901,21163.2278384458,36.18627935465948,0,-1.6878889536852553,0.6543221936201127,0
619.7962464752569,0.24284226833572306,2,3.2118688999709417,9636.038897929793,38.16551594709021,2,-0.2840432823805368,-0.09325197258010842,0
718.3714182969959,0.09633992273188932,1,1.9257925266142908,31715.579151231806,23.76182031125123,2,0.8091224205229837,-0.6798942400865489,0
677.3941881029463,0.06231563575492002,3,0.8611789834590686,40565.05558726231,19.19973216736338,1,0.729172570654954,-0.5840053836160024,0
632.1259110244243,0.270812750422622,1,2.8622482239914033,1632.6298894697916,44.662683759017206,1,1.1856068479269182,-0.5058606595992292,0
847.1457546812292,0.16569299336063026,3,8.565974797105946,20279.522685793658,35.15697718431597,3,2.111149655524042,0.8672558581187244,0
665.5065389542731,0.13362532533049343,1,0.023814698853327,37234.27529839983,27.030695059193697,1,-2.426462236684662,-0.8527076175968129,0
740.5604106941864,0.15635951617657903,1,6.3079107009110675,27540.315331013764,35.78170808524992,1,-0.5341443828688736,0.4321776329926508,0
605.1215197494595,0.26634792448438044,4,3.841350656279819,35767.71843607367,46.557458558797535,2,0.01757247891264386,-0.744019484011414,1
540.9647242233592,0.23832639844967127,2,2.9677538826934025,29912.277488331776,54.337141161848685,0,-1.4178481049851173,0.27383784232041064,0
586.6594787485228,0.16837452721092663,1,10.697325007609063,16995.166112824045,53.09044064965296,2,-0.9426074009759114,0.8928533465702524,0
628.559217328151,0.19651881829805506,3,7.379537300080992,8723.00045185056,36.096212107653905,0,0.6370956989080752,-0.4063403763769833,1
610.2713432216386,0.1394995132263955,1,14.425940192054885,28216.84596226832,18.0,2,-2.120687696544877,-0.4023469606570411,1
756.9108945858235,0.2317061774208559,3,12.373648172954226,4730.222829178694,45.069374504902314,0,0.23802345949156575,0.11859860411697021,0
640.3967102323113,0.3474762513580583,2,0.8968666069246528,49046.5834087169,44.384899222758634,1,0.009786818864218033,-0.41537310371390146,1
686.9175101952912,0.2356967193762884,3,7.119805372251521,6709.042646936994,57.15655044186552,1,1.0954946664157335,0.6128096747692402,1
646.2815075173688,0.5130190220196168,0,3.342622687695993,29894.399166689833,33.277704510409066,1,-0.03657768603796196,-0.4758668221216267,0
615.3156533813466,0.1756471192599234,2,3.73533582291732,30661.18548812019,52.971940904487575,0,-0.2914509663955573,-0.4994918681150027,1
653.0396810762812,0.13766291840336034,0,3.4246273287887514,26607.844798896313,22.541809333927908,2,-2.055911597563875,-0.953693612152386,0
787.1241175816585,0.09126943845150313,2,3.2087626877224236,6167.726587320519,18.0,0,-0.9552470286862359,-0.00518456593861627,0
588.5641126610548,0.2011854152263812,2,16.466959722961043,23895.71660737463,29.879399576124978,0,1.6735845588549951,0.8381798107711846,0
711.3592360447641,0.26710382124708265,0,1.8041519367785313,14300.492133000564,27.571822142900622,2,0.5899845347068099,0.04788131121202599,0
567.9194198699374,0.3214844428946714,4,3.3001764588260163,10072.718615399648,34.87274309374804,1,0.8376747255102089,0.2190986565198978,1
613.2298846184449,0.12678085228086544,1,4.996382955097232,25010.153893432525,19.03960868659928,3,1.020316893568951,0.49933922080698734,1
650.2866564763667,0.03374162715673267,2,8.300283508238591,11288.609136904519,18.0,2,0.21238674257012694,-0.2296125237022799,0
676.1100071781592,0.0281182685769933,2,1.3171387980915443,36641.149418370034,72.62504177741755,1,-0.003410276749218454,-0.2919098638402833,0
768.6502902379051,0.38510085413837064,0,1.7845721256085023,19758.4390555098,47.24852163067448,2,-0.0009551930123300926,-0.19440378890828502,0
645.9933886828371,0.1696033990375815,1,1.7760029202675423,29264.858371695285,48.64110270849679,1,-0.5785721204491524,-0.6493119530405016,1
582.5107514771258,0.5161049741812435,1,3.443035593558239,46634.51916695737,25.450780537010687,1,0.5198657623274485,0.4208830255436402,1
702.0033578440616,0.5134724190272121,0,3.0265560480544145,17327.532673115667,37.337642696598,0,1.8858413232150255,0.3053996842468305,0
620.8664152867395,0.7105066081280946,1,6.003491682525278,37294.98268263124,30.307569710267437,2,-1.919997175524976,-0.5551288906913039,0
669.0945256745468,0.29077982204823655,1,1.0629758710018256,10998.096705173735,41.761586761765855,0,0.10539553023544297,0.9517157546566786,0
640.7022048369798,0.09617056318607477,2,4.337675393980597,40187.18019782793,56.31570725063552,0,-0.9060998275659757,-0.37552498602813844,0
494.5234518970542,0.30179253658950134,1,1.5785879283080702,16647.682150106444,21.528619452108117,0,-1.2812209156304957,0.930112421764802,1
690.6639348475178,0.34205525670718173,0,11.521361891458405,32153.527782237215,43.21257659475419,1,-0.3665295993610038,-0.6712302894059865,0
696.6694405457039,0.34858522872938175,3,7.0189736142691475,38327.53426859328,28.007968401589338,0,0.46715280415013627,-0.0681193887621967,1
724.1283814646885,0.1879769756260851,3,7.984108198649307,49136.9548466296,41.31850987002038,0,0.939665763207221,0.3251491082119071,0
794.0370209968182,0.206857239965984,2,2.1513998829514764,42677.40387410115,38.07527163690534,2,0.5912288540437748,-0.7795095432576435,0
554.391698122922,0.3195574038014124,3,0.5936508439122039,38633.03658842051,58.649800479943686,0,0.5022299372478864,0.20951442443441803,1
691.3205955425408,0.27858589467764816,2,1.1393267026992528,31000.726438313595,35.60861597502074,0,1.319164386111646,-0.23333808040020254,0
682.7435997312764,0.14233461033625247,2,0.5816685701744928,28014.268803939678,25.828434885755314,1,1.6194702007655486,-0.09210254646810312,0
616.4734405753742,0.1483564478176143,1,21.242640190129137,9555.061017111464,33.767921179251886,1,-0.7793860037204507,0.028005704271990783,0
681.7684989159823,0.46279358800263815,3,5.806053653064078,39508.30992827495,48.71509203057916,0,-1.4820094359677494,-0.052807463888998596,1
689.9717564089573,0.25661710998997733,2,5.281074220020207,45472.23409118618,27.769373800480935,0,-0.11410961168294434,-0.6504233230223444,1
552.5052936018243,0.28204795559038176,1,0.6144457187900044,35724.79130201981,30.349005577132143,0,0.6482615532510994,0.9890587480605426,0
669.6978209021146,0.3241373221336617,2,0.44580043835883926,5573.620966431994,23.85855508531516,2,-0.45790179144441745,0.5069955127678716,1
576.5612555196308,0.4584490481552739,2,0.7781439319484789,30128.938630870085,44.000836974357235,2,-0.7106888397146782,-0.6119884163444316,1
597.8514800055527,0.5592632335936062,3,5.394408340811001,39103.64774611798,40.73411556488614,0,0.48498101443456587,-0.9948095020422909,1
508.020414784908,0.0887298765775231,2,4.7070167350033385,20683.22946187063,54.47309996074091,0,-0.7254376541802591,-0.7931225558348174,1
612.1311259598017,0.4955100850108331,2,7.285024343229869,9437.440445567188,54.70554622130614,1,0.8502063756276821,0.1492880754373136,1
633.7143462821218,0.08433729312697552,3,5.2768786334445466,10783.159111990786,59.25117794629554,0,2.0481849091775373,-0.2687765823034254,0
693.9885493837113,0.2922052471600271,3,12.375170941268156,19094.646117868815,44.12054867416622,0,-0.5892817747734889,0.7028252277109279,0
650.0719941336886,0.5767640360484327,1,1.9089083819896704,3510.734194868718,38.50961085436406,1,1.8800718610333613,0.011950490034331462,0
526.6169479360257,0.06304049371056034,1,4.052872181108076,42918.27267217445,40.47003939124467,0,2.237857190446048,-0.04672304567283203,0
718.9718445507414,0.4570447628629985,0,5.877747092607204,47828.15050249385,41.74606500414357,1,0.5000020574856943,0.2501735701902974,0
640.5130701159926,0.40321498733674926,2,0.0733242437318507,33347.732229744615,32.41796815982963,0,0.39045176948150134,-0.5350653442774278,1
689.0696472343726,0.23077849612164705,2,0.661860705799982,1033.7631977392277,47.83552143488527,0,0.9421400436357122,0.5613778211302158,1
727.2748894767761,0.5225820142872576,3,4.086482786060675,10637.876642018817,36.28132465135672,0,-1.0131307252313437,-0.5246913933657245,1
763.8083799175228,0.21937267458481371,1,13.438809723148797,23096.104506584154,18.0,1,-0.535414520661218,0.016444329205284713,0
806.8981591492012,0.16337260189960712,1,2.247627507660281,2680.2011694960797,40.88408583394798,1,-1.52269320498217,0.19476161139916903,0
644.2208993062666,0.4029010779467713,1,0.319599512768668,40169.66257539436,43.42715245345287,0,-0.39280659703341614,-0.10240700554068294,1
674.8899556874923,0.03778350878250076,0,16.1700173598655,39938.20729460572,67.89697586079495,2,0.5861381614545154,-0.5975935973242299,0
563.7311127346576,0.4627875478673478,1,1.957176130280782,41011.159449576524,33.4359983716144,1,-0.4439393897845764,0.25063565751575023,0
734.9280136028209,0.3492079473128247,2,10.222841636890355,28846.130281083486,33.50151478831617,0,0.5308170570754794,-0.29662523674971664,0
555.2090044342584,0.11152846978281546,0,9.109150868079848,17869.61492421841,35.543419824216016,1,-0.46164813761135876,-0.6114883295072253,0
505.5798649095663,0.10896622016400537,1,7.529441562865603,8415.492680030004,44.13171234643179,0,0.16767705756655488,-0.860424869612181,0
716.4308804272314,0.17239606756099368,1,17.69723728447868,34553.37558248638,46.29534817637311,1,0.3019235293648409,0.1379399770611227,1
608.2642780041748,0.6662869623735346,3,14.59904577313796,17656.92084063441,18.0,1,0.09256487877262459,-0.8390942420069776,1
712.2085825073792,0.3405754775848544,0,3.2651461262448187,28505.916455496554,45.911185397412225,1,-1.1045223644654578,-0.48677176982109094,0
682.6459719476935,0.3603344053845119,1,1.865790649693542,29663.19112967333,30.02712141996885,0,-1.6018603600996646,-0.7857817694968761,0
519.5997879181033,0.17319673175403422,1,9.324062851163639,42802.23526788644,27.444332119244375,1,0.25134221514994776,0.7258593773950017,1
432.42565085419085,0.43497673634896156,3,0.6473014684268286,4390.491960118713,38.17524017063183,0,0.7751314681063314,-0.39661257459872057,1
562.2718602325824,0.07046078427014121,0,6.450113965409959,48165.215342210075,40.890902107335776,0,-0.5661981909298073,-0.3350019033638718,0
651.3193189584691,0.6020364063838275,4,3.533127231609977,40026.85061786086,39.25568259103499,1,-1.096156250392752,-0.9764355839988592,1
552.2578932244182,0.011320015645826747,1,0.12509020854857522,28750.38950923359,41.27728864100193,0,0.5573191354088717,-0.05175352305033076,0
597.7790840521029,0.20159924380426578,1,0.7252938322573237,24298.526162140435,45.70263079338924,2,1.5290379544032682,0.9974067991605331,0
533.284741552214,0.5719689293201964,1,12.35677967145585,23960.685795970505,43.59175929297173,2,0.10564032706929463,-0.6503389810498428,1
663.590236783754,0.3086071892379519,0,0.8439737689151445,41626.65219416849,49.40631182944193,2,-0.5870570446449769,-0.08518415081238406,1
657.266074162906,0.319402652713191,1,1.966206946817599,42941.818353583934,56.469215005596865,3,0.15208076608756402,0.44560746819585506,1
611.4885900761893,0.5821427878957475,2,7.565510106501875,31621.428946532647,44.61062076996866,0,1.2528643036156848,0.42924737481854214,1
761.7652241050994,0.599287675557753,3,0.04923547396870957,37515.27602108978,72.0021297993722,2,-0.08397480526472573,0.11127694962047063,1
769.8172021855651,0.45076758546883644,0,3.080314179580337,25392.547446714427,29.372903278979265,0,-1.098513792967504,0.4827460938424104,0
695.2213762029161,0.2751361729195891,2,0.13423279166558413,19660.334346172996,41.91930597312145,0,-1.4199334524172975,-0.030726060591473203,0
506.0183054826604,0.17481432608239206,0,3.140950883805109,24773.50135686714,31.110285251174233,0,-1.112787305258113,-0.4507347800910617,0
561.6247882235513,0.19593079232582392,0,1.9400955239601565,21514.886804273057,18.53357908571199,0,-0.8040629808944721,-0.45115361950726274,0
682.5704264866598,0.2395295600495806,0,2.899989107104821,31556.51601330659,45.922842325868004,0,1.0850541188275344,-0.15187632304482634,0
599.7153935804329,0.38243092422680114,5,3.3638570958973952,44072.28770174015,28.049248472212394,1,-0.29611098856304596,-0.29196086051235937,1
611.0326854630541,0.14216351307286915,1,0.4298753773292354,20332.296584758464,31.78751246328406,3,1.2899923262415158,-0.16711529274280457,1
721.9173915670448,0.19832762671027926,2,6.107522841940325,21891.304225590815,46.344571597964965,2,1.473940593245086,-0.5128557499176427,0
690.8699857513934,0.0770306298833706,3,5.067506706861709,33641.133626700925,33.17919492518535,0,-0.2430102294116956,0.032974521317546746,0
755.1323547051159,0.2815228037980154,2,1.4544922431191742,20954.27553171377,26.993641025282162,1,-0.237273619533295,-0.8780570615431187,0
615.6632562682818,0.1786867176497853,2,8.252072191262439,6927.893269718692,18.0,1,-0.8299323658339259,0.18595213481332173,0
760.0180336357517,0.6337979009150881,0,1.852695169985027,19651.874418285373,40.62959266352053,1,-0.08104532918495974,0.6675921929053428,0
605.6695002332411,0.10833173571930556,1,0.39593448051342595,29561.68593937154,32.82267152410759,0,-0.5191908350079328,0.39159975493777344,0
769.959319211101,0.12764790755411956,0,19.389932653447122,10362.805157637891,50.49308500689249,1,-0.5615912059339571,0.08357843211635574,0
658.4667714893422,0.24391446530088218,1,3.177972210267199,14665.608306937733,40.25373388182243,1,-0.41758757136678853,-0.40537951457860544,0
581.1592202312313,0.5268916184979017,1,18.677594483191676,26665.058773905013,57.1895144652529,0,0.9917356130866173,0.015369838230203436,1
519.5024393877173,0.3937159298674686,0,0.9560131558734936,30072.091020168686,54.87126830429536,1,0.1447457764062805,-0.29383316131338666,1
625.8822148110645,0.24439401693722634,3,6.961468806625026,37396.18824862274,21.87731986990462,1,0.2564300062666821,0.8061884008927278,0
629.5013841603649,0.19799786240511816,0,3.1527146993966637,40382.353157731224,44.61134411827938,0,-0.4922143938833606,-0.20782314250465994,0
718.6129528097962,0.17137715497517295,2,9.797235082979615,13955.876946918466,49.38539350755003,2,-1.6462913276789917,-0.6881891583186521,0
641.1527597753434,0.4914424228826994,1,0.4651692586401774,34590.19775079207,26.057302814957726,1,1.3490263629559722,0.35792569866710533,0
615.4054417137245,0.1834612009449607,1,1.8628023361331776,31829.76827630539,52.98251583554487,1,0.8536106133221973,0.6594772236723858,0
736.1629978358029,0.23997268672968478,1,7.142129390110749,7919.077770011555,30.706221394078113,1,-1.3406971543559412,0.7980590160285161,0
632.0138750983879,0.13952145649395586,0,1.2027677962770182,16051.09685313193,60.4900369675992,0,-2.278926860044087,-0.7220737523120786,0
603.9006547018478,0.25889338554282953,3,1.144956105488995,46363.5789932397,24.003262950932687,1,0.17628492107939123,0.4810491473629446,1
695.9687133834059,0.08586920436440562,1,4.354870369078507,27947.431848049182,49.00671750662788,1,0.06047105789151884,-0.7845287898684232,0
610.8137424922187,0.423494746320751,2,10.88317263329092,4177.952005561579,24.648543824363482,0,1.9995223283890242,0.017815894075877248,0
702.704171335321,0.3166236305310256,0,0.9191566662503986,20473.38647079844,72.12496062468188,1,0.1264453852877879,-0.4699737758443501,0
602.2466310573444,0.445762627349232,6,1.6641928081526933,39173.81777820698,33.11851886667135,2,-0.6768439467809669,0.1587656899162211,1
632.1632653623697,0.3227983746895081,2,0.05764716755232828,33460.46432879679,20.21314196854154,0,0.2520969417361079,-0.043671364608965035,1
662.1741580470613,0.45616324695459304,1,9.385425071888777,40121.14640644227,54.79373461431131,0,-0.4114217076277813,-0.9300845690070532,0
620.0698943788556,0.19362123809990622,1,6.083054404149469,31455.627478600567,20.874527024857105,1,1.545589741727582,0.3024614546541122,0
648.9238824514089,0.38249619067095153,2,30.0,15058.31868597101,44.510088441416755,0,1.125196294972396,-0.46671247517108694,1
715.2377575392048,0.046984393748893696,1,4.696140020880915,8028.701295856715,37.38385681788992,2,-0.5490311864012454,-0.2586177751788177,0
682.8481433056038,0.19657548538321773,2,9.619682370679515,19573.383974722852,32.0651465727761,2,0.6315193701372891,-0.30013962274976125,0
688.4775880027698,0.16586787287749094,2,11.324729812997397,29639.342370356895,41.74031203897243,3,1.3915944204502448,0.49385260144546317,1
599.1655649104587,0.49210802771875223,0,3.9823298613681297,9826.43821217219,32.509130208547035,1,-1.0119162668036534,0.6476543235759242,0
718.2263814619495,0.23416318061128943,0,2.903487014283621,15268.08127885807,27.203785115537613,0,-2.511381089712045,0.39499268393170706,0
703.5649872407266,0.39429611015351657,2,1.1248863267118554,25637.560513089866,34.13055684286483,0,3.1463266315634884,0.5822125318169562,1
730.35353538093,0.3166836897148982,0,1.2548518277704555,18517.647808060825,36.24321354906187,1,0.7166778119537008,0.73129876767305,0
591.8907334251119,0.545094870601773,3,5.35161471125095,28784.26202993745,34.08287271936,3,0.8896297727407793,0.6420702111787626,1
636.2033122654834,0.264768321463113,0,9.048966619393791,31308.20519866799,30.956253519513012,0,0.782527549955917,0.39087847886208515,0
700.6827121968321,0.20869499066740477,2,1.4330596686024624,23197.498657319902,53.14786441158535,0,2.1714405415932485,-0.1363833635297329,0
601.2947906066295,0.030492533040292737,0,5.868355447849717,33798.40831577398,24.77404250268235,1,-0.3352840880185925,0.2055127836938575,1
631.9102024188835,0.1419433626070143,2,7.6147082725376904,20655.74482491588,48.705991199857586,0,-1.1124627556301394,-0.7044723707596285,0
804.0644589967621,0.35877124651668885,2,4.769456423994897,42404.78250209822,31.44903807962804,0,-0.2554043912342138,-0.3952054617633465,0
806.1408809814251,0.16931719853097538,2,9.64461233052719,34658.27708462754,49.00455751735733,0,-0.47878015701239085,0.600389999016792,0
749.1952439861889,0.07628220390804935,1,2.1294089952978417,46449.240979278606,37.12677642498458,1,0.35214736763545357,-0.04311048883711499,0
725.0868108999814,0.03443364779674951,2,2.546729985536963,41713.715213819065,56.824101370865776,0,0.6135426094392332,-0.470176841822161,0
568.4599080395897,0.3488567168073538,1,18.273294971139634,40126.32897472926,43.859407017049215,2,-1.387450607648248,0.7957622381723137,1
691.0049785140898,0.1667743104697734,2,4.6714126975324435,20590.068752605246,51.166029993749774,2,-0.4651675211922076,-0.3017424236557409,0
621.2706723947292,0.05441380686834977,0,0.10905523138006704,34755.054456614955,38.684282559050494,1,-0.3355195609113374,-0.5348428273110504,0
565.3142481915706,0.46267788794778997,1,5.958314273983797,18409.0752758183,45.788566699352224,1,-0.8778855734105462,0.6243089300114992,1
609.2795329126944,0.4162062096854926,0,6.2579896586659345,32914.08885495091,30.10961690648029,3,0.4262780712408717,-0.544344044051092,1
659.2532059237077,0.38967899918701365,2,0.37202242230751925,14782.614706136816,32.273678658057925,0,-1.9097765297946485,0.8667631418457045,1
606.2115540561067,0.5283138288300436,3,6.095374610591742,36556.216451692955,42.01963779313604,0,0.3818261647658482,-0.8737116682870445,1
605.9360459434528,0.2822853358973755,2,3.760328315187355,37547.39313733236,56.55776174826829,0,-1.3241554964130269,0.8206162427830668,1
713.3633198738379,0.104036860950716,4,7.045094982297687,17378.178145944297,28.641020633274334,0,-0.6738480364528948,-0.5300562278079743,0
661.5285188098585,0.46338799701875505,1,0.06312506017894051,7215.995972544511,25.512509500209685,2,1.0562957675420084,0.7809960724035134,1
668.6766463729855,0.2778250813931682,1,2.0485465961288436,34622.50368879854,20.9166635251097,1,-0.30886436790927274,0.35496227847190576,0
658.9497917517039,0.19304707072075514,1,3.5209809325169514,6229.86673953444,38.982252909906286,2,0.1894731807841052,0.31567459926216546,0
595.943748530268,0.21587661456538787,0,11.19165202804293,17186.503120083453,30.28387183683443,1,-0.7390934324501655,-0.4909990896879106,0
540.3542465631449,0.3530217969157251,1,8.75473022476983,8346.923842392396,30.483700705596924,1,1.1203943574070014,-0.3170445835749707,1
674.8451768336383,0.15055198841201253,0,6.816275484331,16238.067720331892,63.71473769499866,0,-1.0793949330122543,-0.8094499032257543,0
609.4370694299645,0.18948467827975637,4,0.7607071477404135,38035.90195003601,52.54089413855586,0,-0.3295984428343209,-0.873049208497102,0
489.1374185131298,0.1033045283944077,0,1.2045691272892096,35529.36710192439,42.796738093072676,0,0.5069103711719509,0.054204840483219385,1
618.5946193627879,0.11425654734236781,1,13.731653622904833,8932.660104613835,33.38309849237878,1,0.6224261816823419,0.09958179840055581,0
562.6225646927501,0.44270298788958923,0,0.4476538065076679,3494.431446084455,38.365238306204695,2,0.016703703298557342,-0.8715802342991046,0
705.8920187446204,0.2120851831816872,4,4.87903865121565,44001.42170507938,53.173576269869834,1,0.12622280887825552,0.5062381989407523,0
691.7300181792272,0.19263800814205898,0,2.7964826674548213,8949.211451384826,50.48292190818206,1,0.08034236815879894,-0.9067026844813642,0
689.7514515870776,0.078016634848899,3,0.41657714226429343,41577.862029411124,48.505082177486926,0,0.8197167590022617,-0.526371946700209,0
596.7966705473048,0.3643376891430273,1,1.578844022407265,8731.528932572637,29.206411986927776,1,-1.0254050833393882,-0.023656255944249915,1
708.5241265489723,0.3809624265950949,0,4.193221189288491,47782.16588517174,38.70441525680041,0,0.6685321542592217,-0.02210578519987716,0
675.5719826507259,0.2945624806450786,2,7.074424132334002,15144.619656751556,29.743418825719186,0,1.2309051035740306,-0.026659230890829777,0
617.2116369248145,0.6073807912107594,0,6.046574959479746,23486.700748228246,35.67170995461785,1,0.47919340514487024,0.34676590294442633,0
613.7330054289187,0.4852277998718222,2,5.583578636501195,3771.9366385936155,45.73688298217304,0,0.24258783709618292,-0.058594041684836284,1
721.416652229896,0.18301342941289211,1,17.275231771561423,4238.201538327765,46.80725020237536,0,-2.0355140755862107,0.1355071053465744,0
612.1116754429073,0.25085908572990845,0,4.557446095283798,23335.28926592875,56.97017026110471,2,-0.5315159806083494,-0.4120665195075375,0
674.2925178821023,0.2658139345596973,4,4.254511558148737,29711.909577078193,29.376655687667764,0,-1.3980608984716982,0.1465016417178442,0
732.7165589450227,0.25591336057388764,5,9.94024476898445,44123.23653866757,57.52585290471618,2,0.538712524296783,-0.7849747563033058,1
802.7474100445687,0.05650614719658806,3,1.3348396133583875,40146.29716923234,42.01914569606584,0,0.6172957520118855,-0.6651232658074764,0
783.1098499550184,0.435718540481082,4,0.6951428695529622,45868.09668910733,52.860369887614524,0,-1.11922258777042,-0.03654193286260954,1
722.0658211367224,0.2806776127243468,3,8.131199604743474,6473.048765392437,46.492791889755225,0,-1.4118094931574718,0.6136751755317051,0
529.527091874289,0.33294363362653295,1,1.796647854215843,19926.049706187106,31.33468308812297,0,1.028445824009449,0.21864573159933687,0
594.8761256465623,0.3249759966522932,2,2.4593942316356237,9333.421584989763,45.05614526666341,1,1.7241031262889528,0.7665846686937465,1
606.1530250021972,0.08821014209417878,1,4.032855312412514,33683.949653283045,40.719524169443936,1,2.3104515457272417,0.76970356573977,0
782.2519866052257,0.13697671086392524,2,15.258657805193272,15466.585371704208,37.40907973513718,2,1.1527595214996607,-0.6685689154677652,0
594.0545647222327,0.3551263785788966,1,3.935162452600661,19431.569993498484,59.24606777973056,2,0.17148260128169698,-0.3889093474968224,0
680.8933101678696,0.04127059525551014,1,0.7753471034573768,26887.27636277778,45.11370326161306,0,1.1704070841430025,-0.8234611795447166,0
658.0693650605849,0.3285377290492689,1,21.73276853624127,46128.49374683648,37.62302121897241,4,-0.1143220234939866,-0.7383374804401999,0
575.1898232449964,0.14930451677999668,1,1.1074521845528995,5769.129667315255,50.44011602493346,1,-0.24250456486782676,0.6461895819311685,0
680.5459207695507,0.08128150740171101,1,2.94774710229183,16743.75409091905,32.78324258146546,1,-0.30687895508788865,-0.9972858021787683,0
681.8636868957994,0.5113297797932174,2,0.262424587852504,45804.24859767895,57.09831589173208,3,-0.9058124249397922,0.07703289878911734,1
549.5380094606799,0.6427226045640347,2,1.1490457719901297,25556.08152741071,41.79693794616985,2,0.7951657879054335,0.004191776274107717,1
747.8301957642727,0.2471781268532093,2,3.254625726354451,20580.972101491225,39.050300386571664,2,-0.25770544962181124,-0.6168509904826394,0
483.079197691585,0.2041078976015911,1,3.558322304555364,12226.451814102807,28.740726882032114,0,0.16641514254508336,0.714200917987424,0
602.7394277672031,0.1221299683204171,2,0.25658266566210014,26760.19412683685,22.77301535808533,0,-0.007808201711423196,0.838165770346502,0
727.7576235092461,0.19530143592525936,3,4.237985932123317,5422.860775859562,42.30764658993252,0,-1.2115188508119767,0.6363284091460715,0
554.5393733220769,0.48753019480689924,0,7.593927484056905,12798.160227596674,34.330162956333425,1,0.46028154181692926,-0.517825229448577,0
678.0212735649624,0.029740179370017925,1,0.030878096448380077,37260.195532192556,28.806269867329426,1,1.542907035840677,0.8424710684188721,1
546.2911689379656,0.13785640027292165,1,0.6981432336587046,24296.95566561095,31.21254180095131,0,-0.4991510342827874,0.9698887063551689,0
642.5580684444622,0.25113743354514617,1,5.137411066258469,22047.60950102441,47.80597315301773,1,-1.489196383916232,0.8664756115453265,1
464.89815094622395,0.4691575344195116,1,5.147737518829717,44174.67736433716,53.47605498753252,0,0.4182160193070212,0.743907658326957,1
582.5942638629593,0.44223281137917164,1,7.352118324052657,41662.75358389484,31.130825802234476,1,-0.8691940288550216,-0.7490143901842898,0
526.5662842276568,0.1635242425016792,3,7.307383513534806,25989.26263400784,47.661896144313545,0,-1.061551094632597,0.5391502958461714,1
617.8589006298799,0.07192436163068631,1,2.563138688169453,32452.710846513954,45.48014570213447,4,-0.629904502478824,0.19661713183620044,1
616.7814883342675,0.2763079368324471,3,1.0441270019035653,30440.138587693782,26.07989873741807,1,-0.209313795049325,-0.027752892266602158,1
596.1068662952688,0.48580769473848817,2,9.333099667425763,47351.21931057044,35.52036327528657,1,0.37477175277152647,0.16485721600327818,0
713.8330557253396,0.21411781650613076,2,3.968840586455146,23882.64980714548,36.75679834376851,0,-1.6645288827801565,0.39331659358868953,0
579.049631690285,0.2293486171786511,1,18.805571896919623,42185.73272287539,37.681061058019075,2,0.11134393469642712,-0.8409563865495966,0
700.7509338551241,0.26089516038972516,1,2.017906713928844,10457.471876331807,38.70146921965407,1,1.5637881752215699,-0.8550104679970143,0
780.342061596709,0.1584386848094294,2,11.119975253722277,21116.830159681762,40.142101580448,3,1.412330958906058,-0.006254558439042768,0
661.1251320243746,0.4938906568932436,1,2.3995369932259663,43684.859250791895,39.571603458717654,2,1.6387494799924645,-0.20289480249094627,1
581.3863836339681,0.17606289298477978,1,5.894264284451831,21093.880028621646,58.79221377790723,0,2.757987097376475,-0.45519064050049174,0
550.0529188110766,0.023661900667253048,2,1.9226588004800238,48208.79773221066,22.31125024703134,0,-0.17773870202616343,-0.6837750217993976,0
593.21719199044,0.16366663637623208,2,9.096221944284553,10287.320546704614,59.3772032794662,1,-0.903525556916478,-0.24855639623873915,0
706.3714176599913,0.12089621752679094,3,0.22218749027639842,6582.837297781994,40.12845259292378,1,0.9906904498145194,-0.9148826389820068,0
662.4472587975118,0.2894253731567025,1,0.3835627315927782,27443.144525175077,53.52750314092404,0,-1.172382228140419,-0.13825934861014066,0
724.9436173003191,0.15712259457648545,2,1.1559135724671274,24904.310490045125,37.841017507395776,1,0.1546535748083491,0.4398327833831577,0
711.6264703461769,0.08932139883475589,2,0.5649632810849576,44849.150413208896,38.981236683832705,2,-0.43662057472096827,-0.19184007045953533,0
661.2648521502589,0.5030364856761659,0,2.2078922027936083,13057.138156553732,35.35779067493969,3,1.8320692409488752,-0.8874495828083029,0
687.879060933317,0.1318395758191172,1,8.41661160918383,27857.449126509873,41.846329123954106,0,0.510226201037765,0.09887095101448384,0
798.4196967536384,0.5637445641648892,2,3.553288731518875,31328.86251202875,18.0,4,-0.9648739115546882,-0.3023545711668405,0
763.2524980939744,0.3578324851825003,0,3.187066899225002,31612.363102891126,36.52787010165032,2,-0.11701177210902175,-0.36375927008696207,0
625.7803186476598,0.12481177868187994,0,1.0867323465511713,37339.934464661186,33.57779396320805,1,-0.6404949146797642,0.3516328662135624,0
729.1743553548712,0.2239556083278893,2,0.7550189838818953,21262.534760810802,32.2062201149747,3,-0.061387002075581204,0.2705737962093999,1
696.8680644654348,0.09033186629797459,0,1.7061296974379587,26976.6053567699,36.69060283230643,0,1.4410092751786756,-0.5281655485210366,0
740.9110462031791,0.4107565935751505,1,9.617269253003384,31731.320072818686,31.8775132217394,0,-0.7725863763559769,-0.8650743180854334,0
703.7293257628728,0.061967559614439324,1,0.6197357470227017,36700.10694475683,19.39086031352067,0,0.06454416240211776,0.712037593543456,0
572.0666051965608,0.1697835306101437,0,2.039997468958416,38747.31750058432,37.499375311547155,2,0.5325959670831663,0.11398670954030066,0
520.4252347701839,0.19373767079305843,2,5.779301438200706,1699.3143652774475,19.971717927921343,0,-0.07590439790773906,0.31572072161979503,1
695.8101613764069,0.6342140934452786,2,4.114170899409486,44835.22038181548,43.23145796244628,1,-0.6114916629153353,0.3575063940101637,1
802.2094558695865,0.4749609708344649,0,5.581437631133543,25762.38783791933,23.956637832989898,0,2.1524004719443623,-0.7548190450530483,0
587.9468713648023,0.31804742709827705,1,1.0873784263140513,6733.340328887022,32.42251246046153,1,-0.9049159388133009,0.8807640199870994,0
634.952820956028,0.2924676399507955,1,5.127817098329029,7152.791093543338,66.5885159094513,2,0.2703477861330185,0.1550396181202809,0
567.140181904383,0.28472720412015656,1,2.1013921370778608,46262.27526385727,35.53662525406388,0,-1.5293911625374437,0.7565020629885957,1
744.2263603764528,0.3494207318534429,1,10.327250065211881,3922.643526144753,42.73059866104735,2,0.11442394791185591,-0.6297118698737829,0
465.5866515965183,0.21599034639608877,0,2.7071628479532213,19578.73851737165,40.94020084100047,1,-0.3557291258330867,0.740537671657558,0
468.9071759171353,0.2435175561025835,1,5.089969645144655,20037.55626965695,49.38723822573919,2,-1.805053390431941,0.9123710164475691,1
680.0015935856122,0.5115731533464783,2,0.043921807274056535,23622.26004395258,54.0644282527955,0,1.1113230998088446,0.7057174573467888,1
643.4125082566918,0.5924214420845123,1,7.650238286261092,47040.9101077923,38.09908297892298,0,0.816576084216609,-0.7423652744173601,0
611.6301587940955,0.37331145602050975,1,11.997235311345651,40210.6660165431,42.275875626885,2,0.8932555455515432,-0.7701150210358119,1
625.9124170781269,0.26723061472106113,2,0.9584547975754227,39402.257158622604,58.62876563922322,1,-0.3051882568574149,0.9032108184206438,1
692.9590331565089,0.1553938472475553,2,4.720169340787945,38337.07026273731,37.86744816231064,1,1.423076366318669,-0.7851733281912381,0
616.8956808760267,0.3372800655808184,0,4.839491205514274,29173.727125496996,40.98576704654531,3,0.7748441822115663,0.4427414377644985,0
562.2460022613509,0.07748317688764902,0,3.646654597883629,8435.444536120936,38.402443204012314,1,0.1886484395970697,-0.6181224606053191,0
575.8109657541627,0.16069367463305964,0,6.961339714370865,40007.325857517935,45.997900828576775,0,-1.30219222126699,0.05234712632623717,0
721.0671089597474,0.10666197786514083,2,0.14511061601166433,24843.653159376212,57.250261561589895,1,0.8259663024250363,0.006842727015377026,0
608.0206436030223,0.19643951901165238,2,6.928514472920018,21888.176423210345,34.056122305205044,0,-1.9781449045690995,0.002139567257900099,0
539.1777932986241,0.2875354128384919,3,3.1889741274280476,8448.056140593115,36.32006176360874,0,0.9000142385478036,-0.9197800624208456,0
658.1742661555177,0.40303030469540274,2,1.5987056044214731,7233.420733824274,28.42378505440218,2,2.2948558761280644,0.3606582285598665,0
690.3995777424009,0.15000310231440248,0,0.615449863627565,40428.078427267625,37.67032648482713,0,-0.40029542012443664,0.23697071853044993,0
756.3168598042579,0.3592330848611949,1,1.9959336181507934,16223.114669845398,38.29345795582449,1,-0.9077600056509137,0.2776040331413234,0
667.4322709697335,0.32526170327251763,1,5.662360433304144,32681.85206155925,37.09924546802145,1,-2.429090151082345,-0.33383698340486734,1
597.2231002232264,0.2624785522747403,0,0.010822332198817522,33809.95556195213,42.79289644936756,1,-0.6837399937781411,0.09015872900261068,0
687.9206293821624,0.23393069501556357,1,1.5126890695081208,8031.153916724733,44.153353157133466,3,-0.781318358041046,0.6575061515656171,0
708.173989601635,0.04889521299439033,1,4.8157456566912344,34976.22542794839,63.350384955665874,0,-0.5201711165218305,0.5330669410053785,0
646.8875754668954,0.09458544076433656,2,4.246573750528388,33842.58809873568,53.35583681594329,0,-0.3184966579045664,0.9292654069205906,0
646.4320485819542,0.47475824974113523,2,13.043011457867774,6041.932881682557,24.216810691873157,0,2.3250139095054725,0.10950801149576228,1
670.8106323951014,0.3300438293584909,1,6.291935834441325,32020.6988056237,43.18706153333421,0,-0.045253155044430886,-0.6731587722897341,0
644.4114801395052,0.10713501878150135,1,3.443023822669141,15772.51775793227,47.2144888964022,0,0.793940721650381,0.6050423956741595,0
670.00911255065,0.210285372311401,1,1.6118070727318188,41389.29781731503,35.94212887752132,2,-0.9124980498751136,-0.9418258559332409,0
568.2469340458457,0.34795355924904203,0,14.313641287123275,2623.038937364766,40.79493213964308,1,-0.6955041591209525,0.1262718264131879,0
557.9649784145192,0.48642090920030756,1,0.4654014060636716,36980.44399401531,35.9697537587524,0,1.2228978208146175,0.49278919130580734,1
583.1110896399384,0.45356357157978144,2,16.998148292681872,42650.78790624571,37.04993538381251,1,-0.3370732701618263,-0.009000152908114734,1
701.376875466354,0.23453124308319423,1,1.4109017617783781,41384.81667918534,28.902284607358524,0,-0.4878354551120754,0.6118897322130121,0
670.7038053872487,0.2610146371227341,3,3.411125740596079,12807.672285380375,40.21038209408804,1,0.5298347359615962,0.7546399530951982,0
733.2191171399647,0.5613141995428935,1,3.0479363835374502,13197.146042189761,37.25252666689922,2,1.0012389869419067,0.4170360220888796,0
635.0647262308312,0.38894783236033464,0,0.42670045093839537,15572.297281025076,18.0,1,-0.6236969062329079,0.9269887849291774,0
558.508688332652,0.21925767909777627,1,7.989152038520774,15329.76741927861,27.496929300545062,1,1.0339788250482063,-0.1753833724047973,0
741.5642828227647,0.12195041172339853,0,1.218662468350293,25293.82335931898,41.28752602198065,0,-0.4963573922688489,0.6016709062475354,0
648.4986355568086,0.43892479064844264,1,0.6027142366170717,3128.892090790942,23.28638194891919,0,-2.05169533386724,0.9958345824881978,0
752.676402901322,0.23736765533587842,1,2.868222955299171,38586.38596709353,45.699421846801116,0,0.2967657866802653,0.01742249741463886,0
697.8357193113744,0.28483268427096203,2,6.31970869414869,22716.89446836045,35.709321974356065,0,1.3124514827294504,-0.16975635119618593,0
825.089494305827,0.39317441201807835,1,13.474655946593682,41011.31940761689,48.50926799644587,0,-0.24317954472988604,0.4805804050643514,0
632.418161142931,0.1967119281923618,0,4.0277752044124,20817.819127846495,40.434925946029594,3,-0.9505403117588483,-0.008893951087413976,0
722.0579124071345,0.5779468343373301,2,9.081169784520812,11508.83973944388,45.71708105548619,1,-1.5658976424447426,-0.1810155531397999,0
721.3091285082355,0.15924988478295238,1,1.1079086410781043,36300.92448545371,64.42330730976613,0,-0.8463263566012352,-0.5338958398384916,0
605.589892360444,0.2667804003819372,2,2.4302805344547624,22651.454239099658,41.05441222717694,1,1.4042800167906218,-0.7705938284330847,1
636.2014146314431,0.40327502245132757,0,4.206890577133829,47188.30999128473,37.08196044117686,2,0.9646917556312652,-0.41492624590037175,1
533.0609326226622,0.11462692082770974,1,1.7750740498546094,35720.89301518851,53.90162662379889,1,1.1464643629443647,0.3246382558447056,0
526.0963090397868,0.13730802929322247,1,4.0628118173233645,48733.54139343241,43.168402748536366,0,3.3213371273797954,0.41899624938662683,0
660.125504122462,0.04030160988805581,3,0.20599660885542578,19680.601795382914,23.8740409319279,2,0.2820130023620202,-0.521318649158367,0
713.4405656557942,0.5256137491133699,2,6.927156391165209,36388.4762527737,35.46452998524022,2,1.7380041588981625,-0.3492827613407037,1
701.0419226796364,0.1726952452605744,0,6.808541457291223,26009.3686855682,59.871323929787444,1,-1.1493678955487217,0.7111730048585942,0
677.2019678607722,0.3791399483409964,3,11.879882207977438,41762.05593410129,29.544505897156448,0,0.07971582583110104,-0.6389462298969899,1
719.0413722520873,0.22851178915709736,1,8.533753853936462,20954.11770931846,55.92500390919638,2,0.20040952304215243,0.5095828137155858,0
602.824176344054,0.022774922637734334,1,0.18589070242689515,36610.44388777686,55.49876104421466,3,0.1581333434297238,-0.4958988488882021,0
628.1973801209792,0.3588206333708887,1,1.2136187668282032,44992.834305939505,46.11154209463617,1,1.3252876753035054,-0.19093249797625367,0
709.0017210731105,0.21654451692243484,1,1.6971093808786264,37059.665326657305,45.64288653170868,0,-0.8627043216264947,0.015999745864692105,0
684.6494983559147,0.4964620256370537,1,5.232830215931084,42115.809039405445,48.37920274961892,1,0.4492396844636841,-0.6378703133419501,1
633.184894896259,0.23087762712809215,2,6.641030726023583,4083.2565575872964,37.19856804215044,2,1.7220244266742493,0.6675809261209358,0
755.6635508902332,0.33974467404321856,1,3.2947065527981283,15644.68286510585,41.98375763356587,0,0.685517058742781,-0.7793080102761578,0
546.6398999162298,0.17186200783020644,1,26.042772198213953,13299.724971853593,43.05452496492012,1,0.10443832282590894,-0.9793972982442605,0
608.5057050169125,0.39962406334564127,2,21.883774352547455,6117.542196687312,45.33128952156571,0,-1.3872645688129603,-0.1773248615899321,0
627.3281780434999,0.2643482128389022,1,6.879319207196266,38542.975902781,43.31740031167601,1,0.4236919250792248,-0.21698128859682875,0
715.3227903819017,0.3501244261434252,1,0.11870635321092973,46817.23953807665,22.80558753849064,1,-0.03579087159105903,0.5769089241503993,0
650.1908158332188,0.09392793502119218,3,9.093148331227383,32112.05656518827,32.1715239831576,0,-0.706451288118146,-0.6001685934119729,0
549.0806602567508,0.33983061745301996,1,2.7377339417680844,21749.649563141644,46.469974355553184,1,0.4626802050060758,0.43094171239548307,1
691.1203343852851,0.2967580684154507,2,3.86921154569734,11870.797341645079,28.52994513377057,2,0.2907786796211947,0.7820178718455366,1
737.0037052373516,0.20481774442261763,0,4.656397149683624,46980.097116430625,45.373964843061145,4,-1.0887536401124729,0.5936661213506689,0
709.144362650642,0.35588202206233577,1,2.4862435187415857,43236.90747394913,35.12862820482792,1,0.937772436045779,-0.931357733564911,0
699.5323937284392,0.34627904364260687,1,10.104011078426524,47982.37488437017,41.82019924880675,1,-0.6503044174427866,-0.9023341478509046,0
500.05492026071454,0.346612785816135,2,9.607966438291186,22160.57075153274,36.85347183364201,0,-1.268021209838227,-0.21456145570125318,1
578.0090818605213,0.06366926576425568,1,4.7828346524835945,46095.466682194914,47.600562376627174,1,1.0051650027920036,0.901739964316733,0
688.5664486937761,0.3643316437292868,0,0.7035120514752762,21764.353577964903,22.035231330164006,2,0.727005430356551,0.17813263063143103,0
645.608945219649,0.26076826158823263,4,6.7302308779505555,30067.847924942005,26.24961447171567,0,-2.8347589158534303,0.3435984215799983,1
691.804608159905,0.2679319478215947,3,8.287347143737835,35362.28385635983,58.66888547023926,0,-1.1131682393387528,-0.32196984006419793,0
548.6925858429637,0.4896059883464588,1,1.816001536357371,42889.475697686685,18.0,1,-0.11702677450705841,-0.7245601955087708,1
645.0804188572091,0.3387231750770125,1,3.5214717372795947,31758.42061288156,35.09939101231261,0,-0.10181655764403583,-0.4048253171346883,0
538.8175184883034,0.20242318274656895,2,8.083433797756069,11108.019593090725,21.371346467947934,0,1.0546193202201135,0.6902788050773092,0
493.7057149904475,0.23449101091246805,1,2.530731073719288,44600.83752829835,51.813797413542886,5,-0.468132718870267,-0.9260857915572416,0
673.662327080551,0.31394280691659465,0,2.7364863106407733,22015.58361872372,50.232242107609665,1,0.17990431418440714,0.06297410742436638,1
717.4071037165584,0.21810164454368094,2,5.772261713767504,29001.6719051045,18.007245993835625,0,-0.7825964372827641,-0.2407257922977475,0
669.649314232142,0.31298795446961936,2,1.2230244863296933,48477.61286620519,53.501377049230435,1,0.44254280813964986,-0.35007483829024877,0
647.3602815788267,0.20640887090960935,1,3.0866935970305787,34271.265578515944,39.25441527025406,1,-0.12365555067077803,-0.038262808546949634,0
525.0388526536588,0.22624612461769497,3,2.700087609362854,48620.149779360654,41.73698313450634,2,0.26105374447101604,0.7691355397656734,1
730.4885653678037,0.2103094761883219,1,0.27884846147422915,25222.21130714575,53.894585101331145,1,0.9661455322846593,0.005471339357360661,0
646.4764082099247,0.33359208984703553,0,13.13849638645781,26535.39460722457,28.298753484656284,0,-0.5247533707587906,0.7401562765960483,0
806.7649604164615,0.1176302358073577,0,1.319990102400688,39937.04732023713,36.97735844174957,2,-0.6270419114466945,-0.2817630049656976,0
725.3851446621574,0.4711507510758883,0,14.63070116150761,1414.849252699816,45.48653472319982,1,-0.9353266410827252,-0.6521682640334727,0
489.58996586782814,0.24546981212700647,1,4.666037893393245,7899.454154555539,30.953702806166962,0,2.221051201129355,0.9654045264112752,0
710.4039744204711,0.09014530187736579,0,0.8044942012123418,12440.579742865406,30.532795473517282,0,-0.5517685517977673,-0.6204078284567032,0
538.2771809941474,0.2893894515359927,0,4.107890225121082,43509.73282536342,51.87177799336819,4,-0.08317944742452327,0.6511123915065513,0
589.2403607656748,0.17263825929028567,0,3.7451235597974857,15302.404391028706,47.69052608965704,0,-0.31649886486237433,0.4638015846629755,0
629.9394658591881,0.393676854302846,1,5.546873389996124,46049.2028208113,51.60560337629418,3,-1.4526705018526829,-0.35904698357700693,1
642.4750039709917,0.18410959832528587,0,0.31533670145004383,32389.303400057404,41.34326699660753,3,-1.1067877686199574,-0.6645530946879068,0
681.8052172493973,0.326878057602448,0,12.778917064963009,7700.015896480727,41.86580892555213,0,0.05280916198872302,0.598306085991801,0
568.1715967356629,0.12321749633797008,1,3.9267014038001085,23429.949504738084,59.90506483224853,1,0.5946152715421097,-0.7358581041741037,0
557.9446396594683,0.2809244864298414,4,5.3331465260850175,35209.56484720628,41.16159949041894,0,0.3335763969908388,-0.224370851155979,1
698.0484161386461,0.11285187779114036,1,13.579366402091573,48119.68624305122,41.407453642130164,2,0.14201353313910203,-0.010602688843863062,0
648.9399785652779,0.3389567358646294,2,8.499284405564252,30223.787252087765,27.068808502487638,0,-1.0016569429505033,-0.6552125447832107,1
663.949843896122,0.5208042125474655,1,5.078612038141149,7454.9279343563985,28.595774540911133,2,-1.2232898576283067,0.41990321307004197,0
474.5053318644272,0.347127166851463,1,10.580954667861436,14486.684180380242,23.77780317052266,0,0.8122280599420233,0.1484475011094024,1
635.8290093347741,0.05352281529363456,3,8.555958682616534,39145.63980316515,42.21026653905022,1,0.04113559499106014,-0.8558021832448188,0
578.7416653550804,0.26078873620647036,1,0.8756717600545029,18504.425280363797,49.70799294257732,2,-0.28604513095364753,-0.058142628860789136,0
576.3498901586504,0.2779509866167371,0,2.703315010728979,32965.95396210452,41.1254085533294,0,-1.193124830523285,-0.02900779986991453,0
723.7547843379662,0.4486974656754841,1,0.16577329291372767,46653.19788062376,43.536632937524686,1,1.5146118475298775,-0.1242454465188485,0
562.346301682199,0.248374428172068,1,2.6809024727622877,17585.385822776843,43.216668251402275,2,0.8123580814549669,0.6312028210916736,0
562.5682714939176,0.34040900382160705,1,2.099716561818238,32965.02156185133,45.23790181884803,1,-1.017183292057835,-0.97566858732543,1
623.5191517278603,0.2756115171540445,0,1.1242674114591404,3332.7725615209947,36.28856982329648,0,0.3095813368631018,0.330070286301541,0
686.0231064517875,0.5015398338973087,0,15.015560372579518,33579.69654120402,45.354226997015466,1,0.19657856751024214,0.43956686264250533,0
579.2788216201532,0.26305154393446045,2,0.5443051553262162,24384.97998553104,22.973839016034454,3,0.7377279383423101,-0.9500557424457907,1
748.731522862405,0.12495325697282683,0,0.5538493187772796,36425.89537731477,56.2363021037074,1,0.41450341971669036,-0.6520830214702507,0
765.9878020288975,0.08504448666019186,1,5.864963250583537,14878.610701500162,50.239026212169314,0,1.3268796997552443,-0.20449331720533803,0
579.4842346825229,0.4557684605378936,4,4.338922543334034,11463.655515890594,20.89678753564577,1,0.37897114143063176,-0.5978101594318854,1
630.3934595538516,0.38134812560057985,0,1.1466260240749944,21917.314110206295,46.22533990238139,0,-0.33880547182821225,0.32800916790937995,0
587.7059621873909,0.36450575171713856,0,1.7873706416849817,29633.374151665677,60.24853559838668,1,-0.8108533478466204,-0.6273465166548038,0
515.1694316103018,0.3799742162399115,0,23.288381965152706,44363.07940319696,30.561389558173936,1,0.021548168376657986,-0.3844168404346111,0
674.2408840364926,0.2951037985315175,2,0.30531246264248135,44407.6455909602,33.24496001652587,0,0.1649498307049665,0.4303807602309073,0
708.6875894583495,0.23418306046615206,2,0.09488846334269488,44417.26780266748,29.609294870738033,0,1.2500074238297523,-0.4780900263777046,0
810.9491410501249,0.20603028194370945,1,11.914588232151036,40467.61867822908,20.064997278654303,0,-0.45289676414202723,-0.12553651060739335,0
578.207239709493,0.22153709903637314,2,0.3132929926357797,26973.83645576947,30.679310827461457,1,2.3501352972487486,0.9252095995877923,1
756.8988072650097,0.24731686656057358,1,0.28527018846612395,48788.64919072752,32.34966033087987,1,-0.1809799003193014,-0.4216597167531788,0
757.3882953006363,0.2957840586702561,1,6.966614005471568,35549.05765784,63.73771788299723,0,1.7743937156268477,-0.7982391627226533,0
665.8282647653723,0.6703608212620871,0,0.7081964423329081,11546.866457681797,35.238301751679245,0,0.7199606233550103,0.9780648262785454,0
698.1730791660851,0.28724479633807115,1,12.596632043576918,30225.072043434204,36.41494093625346,1,2.418603059627415,0.6686740721115554,0
719.8618438640563,0.11706447887515699,3,3.338496011126411,42305.43933791861,53.82234040342503,1,-0.881802381584901,-0.6097424910116893,0
807.927995859352,0.3537933662671012,1,2.7429764748792,14998.714137257695,18.0,2,1.1696525468297239,0.6513661618458733,0
688.2246850093176,0.19845504883808238,3,3.508880338970488,40128.763098845375,18.0,1,0.9995472905928482,0.4478963990899223,0
645.1889691597052,0.09835441137006899,1,0.7757273411993527,1637.5812453266158,52.320212343694394,4,1.1077191224112395,0.9661890061942005,0
580.7064960794022,0.1648717239137148,1,0.6729546887721365,9088.850493217653,21.9954211346986,2,-0.2459781565207906,0.7677791261717042,0
674.4256604009998,0.26405312473525566,3,1.77388466237823,19406.91079322655,60.64878052877958,0,-0.3273143722076379,-0.544396444200955,1
731.9331946218456,0.15047075606833663,0,3.6442807517334703,31306.11576799495,50.65348034946378,0,-0.6126375525136815,-0.7597887525422193,0
669.5688289063578,0.25202269801884747,0,14.814099666072583,16843.984874165013,41.93566936355791,1,-0.1607692498341448,0.9740694961150258,0
587.6061400859998,0.24787811461296397,3,0.8593516932717036,49637.79618189284,27.405006456816203,1,1.080727557545641,-0.11514201750686714,1
657.1260961997251,0.31090112376475976,3,1.424111799840686,21898.701588546475,55.06366905384247,1,0.11173041790008682,-0.6981799985157928,0
639.6677214031909,0.20135039248252892,3,5.393153728535275,49291.540482604105,48.629825349356935,1,0.09310691586452527,0.8903891354422153,0
671.1791006204566,0.2127737335125581,2,1.3579608410365795,8470.91739623138,23.124524913292117,2,-0.7399034319534497,-0.40787063987581207,1
517.0521306225401,0.29748153061799953,2,7.82292710211529,6912.359729486999,18.0,0,-0.6268134573128908,-0.18063931104787034,0
694.0630891282185,0.3808412252693531,0,2.6424672717464976,30772.869253018886,55.81339287262678,3,-0.28650380397814057,0.5208889737107005,0
697.6338525410979,0.20909718716552333,2,5.865462243168369,7051.471154173156,33.40712285968179,0,-0.42402249479050935,0.7854578080251193,0
685.5882750549207,0.17790745004650751,2,3.774428605554995,10783.749132836014,34.27719140561976,0,-0.555836277396789,0.6868143789495473,0
649.6989746283981,0.3938574924747898,0,8.122416298080084,9354.965985331406,45.57215852009828,1,0.9433413255563271,-0.8987283883058237,0
505.5250989917263,0.10460147349386256,1,11.978870590978183,43804.00725218223,37.74719980923571,2,-0.9729603459551424,-0.977799395504305,1
648.4541766422989,0.25653476179034085,0,2.5038765385292248,17822.829692960408,51.39757863715371,0,1.8065923257110093,-0.1699038551890033,0
734.8571999473736,0.37799323419981146,1,3.8985148090249195,2299.835243943077,18.0,0,1.036655679097398,0.19992231386163017,0
581.1896898966031,0.29122709370122063,2,9.586848648171998,26969.184417421417,46.92478103830388,0,-0.0869155725289013,0.029508227439104084,0
490.8584427070973,0.16328432301091705,1,0.6659103076609345,10434.824315306083,43.41602727770077,1,-1.6991560198882503,-0.6409999192670599,0
526.7553622503445,0.346817446509344,0,9.826165407290713,8872.656803047146,23.95327399293887,1,-0.13306792380108445,-0.9854172090082178,0
675.1220553456483,0.22078226965290945,2,2.9327859780110765,24399.292646756825,21.7431227142846,0,0.09613623164527162,-0.7910735742631003,1
679.830080708195,0.6092652735031432,3,12.10331217860707,23816.621244534992,39.19397824193773,1,-0.9823582970064206,-0.11937956990100695,1
720.9034555697174,0.18440690067936114,2,13.055476690166616,37369.68488358148,44.62318348688228,0,-0.9490689890902496,0.5273898627946614,0
645.5792803416279,0.12398114381335658,0,7.450225151388511,14974.606903072252,37.145402175943,1,1.0683564050330565,-0.9110063750426454,0
529.9737299217144,0.26318839118814086,1,0.40629289697044885,38303.805146727274,48.57025888405474,0,1.6237139671363021,-0.6227121935497433,0
584.5196687525059,0.26926503405531593,2,3.7640991814044282,18424.808341591197,35.98940628923026,4,-0.9527568858321844,0.35207537265153,1
715.5071498079478,0.3254654377168818,1,12.315002853023767,31307.29159182178,48.50539979419044,2,1.0206034735179967,0.7095628855174072,0
661.239672595158,0.20330033957343616,1,2.598226396067625,39288.4357314506,18.0,2,-0.08017993119188743,0.66069927851985,1
701.9863707743983,0.29438718590074947,0,0.8714018489228975,28723.567450794355,54.72103264112018,0,0.022882435850037654,-0.9384943219589765,0
684.7831044368831,0.6306214342801665,1,4.651184862885261,26817.774802222924,34.7227829520545,1,0.7731739070759791,0.6550312935675144,0
633.6031558615763,0.4764303840028308,1,0.2068861322630407,2412.106301575496,32.17379563839361,2,-0.20414381470716433,0.2716751161808941,0
636.0794529993573,0.6407041264826571,2,0.21126996191900446,4208.139368732849,55.31116589734534,1,0.2437465344516446,-0.7572173153683979,1
798.5681815804687,0.428053369521084,3,4.03935369103149,40994.9325199467,36.08117508276426,2,1.3760516089432275,0.08943566770515399,1
683.1739413287377,0.030392889411326715,3,11.395554075073814,22481.696086383694,51.30964784887061,0,-2.6505972691881894,-0.5791459943884731,0
639.7129959746911,0.2383995367702092,3,2.176260380133102,46502.018030640094,42.586672449593195,0,0.42205872650743426,0.9280488557196285,0
686.4335992749448,0.6435302997294735,2,3.420293611038838,15516.381991077618,19.536590175017004,0,-0.058142635768746315,-0.7027615613153002,1
667.8324655699419,0.24782848299603166,0,10.647089355022743,39479.185833435855,56.04481870100531,1,-1.5733809086370079,0.2207081778093909,1
477.4114901204431,0.08807987674665504,1,0.8766874416622843,28697.246884478856,19.994393489829868,1,1.5892138459123977,-0.6323054524850515,1
702.0067611497851,0.3557613456032656,0,0.8285831936473813,49836.10918588939,24.61068066484003,2,0.6656072633640829,-0.7138704856503466,0
795.6751419271741,0.5032770096678923,0,11.796103532354094,28801.083372765508,45.69036938817231,3,-0.8882218479165019,-0.7352413029327096,0
587.5776105287948,0.562631679079821,2,5.6829365072259606,11667.111723142167,49.693977375667544,1,1.9500159216250668,-0.9062882927405209,0
766.3228599071333,0.37060853372659913,2,5.843127891035604,15939.806716457277,31.23483830250021,0,-2.02891065615971,-0.22683169191628805,0
629.4504242134467,0.21028765463254562,1,0.6595095192393342,21808.36922095532,41.241169034515096,1,-0.11288080611366057,0.28496095913403274,0
673.4777118119857,0.3130457193805363,4,4.158522538617172,2382.310779236793,35.63835833552464,0,-0.8494971532268484,0.7276014285183705,1
735.628801357854,0.35004198720357693,1,5.497104813956156,19397.719992465773,48.211538768766424,0,0.8344554150534859,0.04107236472986342,0
592.3998854967352,0.052363471970032556,2,5.3080129575621715,42618.67968255449,37.8871954323965,3,-2.44908883224968,-0.5005363746201039,0
749.3995130254777,0.30389514689548797,1,3.2873909563350527,19069.54543537217,25.296345907542467,1,1.1629973632618187,-0.07730946403577876,0
552.8626174912529,0.6900668317485061,2,5.508554667585635,23302.171055251827,37.66603196930654,4,-0.9860888315940108,0.4637358899208375,1
579.9876200868866,0.049636281286307225,1,7.060798107055181,5964.993766564862,29.975620907860044,1,-0.042099650016297216,-0.06370314582755032,1
602.5183746121979,0.11568416677124461,3,16.000336091192075,42892.07495743145,32.88408168904706,2,0.3914534100119285,0.4055863618441584,0
702.9604293161522,0.4554454749735228,2,12.438694048888133,4843.250800189135,46.88704127221403,1,-0.42218103887060676,-0.18107000060692968,0
622.7300471544423,0.08380139719160386,1,1.4184537257245569,2636.705534752043,57.655279289401165,0,0.9542766118172658,-0.7507634820168398,0
528.4020432331306,0.10191687883063892,1,2.1642084076295744,33479.04071988205,71.5382562519937,1,-0.05406584339269249,0.15854428832643874,0
632.6773702520137,0.2593639117959624,0,2.000689506195595,11797.545131627043,27.374270713147656,0,0.2931158807853182,0.07246594787781135,0
587.2622893972493,0.1500411878707204,1,5.8235605466937415,12990.930662287308,31.380968886620742,0,-0.1116772391608994,-0.7052870107056131,1
708.5034896672295,0.1531737958932491,1,12.477978870404948,42674.860860804096,41.25114362419163,2,0.6138462916086559,-0.07129081241076674,0
622.5411956435918,0.3614302759046537,0,0.06050373957416231,11856.10992493282,36.83092975169722,1,-0.5279024451016875,-0.00250020657426564,1
655.6619260720521,0.2746217603518307,3,2.327746881793286,3806.6590488961374,31.99848083885558,0,-0.4883023387221402,0.6559384295497419,0
617.5622034287463,0.3969575387063524,2,18.449405714955972,46313.561385485875,44.39164277893482,2,-1.3993295388458469,0.0590249314554776,1
684.7151174584232,0.4960317859802516,5,4.15945754497357,1902.0180640989493,36.39274876618754,2,0.7349166901673851,-0.9081703169326842,1
635.3127389223557,0.31915429592752387,1,15.495262484287014,47150.75932560621,41.675957975174505,0,-0.44837128365577444,-0.648280273208848,1
676.0158971749652,0.20583254868356035,1,0.28852157798134076,7993.592149020892,20.718337613416185,1,-0.59404275568049,0.9988152037629339,0
442.5289148206632,0.0641089688056367,5,0.30269217206038773,42332.027394689554,28.8580635158145,0,-0.3941442649565209,0.2641992790434968,0
657.7800701582229,0.4107514843662917,3,3.2875785626554217,26027.5753804355,35.36552828660619,1,0.4072159378053905,-0.3878067901387534,0
683.1130936088186,0.20793843036880202,4,9.142740472530086,3203.6678509842645,40.27038408751162,3,0.687165852890614,-0.06020205163790893,0
634.0575956068326,0.22231374755366917,1,4.222346834412278,41555.481586840455,37.41945119934027,2,-0.8518520514192659,0.550337289368541,1
703.5513977114033,0.23322104982264472,3,0.4818346504121807,1941.2095805152742,42.896550939948476,0,-1.924650435160283,-0.7937569924091505,0
709.0885623194257,0.39726466754935635,1,7.908297833768745,4883.0243354105605,44.69435935488211,1,0.3484208426892139,0.2995701831483297,0
754.3371113479602,0.02187841911085183,2,3.193548966889753,46475.2287905056,47.67569357693761,0,-1.2596215078822808,0.8096103596711199,0
658.3849286457826,0.567298862697596,3,0.75224105225534,9051.722051727063,20.60615978580382,1,0.4398616792365913,0.5575985195218804,0
496.8959436264015,0.3037163098972772,0,4.0239652871873375,46690.26434360686,36.21899313036582,0,1.6126029312739103,0.38556703162786365,0
467.1600440968284,0.4708088166108895,2,4.0101108778560945,2158.1581427823985,18.0,1,-1.1993081836286879,0.9935042043774744,1
521.8527238340386,0.42275098527370153,2,1.1927792981830159,35456.57685004711,21.755402387541128,1,-0.961244235881237,-0.33876805382241937,1
646.9674351052691,0.4232955704249205,0,15.63381762809378,9767.859047022246,53.67186134410664,1,0.548638396080579,0.3544219069754446,0
637.4155769375548,0.03285614205492603,4,4.56403479142401,36197.252674624004,35.77496569103059,0,0.6276981824703949,0.08136759283043382,0
672.0991881615979,0.2551388639735613,3,3.003065686872706,40284.99916852921,56.741694279630075,1,-0.12697002409092403,-0.8934351221443271,1
599.9803261954261,0.13956475470161708,3,1.4608632168484066,39788.51659983212,44.092683338947666,2,-0.20350024352480214,0.08965883727854007,1
591.0807062795401,0.3591426956158083,1,2.648747040342183,45345.23586109557,36.14494444430642,3,-0.2898762890626023,-0.4695459832553026,0
694.4038353928347,0.291294015324913,0,6.882199402515586,28637.50813600711,56.431515378870245,2,-1.822796994696496,-0.037408160342321084,1
702.4739529098001,0.3198217499882508,2,18.106619710354316,43313.61300656363,39.12798792441011,1,0.34741199254513805,-0.2439525559559066,0
629.4679891615615,0.5257328889604045,3,8.423974383213332,17976.272938810507,40.5674153462406,2,-0.8475340253653136,-0.9662262398694514,1
646.9218673408838,0.5637896664265014,2,6.588758581776094,8790.585643741731,42.502668299376396,0,0.02987214891427972,-0.5592925629164893,0
682.3451474663193,0.26836540968616246,3,4.126524966512727,8006.4107515731675,49.48369590020769,0,-1.2003148630070666,-0.14958726815143408,0
690.3474860130395,0.07309031110663966,1,4.392106284710932,44355.69588658101,40.12637314555931,2,-0.11703013387612926,0.8078069757062172,0
558.4815440321008,0.06234284635324757,0,3.4025770595011506,24590.790324873396,42.345352941746974,0,1.186858810320298,-0.20552178510286812,0
592.434091526564,0.3976230139943507,0,1.7557989004927577,33171.541736169485,38.64220300068091,2,-0.2575423396680142,-0.066642241700271,0
551.556316348369,0.29885640557184234,2,0.02356665233057166,4054.7090768650887,46.74908303202741,2,0.2819757580593315,0.4884382079031253,1
609.4474708130535,0.2603661662835882,1,0.8046230942143788,4171.757834615793,31.38798999750518,2,-0.6161539231687723,-0.6266157194096997,0
714.9866871473465,0.027301690763254546,0,3.592585359030203,17883.34697585671,26.465676176590314,2,-1.3711735222764136,0.2627527805049159,0
693.7017493555012,0.1360797233372046,0,0.19038203563142886,39324.35326460681,45.00687253870852,3,0.15558303837867188,-0.3585272128560695,0
562.1521631709953,0.27484929598218777,0,0.2777682151369275,31482.893810432048,35.735804326875964,1,-1.37692459496073,-0.1395594946973937,0
690.9813381460785,0.10595803729113726,0,14.971221358768826,14709.967188715376,44.65339424780523,2,1.3596278274227105,-0.9157268278387378,0
656.8674484273962,0.10831769055920558,1,0.7111329357613344,45222.23994161474,24.08380918728109,2,0.3328590870156814,-0.29102779020347835,1
610.4858634331264,0.46718620599963157,3,0.281530466543397,21761.4565481144,34.096365195451185,1,0.2816357903297764,-0.8877152444228837,1
537.4832275917095,0.41356050123999805,2,7.446131037456709,20878.113279806214,41.61332120528287,1,-0.783786258156054,0.7755570554169617,1
636.0141302705787,0.22121137214016282,1,3.0957751490259495,9810.965751705127,46.74620536943804,1,0.684946799976038,0.979183065581912,0
704.3955204892765,0.21706888970974497,0,14.438350493187018,35969.11022489957,51.37380924385968,1,2.0932652255901094,0.17385808930111635,0
476.95218812830996,0.49207650192184915,0,0.7471732742533342,11532.090293789408,45.591329595156026,0,-0.6746380906098831,-0.5977981156872185,1
618.310144179884,0.06595706806453486,2,13.98494208781318,30372.51252017144,18.0,0,-0.9439235307411655,0.11991547028606431,0
830.342695904397,0.09544510914414651,1,1.0166901662650771,46049.41021081115,41.27251895310168,1,-1.1081735574989238,0.860049715898052,0
703.8109374854475,0.31403098517793604,3,10.83159946509674,48323.178734905625,18.0,0,0.2582013684073375,0.37207176179344725,1
670.7865996002781,0.2521744422371792,3,1.6559460814317473,12156.691372790636,38.36982433424185,1,-0.5852926958279875,-0.8223828694864397,1
591.0251864343269,0.3382968988350084,3,1.7547454658984487,48257.14704427781,38.69757468707984,0,-1.0811249127330926,-0.5998905974560913,1
595.7336129700824,0.22675406064998055,0,7.625110209859878,45979.97738674178,21.88732398168763,0,1.6007585296081182,0.679568867471473,0
643.3369283440029,0.37309740855064255,2,3.7162447082664074,12942.363497227647,43.95912284793041,2,1.0591653480760577,-0.9754326125545265,0
778.2290903501708,0.18173451461408774,3,7.703985997016748,3955.640204193582,59.81789046133095,0,0.5576715992977994,0.2507382382864134,0
687.2471352715944,0.22940171624189315,2,4.331387722763202,47184.82535443776,39.65017597680543,2,0.032684900366168244,0.8090664765248614,0
580.2273281783342,0.5449303837671043,1,2.605232060462201,37223.108521640075,38.60037404191049,2,-0.6741547323093667,-0.18904638733644696,0
744.1429569907091,0.34847478848593433,1,0.516002795372737,20236.718260519072,50.22653926358895,1,1.0519928686051765,0.5258006494802534,0
626.5924634273528,0.3330728798944354,2,16.67470107180064,1206.5547784431874,52.14007820658303,2,0.8368730103469717,-0.43855230263614553,0
785.7877184811159,0.5932070901001266,2,1.2043142992410718,30826.491547751462,33.842182876529435,2,1.7299731169411237,0.9593840146009609,1
604.6717580289837,0.06913638062710852,0,11.338778742932263,38350.1736220623,18.0,0,1.4014654381702853,0.6260992227127895,1
569.7387394476889,0.41252780331994937,0,0.8075630546744815,7396.179861356362,39.118438625389494,1,0.7355530510938146,-0.7122750296115061,1
663.9703662250856,0.4002264207828447,0,1.3044738244828338,37053.22186158754,51.75658059507784,0,-1.3827331970385954,-0.3033656080871616,0
728.5861587040239,0.19686459823471797,3,0.5390162809497525,39690.56301892964,56.182731757812455,2,-0.5108288442789839,-0.5130774133942022,0
732.9955837384728,0.4796668650753663,1,0.05940592574159548,45532.325153395715,31.834822363195535,1,-0.3638934117952577,0.4360366520072392,1
662.735341333505,0.27159596101704403,1,13.209385059843877,21693.981155617093,25.02966202173989,2,0.49683367013538277,0.04612676999471588,0
570.9522649625111,0.18300468955555066,0,0.14244406978472257,5763.62839554231,34.86752368293257,1,0.6356121045363688,-0.2649212589004504,0
609.5727422481692,0.11692959269411221,1,5.6011073072963775,41789.30074347224,35.07993314314616,0,-1.418856295620288,0.12184080529399699,0
488.53745053166267,0.257310903584576,1,3.1216344185614093,30716.152140341917,52.56529344349227,1,0.705299715877191,0.8511478047268122,0
576.9502769944944,0.3049895948910749,0,1.275330581242688,18860.843950087063,21.59521836155068,1,-0.11709732948562662,0.25023232578132815,0
635.723454808219,0.05678871719255392,2,9.87040018013752,23047.8631618267,31.573354803095516,1,-0.6780515052783176,0.33026053590340254,0
681.1201712522783,0.25102719107405225,2,9.846468571954306,12855.891256176548,22.372369210410668,1,-0.8086031776674968,0.33593152722799413,0
622.8436542828176,0.43950386210959314,2,6.674611197097753,38477.08696946088,45.18181870928174,0,-0.7773308401648218,0.7696692492189796,1
645.4416756017808,0.07520558287366161,1,2.1047863749101374,16048.38047594268,42.33711562757816,0,0.14108092932175614,0.6777349948282487,0
618.3051644200146,0.23453436212677933,0,7.20633439345132,31755.438838437112,45.41347424039844,0,0.7077136871750217,0.5408352510509911,0
710.0820243351816,0.38840274755374266,0,7.778301337959739,45058.67385718807,49.83859142959384,1,-0.845296939711845,-0.8805385448936749,0
578.0709649258769,0.5332229579520248,2,6.261203993717237,28550.970636538976,38.999283108268465,3,-0.3869518307076687,0.8704385057678519,1
717.0038331317061,0.2769944870453714,2,8.259493448315876,3472.954033617416,61.81723454753768,1,-0.4948309035227944,0.20257233880864378,0
806.8704650011128,0.44312926411275316,1,16.164522527526923,23095.961430784428,30.510869684892178,1,0.5479366220930424,0.2140862192640105,0
687.8231724817545,0.05990335381318764,3,6.041536656483607,16734.75727312994,41.461645332014115,0,0.6513470715642794,0.7547828928263896,0
607.8326711820766,0.2500685515662576,1,0.9944943049713229,48555.08668682663,47.14589857049115,1,0.3740897860929345,-0.32428417332985493,1
607.0983884730572,0.11040163581288669,2,7.152753865769231,11299.946165780068,36.35097790446211,0,-0.2632498422758637,-0.4250021829977224,0
746.7869777747278,0.17219870876036247,4,1.410755068303625,6416.915455631753,40.32153280472782,0,-0.004116294980394313,0.554796637252142,0
559.8728459302401,0.5934103209684558,0,1.2294859922336412,7231.175897852503,42.77085146051256,4,0.5310164814994357,0.8363221599336179,1
573.6956463781949,0.21608393893785274,3,3.496256555472481,16176.870337949355,58.97115926166711,3,0.26506588474110104,-0.4115574657389882,0
556.8441236903628,0.3960600694751234,4,2.0894362324162556,7675.153600605099,33.02866636547998,0,0.22149522795740803,0.4015709535137202,1
547.7188927583451,0.06992746294122772,0,1.2198839497099105,18692.18891333473,44.40212358213091,1,-0.9172000820435279,-0.22753800271162983,0
566.4146944496115,0.11809232006287472,1,0.020736265829794823,11303.275058989188,39.561040231037595,3,-0.7163208287074286,-0.8096272601819718,0
713.1923953428394,0.4598790773632184,1,0.8808349160757666,6091.8686457784115,51.08870917677004,1,0.01191712504626242,0.37868608439084106,0
738.182605167042,0.1599861685956612,1,4.728108461035828,33182.10915688246,39.33783872288341,2,-1.232537055353391,0.45170229513155613,0
594.2341542111853,0.353746093548134,1,0.5137591516968519,21008.417443521277,25.67311737950274,0,-1.0218008020751932,-0.06912526511863604,1
666.5867236836552,0.28903427961014677,0,6.670930428431692,38594.64623187621,32.95992995039335,1,0.18198254480607223,-0.9402515677448884,0
710.7325340086587,0.3739841231834397,1,5.239867392814576,47371.78437606641,34.15370267734441,1,1.948862584771929,0.7326605041362786,0
658.045136247773,0.29744867240453354,1,4.785077184395089,23906.2595397842,42.19654188196019,3,0.3859375935030597,0.506115066301692,0
573.6045793906209,0.3073327320633703,2,1.004826764278721,33545.73195564015,34.516545755197946,0,-0.7650544746513745,0.33126559895962027,1
532.3678611889535,0.22599621378361404,3,4.34410010961948,29140.063096061258,27.841047412526166,0,-0.9787783114037124,-0.06627865189045501,1
730.8342042500407,0.3784915188660017,3,4.960199293372111,25583.30821144033,53.602709512195815,0,0.8531391882067099,-0.6836617812789261,0
689.6943529830704,0.19403729403143707,2,10.76777384489258,46535.26212426363,25.47996375912655,3,-0.4769518942935903,-0.49613210398777063,1
696.1564714718922,0.17528373244267478,2,2.1832127899106486,31083.04980086692,46.35881051187088,0,0.1840143724647647,0.8005711348958255,0
561.3882479279176,0.2334108562419708,0,4.402305827208584,16379.017943152992,51.4478804168715,1,-0.16535512863622187,-0.7829974899382466,0
668.7981754311242,0.35517331704226957,2,3.3493567086794633,32498.18415541536,50.19805720125651,2,1.3802087542303472,-0.3382595463015683,1
700.3199669965458,0.5034485031186308,2,1.668380271647819,16976.26353431018,44.97986602417786,2,-0.00425246249778774,0.7522394276192363,1
675.1227074917716,0.4191016830449716,1,7.706754146220314,27571.09924377446,43.99177070884614,1,0.294477189289101,0.22887441224394145,0
590.3981426553848,0.33557159130411557,2,10.477203471509108,42795.78070324047,52.58122468431331,0,-0.5171492621736946,0.011263912898728412,0
730.9808408052269,0.07834280432033058,1,0.6011751760991002,26828.883970488754,22.57996119776768,2,-0.2682014177007043,-0.04694420553056733,0
527.7894441456981,0.29300725301725494,2,0.5081659811454673,37950.23178571805,38.88500763846726,0,0.1769119664519627,0.6964557696063578,0
724.2993539845553,0.2330210302883889,2,7.998387271770559,39164.724708426,50.790115347289316,0,0.009495282717927362,-0.13883870792316344,1
736.4844755269659,0.123506287790725,3,8.406222388763501,27332.408015988774,22.74594112103641,2,-0.03440048877113415,0.5206318314804299,0
775.7864254028179,0.43385873627930316,2,4.895467138021125,47014.088788962734,40.16910419235308,1,1.179817350344255,-0.28139288367022464,0
622.6006247799646,0.09429518011072392,1,11.858625544660947,44661.858198299786,53.50876202418624,1,0.9308816721780896,-0.52595782914699,0
570.0455986750784,0.19432946232307838,1,0.01504747577457365,43170.3611086022,50.05081345442409,1,0.04737069813171857,-0.44119381382507616,1
713.5104289846704,0.11553469755104458,0,0.5450946025541863,5698.367356426483,52.33743772126961,2,0.8489681712619964,-0.9672359871475442,0
594.0627776730421,0.21178632855707558,2,3.335972492947332,35503.07296320439,33.38626316694221,0,-0.03332929792714527,-0.21913195467924496,0
653.5196409155191,0.3017678824244222,2,10.253353349137582,23101.282651701593,47.11024310350617,0,0.42596950555455443,0.3687054662530669,0
624.6030226271943,0.4490310092465429,2,3.9369838144312586,27799.127369056994,50.97100211206785,0,-0.44996657560241504,-0.6367489134934858,1
577.8342422869532,0.23783416336653532,1,1.4182143581273652,29064.196877234488,18.0,0,-0.26589832702121174,-0.5217027190877397,1
675.6799572947913,0.5031112160818102,2,0.16323653289183343,12181.950680232614,34.39495658424804,1,0.8141486383552496,-0.18818559999941065,1
538.6387266753571,0.25146648136011224,0,1.8078535054179383,34099.08747185697,32.73127772792692,2,0.32806069609991806,0.936418383431912,0
697.3764545315231,0.07995446951280887,2,7.978651001156107,7711.625014399206,42.86443528839072,0,-0.23950216092117252,0.6554364934388954,0
572.6455129234612,0.5097112531018676,2,2.412872744477175,33210.58039799007,32.259473554686934,2,0.1005664093837913,-0.13937824556219236,1
511.4614922825659,0.11056776764104428,0,2.029748210458206,9013.584808150465,34.96288576400007,0,0.3569262045543637,-0.1153427444469397,0
645.9914032967765,0.09726387955221619,2,15.27284630707737,34882.372862421325,39.48302133579403,3,0.17209976177068323,-0.10389241556805229,0
684.5307082248978,0.44958308843966055,0,3.7032314193757787,42894.90388804823,44.3757703026571,2,-1.6725657959622524,0.4997127389317104,0
696.1547677642579,0.06977431690974159,1,2.53206945861141,33852.70090597874,39.37579610743639,0,0.8834236820087028,0.9925460240126494,0
715.4682984661729,0.44761508244647336,1,2.3187338174166134,25585.511834242236,38.68269710789845,0,-0.009221204090028181,0.8253086663637712,0
461.7087680247669,0.39676042980352455,0,6.4219845552605905,34075.429197709724,34.03687751474357,1,0.7639780280763153,-0.9801441540439815,0
569.5884455234662,0.14334687536682345,2,15.934404633986269,14392.657982068682,50.124071870210805,1,-1.327594711330178,0.39623758022054667,0
658.5321835602425,0.3439373857042624,2,0.8810606152879328,1673.3661516223374,30.06510712478819,0,-0.8091826738307554,-0.7285815859090274,1
771.5202623948917,0.2238712629209193,2,9.156931675846792,32967.261410832594,39.02187632396756,1,-0.8831389572789154,0.6826628247231903,0
712.6995594939782,0.205890967681719,6,1.2624238436859136,12537.059649002013,43.70625685161289,1,0.8566500586321458,-0.6676700730299421,0
802.107204147849,0.446549922338954,1,2.6766098513084886,14199.373783755675,45.28548569200193,0,-0.004192471031243691,0.9439901787350125,0
608.00484616688,0.20691938602160168,0,0.03879175965103178,29769.15617128761,56.94990211589686,0,-1.9051271196111075,-0.139581893605216,0
671.9533596225607,0.07623082432456607,1,1.0537558462487975,39101.80424234498,32.73205739957886,0,-0.9462517259271581,-0.20039514517773105,0
562.0023353944555,0.1009088117346854,2,3.5374708794494616,13053.436062251585,45.976106085248354,0,0.6293455631265132,-0.6081206958868763,0
617.6518224300801,0.264381715643878,1,4.239733426483731,25644.501332491254,39.26653029348149,0,0.016179842863612393,0.6679980553758351,1
591.1763425373621,0.12227051800302113,1,0.8180459641616201,27887.12867146576,39.74662152917398,0,-0.5750368885661845,-0.18187964444807347,0
599.2809072546623,0.37628786085455523,3,3.9412554331381964,20746.295628144402,50.93319867895849,2,0.44106133713708495,-0.08488300510104896,0
618.5240703051469,0.34279110321959444,3,5.265952823031767,46359.65652823172,43.57864855178252,3,-0.25446296375067246,0.7763326194411926,1
650.2174031912544,0.11030421628162877,0,4.176799364167898,20780.845824677835,47.56431969333856,0,-0.29744204384117273,0.7804394598995226,0
651.7770131613187,0.41334231483944567,4,2.296206337317487,36115.11782141655,23.385792724783336,1,1.4675906714709226,0.5636273307055022,1
693.476275166618,0.16756011212979594,0,5.956157072208242,20644.753223935695,21.79670532361843,1,0.29145458888572867,0.5913260409399461,0
661.1990773909488,0.41921411149678856,2,5.440190793479015,2736.3155129898723,29.172930242743494,0,0.6562433885084061,0.5000975742082292,0
622.47634969203,0.5577259638224025,1,3.0376368082147467,8711.098796162532,36.981978419185765,0,0.3415985217462586,-0.20100556914121737,0
608.1937166774443,0.13702004794097822,2,2.1538247937267205,17751.846466211613,43.27238091482252,3,0.1676797301182594,-0.9718115060322043,0
625.4294623873053,0.33389326132559877,1,9.799731827822383,28660.947434527036,55.68649008165077,1,-1.318671856836035,0.374258650097147,1
614.0770286842428,0.25513989295299455,3,0.2976682356134313,11380.089848567073,31.536723021529795,0,-1.807381302222554,-0.04003366254721241,1
689.2776844145584,0.21307340475747247,1,4.839276046213538,25772.320340913902,38.8884917002611,0,0.3239431409127811,0.37462484841876287,0
719.242015253701,0.15354066570350927,3,0.0019518825160325009,5263.482785823159,57.64275104630746,3,0.16387430147197488,0.2656806892142163,0
751.9235630357667,0.1397917684863427,3,15.431007322028291,33144.10256767193,38.48661835670841,1,-2.1282503887988615,-0.9353091998490748,0
586.1837792047667,0.3800499515138721,3,6.851797781011562,8295.056311599787,36.065268554039775,1,-1.443539578737425,0.7545732086209735,1
687.5497780271,0.3570945013120861,0,1.1930642467052892,41815.98336683047,43.50392242093337,0,-0.3317868441585965,0.8640448654470116,0
538.425628672586,0.6026953710290736,3,10.551862797713294,1839.8457503039162,36.762771018482965,1,-0.06496608987217087,0.7582258689433747,1
679.8539774602062,0.5106891292271308,3,2.1868696505412393,35602.63357541834,42.74662299637231,1,1.211072124874607,-0.658551200833071,1
736.6137825672852,0.6745725176578938,0,2.735918094498553,37958.14134058093,39.57870650138375,2,-0.2601482303521396,-0.4477521628867416,0
638.0328398666404,0.5095869557759918,2,2.202083316507166,21090.047444317614,34.90295707444601,2,0.29993849273488565,0.07008579888831945,0
735.8108837807099,0.2888209336829973,1,9.995485335643444,38374.86043334357,63.3546449841284,4,0.7408343071585316,0.35817346968310515,1
558.9145703747619,0.16161780117391636,1,11.247243940020864,48382.30668677691,24.45466687448146,1,0.03498142988470517,0.9010955263093554,0
578.908377352669,0.23025232904765555,3,2.89533217009322,1652.7794091018811,73.67083468963662,1,-1.33593897948767,0.09052545989697935,0
639.135212588505,0.7334489950703201,4,0.5179329502809729,23338.181332717868,32.37106432161981,1,-0.17456496124745668,0.9929515794533395,1
731.776828366866,0.3516991009088486,0,0.6028510260458004,45291.856523606584,41.96539791981904,1,-1.7827808419683666,0.6683024168665828,0
616.605643492641,0.5766956551841157,4,17.17775891579845,33898.37948050559,34.4324221266239,1,-0.30835271049346874,-0.36890349112339016,1
613.715751927298,0.15210828799318257,1,3.7006206126050167,47931.15981349788,28.939083518747047,0,1.8302142541268667,0.43144888151582483,0
570.6697313297584,0.15549795774485903,1,4.666356258393801,22007.48634406111,53.02093805342169,1,1.3992335273819796,-0.5695961713857038,0
666.2304835554097,0.5791295096479282,3,1.5531587917138454,25144.30163206409,52.63150340984109,0,-0.9885175418147473,-0.40467577198339755,1
749.7356112715548,0.25255926477440965,3,4.191918306669191,16081.834310291524,47.07529974742398,1,-0.39666799982877243,-0.24339768212001256,0
706.0544087274953,0.3958410961201678,2,2.423454554426826,14721.564316946065,29.914607140514896,1,2.059304652356852,-0.24869043546158687,0
705.7320523469011,0.0735519728959323,0,12.433985260733618,40198.61324391044,45.09683833928767,0,-2.1765920410273636,0.36452599356106985,0
633.4420420061069,0.20581717963937643,3,4.019045009402356,3673.0848285297056,48.10072546319742,1,0.35113813005106914,-0.2792960978809895,0
604.9352512588869,0.3514534352124264,1,1.4126053411563726,29712.021594548612,46.52075746691453,3,-1.5011810329215225,0.0634075598870063,0
704.1796733133096,0.21774871830421008,3,5.774211716651465,37383.83245756631,43.478668129538526,1,-0.22270182260085303,0.9148914042671863,0
647.4471139492688,0.09157494933315462,0,1.4950649954813526,4976.3319330493305,39.96216898307578,1,0.816506660472141,-0.5587848026483444,0
636.1113411424494,0.5182744547862791,2,0.05899000488102335,42202.63137725819,56.470066972091765,1,1.0238252625544713,-0.14824629368367148,1
721.8592497922892,0.3718945369988159,1,3.296466516536494,2372.032279435915,26.2048556701534,0,-0.4368137779532436,-0.7034737402908942,0
634.1770038661816,0.28154638422860717,0,0.3020091183733493,46984.63715659234,57.08930724270692,0,-0.5046763032596483,-0.8228274928954986,0
582.9778992491836,0.0633116660305199,3,0.07325855512525467,24145.864126127963,52.999371699448346,0,0.8708488492060796,-0.23366162886018915,0
722.7350796264773,0.25365011283545985,3,0.3135960995620295,46493.15874109433,33.77926973979907,0,0.14905254037650403,-0.31964740549742077,0
656.4575912347093,0.3465176739753874,2,2.186646948811368,14337.298782821897,51.85227996343079,2,1.205130507842448,-0.31167600577468124,0
567.0376524921046,0.11978583312315319,0,3.018103737078304,14544.427696113722,31.38373379911208,0,-0.06633494239134143,0.02009749748370604,0
560.9675284102707,0.08511841310976326,0,0.4944641381651502,12010.600337311644,46.75534616272336,0,1.569851679379998,-0.7727588630201958,0
657.6329500661493,0.19367764675669577,2,5.4373699153435116,30424.866482967747,18.0,1,1.9887901618991348,-0.8782232661496738,1
836.9927729182621,0.3164096877743577,1,7.906751378579697,39596.127599472406,29.592928027073135,1,-0.8452454001968839,0.3782523805241713,0
618.5743517163033,0.3036256746835715,0,3.221172980094304,37731.944332213054,21.634462231380528,2,0.321082355747479,0.9215529307140278,0
623.0980912731537,0.2290071791882382,0,0.4295152477166509,41628.67572914076,53.6691900787246,1,1.0002911424735363,0.7427085474000008,0
771.9016958093642,0.21526788788253645,0,5.207699859298113,48580.14918506359,27.177146738008634,1,0.24906199632447032,0.40916698097817594,0
645.4175040167588,0.3574721693884708,2,0.6931923320519267,9091.278467328353,20.424136271209644,0,1.136171085590324,-0.34480639422994264,0
534.122650940161,0.3900891143873068,1,13.527733759629065,32249.81889510292,52.660042078304905,0,0.46381763835326895,0.31083372121965414,0
524.1762837961461,0.611187862103491,1,1.1779330112506805,42631.5850063471,18.0,0,-0.05082211043072726,0.7097788641748934,1
748.1331179029984,0.32842135316828885,0,7.021315750956557,12315.36106135105,42.66587590114058,1,-0.7794779264361021,-0.8264167406432708,0
703.3083633800151,0.780364581549368,2,0.2991257103821515,41882.25612869164,37.09283249707509,1,1.5054039018588388,0.5613172758944331,1
716.0900566744954,0.32361977123557695,3,1.026648646188252,10005.087281160619,54.09114502177588,3,-0.4327774768393683,0.7723029749608608,1
645.3794753297029,0.03656535271709047,1,2.3677370019196333,9026.280146005369,18.0,0,0.8762667921224071,0.8573957236412688,0
591.8630379213762,0.4082170517762535,0,5.837322621941601,6105.895174164582,25.823667582092217,0,0.6870287258572657,0.7502556631893609,0
632.6269507420667,0.4706196736370631,0,1.4585338450934973,7611.463502502816,59.53444598781747,1,-0.8558931021795989,0.1746242705005412,0
660.8824973899501,0.20651833528934194,0,0.0543485719941266,47857.52375231452,30.692121182479504,0,-0.7642888886111255,0.1959032491135726,0
582.9351075441039,0.4738691046117794,2,3.8995627668468784,48936.53073104174,38.959450458065405,1,0.48987920935067425,-0.396905911695814,1
694.9159927640901,0.2942312647843654,1,7.117356724433196,3624.4083270902865,24.535070345218188,1,0.33471893917132767,-0.6368277792795436,1
549.2323064960223,0.2841803381120555,0,2.351399878854156,15255.968893447854,34.96206640352388,1,-2.3451300376183015,-0.36199017309550796,0
623.3792988339821,0.176056408116023,3,3.3832502811513336,35927.47405095392,37.374340774671,1,0.006509489151124815,-0.09113016172027821,1
633.6793702018798,0.3574818855154035,2,13.293830516987459,35029.47064430208,36.073676027575345,2,-0.2462796508658534,-0.9797039668414684,1
594.7184149459705,0.33665640751767095,2,3.5513805196060337,42115.56976133817,57.005183715617875,0,0.2833143944380737,0.057234304225510346,0
473.5595715984142,0.4628058945211529,1,2.3650675781954384,12340.810266201293,18.0,1,1.6343073562522092,-0.8671533485725236,1
685.8295731289002,0.49869562728224776,1,2.4506559151832876,35269.567794306626,38.46433548725668,0,0.43688253960671214,0.9197725606272658,0
589.5399391647786,0.43553127067221903,1,7.026945191303145,46783.43556458769,52.94352004934384,2,0.575159168628684,-0.43339522755262494,1
756.0566367459497,0.4745298968305888,2,3.055312903743853,17402.730816968073,31.00994670158803,2,-1.1689502168384192,0.24264658317586196,1
622.6414177852758,0.22750511613124885,3,7.33367988417902,42765.49739286483,26.71876800378969,3,0.55745857645075,0.9992186750729362,1
606.6912329255024,0.20718687477549894,2,6.30021610583002,10594.434785639522,59.46757702045312,3,0.7428683094239072,-0.34084063559313704,0
657.3217557423102,0.1493411707892206,1,1.596791664573598,36583.01912055669,44.38260414363134,1,-1.9570078802098856,-0.6559746652915153,0
734.2751798904359,0.2652187356743508,1,7.2355222194992885,4605.902225610425,18.0,2,0.11229861834894743,0.607250489940742,0
604.9273869505464,0.0802234942712209,1,1.2041181703031867,47647.51070978794,26.506578531128405,0,1.2012970505421554,-0.5404360334446476,0
731.1790155863821,0.14279484736944,1,5.369569158393912,38842.0466709143,64.2597648277155,2,-0.5445908681071877,0.1449274230452413,0
765.2242912814098,0.13474860297785024,2,13.495267011748142,42004.35129606489,30.41909535308337,0,1.5574453878510723,0.35792395465912263,0
729.2258248524756,0.18247647277001403,1,3.0225270781931046,25517.14312000338,41.22540979506608,1,1.3709994241083987,0.31174900889765156,0
780.1145192793806,0.15595150232744004,2,1.4737601866459542,6341.589487208321,53.07627248745239,0,0.3656422795908925,-0.04416102622254736,0
753.4116816809975,0.173248903788402,3,4.040288050035649,1998.0235706783146,33.77943476962118,1,1.0423165389171796,0.9106433692874132,0
771.1905835114404,0.14837063239576212,1,1.7960555935259106,2250.005925997879,25.409327339013025,1,0.2968774299212706,0.8412999817086513,0
778.3461055532513,0.29640509248555585,1,9.977068124225967,17080.72365280157,18.0,1,1.3115747032287126,-0.024888112733802537,0
666.6455623703971,0.5107776902249737,1,3.0099450929569054,2747.582203940318,41.60975099796382,2,-0.4224392997456578,-0.7887219538350414,0
615.6620880342241,0.39034924832227835,0,3.9474290706641977,49977.17072307844,34.65871569848962,0,1.3046017799461802,-0.18474958499173977,1
469.02050918049554,0.4298901826320911,3,0.5816506913974994,44691.336411897086,31.407086426550965,0,-0.9069406739488532,0.8558353600782429,1
544.1813504382563,0.3681493256225349,1,6.521581229886715,20840.19995786183,27.99236578903742,2,0.928785206733332,-0.3670836587644122,0
614.1373760672964,0.46675389596786143,3,3.157900771390767,36879.59006271229,41.07742780084369,0,-1.6296747747919997,-0.4549509345082483,1
619.4611930207548,0.2001434211689387,1,2.6913561734467657,41948.416143587565,38.353126822439755,4,-0.4197824836618074,0.4967977913241297,1
637.776442927833,0.3431637058603929,0,0.3601033536263991,15583.06670584005,55.7496185534434,1,-0.203481685765893,-0.7340646723828681,0
569.9391607801,0.09164043371478461,0,2.01477173469497,32558.439152468825,29.08587124025216,1,-0.6997211900767257,0.6814963973792887,1
522.3377910846949,0.23595501594634277,2,16.95397767532666,25252.25130092684,46.557728999907745,1,0.4962401023588294,-0.02152283110217934,1
639.5821466826619,0.45708719405973863,1,11.93033817690938,12254.129659457878,35.44638037727322,1,0.47790721916474865,0.07016945798011487,0
634.8465656950567,0.19772432840747012,0,0.5129486284042581,48948.59022157791,43.64544962626182,0,-0.601791392466374,-0.1077079443543274,0
585.3956766760107,0.5052570082384453,2,21.38173410526319,6706.088307040984,42.53224205392945,1,-0.22798772402083986,-0.8652586178233006,0
590.6278270679693,0.5633175435260886,3,4.935852989297528,27889.015484815925,45.307152559078276,2,-0.40673930509685097,-0.6010654486220279,1
574.7874726502075,0.35089855947547127,0,5.814968755890737,23444.76159841696,35.60453373608438,1,0.7577352640563332,0.9472113203509378,0
618.2781008786945,0.4160099905356174,4,22.83622929435623,5410.778079722703,36.435380115345296,0,1.602985091914619,0.3208055046617766,1
581.4957738403799,0.19744123543453684,2,1.19300232648523,9620.26298962323,23.45940294694407,3,1.0334966734881832,-0.022365825082275137,1
750.7900265213613,0.1742513108682647,1,1.9937894832895626,49842.1150517197,28.94325229511919,0,0.755808395479963,-0.5699885804209539,0
669.2797385636097,0.1689772172121042,2,0.2951583813850004,16189.739347369296,46.85489443313451,1,-1.8080253622904707,-0.5070728620248615,0
572.2145665578786,0.2790341449846417,2,5.259100535762244,5874.256029598152,58.023146170441116,1,-0.5297576044642806,-0.5327814795389212,0
627.5641774826037,0.39210384528012165,0,2.688346112429945,1518.2394645794222,55.19851323763799,0,0.0329853734404673,0.4869338517762771,0
555.5771514919047,0.330602167285454,1,7.169965426366515,3917.5700863736233,33.0021503938759,2,-1.4324683409750023,-0.7514293484997003,1
730.9734636139831,0.29189030744492084,4,6.961777113808539,15981.965725291191,30.815636150570253,0,0.07302348200164221,0.8179307443454922,0
760.7349379664656,0.4348504301242982,0,3.5260856045798645,42968.725026615946,39.20320876533494,2,0.38154096853539904,0.0539765801451606,0
750.1601586202426,0.25717420747704445,2,1.7248775376304368,26333.6192000927,48.83219287807095,0,-1.0803499260933076,0.6659562227406546,0
558.4245895005922,0.09817820292365331,1,6.570051978591574,17874.442955415525,37.23169473369666,1,-0.5376427188622361,-0.44422607284419735,0
642.6986384219059,0.3115106568093365,1,0.5627134329754956,32653.962070071397,43.82885203165704,0,-0.8640462674634197,-0.3916385823835098,0
617.8743459589667,0.38923106428678356,3,8.01249726473219,23077.74652230993,58.724497057201894,2,-0.9562511458271566,0.5183670993601521,0
694.9610484731345,0.1653181282613172,1,0.6843071034327858,47211.457237904135,28.313098800328397,0,-0.9471666841029582,0.08115058523208463,0
569.3672157372881,0.3938586345787329,3,1.2239470918567603,18581.406046782435,48.92733095495997,0,0.34740361487551713,-0.5692317208032183,1
595.9286644799187,0.2679904650805947,0,11.9255452242775,41839.77058702132,25.032416608934913,0,-1.5070670818137157,-0.25149210978495895,0
616.9426377318554,0.41555473087642436,1,2.5201938240099437,26128.977077383403,41.216277918409716,1,0.19511688928015788,0.28473391695962347,0
662.2630775305939,0.5830369151692616,1,2.2169338655053648,1554.2662564957845,35.295835875667244,1,-0.8848449525506692,-0.3507635628562895,1
705.5302966510309,0.18335598765060507,2,6.0357831487793625,44122.83693687987,18.398308127639954,0,3.613539715643293,0.014936574505487465,0
623.7017845810714,0.09598022190320835,1,0.025826138351991594,20425.736409846024,34.54763272659409,3,1.0216052590447104,0.46440773486304554,0
703.1172060420978,0.1751873976380389,0,3.4532400011584254,30212.097218017818,34.939049172865275,1,0.26585005915639337,-0.8397920374854628,0
715.766108543771,0.7115257682175686,2,2.351727974251592,14723.356006526381,27.68533078911803,2,1.4019029258449542,-0.36125545276522764,1
632.9427810502543,0.33213762974863587,0,3.7134849380927992,25338.525148472585,35.38531006487243,3,-0.5480157530329384,0.25708298193354007,0
550.3473493707522,0.45082388437843,3,0.10465099035139437,44778.925088291915,47.934617782237964,2,1.186578873138857,0.7707066795352491,1
556.3047731652688,0.1965537169922271,2,6.408009524492605,27394.428493551102,38.78985965264687,0,-0.823014191664062,0.6936751988299923,1
697.3381580121254,0.645331341553196,1,3.162593868928918,36989.44357151448,39.017258106324235,1,0.6040446326767759,0.6607071943355278,0
611.9020450948265,0.6006740828152294,0,5.418313376542747,30059.697459294064,26.759525260578922,3,-1.250783756434216,0.3167340104929708,1
512.9896541854037,0.3895003934719163,1,11.203604474295314,12915.462326053585,35.54712899468658,2,-1.795200638763426,-0.26758156145325285,1
699.0361894546401,0.3659389970161681,2,1.7782108428600525,45180.007704876356,25.10054762366516,1,-0.4570691605340682,0.05239861233197751,1
660.3643616436975,0.2097872146934442,0,0.0404504661571916,44685.15713242342,18.86909013827929,1,0.2317182322246422,0.642392654227856,1
537.5226335085897,0.13111037160875774,1,11.360804890097292,41483.348150691636,33.64563179150374,0,1.248030207998382,0.5692918847803627,0
744.3535984962117,0.17834999250988853,2,1.8749054789232324,1421.1496935052028,37.5208125701352,1,1.8647243291121511,-0.2756612493161148,0
716.9308789726199,0.07050197193936661,1,7.897792808274565,34003.161136231,33.44196761416114,2,-0.07795738256780099,0.3329041782121258,0
661.0996201032143,0.3558066535656448,3,6.310187064398893,37518.38789874449,42.36894089381871,0,-0.24498043764069238,0.1804735640540298,1
548.0544505812467,0.39785845039901274,1,5.506119925115339,9724.0484378646,39.242718429759144,0,0.3785583169525509,0.556536882900504,1
537.8135573691774,0.31647261371599955,1,5.464399679307228,2265.200712001707,18.0,0,1.070826143121848,0.3220258828489242,0
625.4345210526851,0.5097917308966253,0,4.150518558001212,17028.43708604744,45.461610779022116,1,1.3444489848282692,-0.05969131831444874,0
512.8867688359769,0.38150923796255626,1,10.556801040132545,29708.845901105422,28.600261406015044,1,0.9947412704293377,0.10815588526723219,1
682.4064218547588,0.31221891141380964,3,0.6325298423745593,45386.789179548025,43.71158796175025,0,-0.6069929235709731,0.610953822992881,1
537.1341349295731,0.3903874235032235,2,3.1191746106950724,42183.119839511004,18.0,0,0.6923881166065334,0.7863294958613443,0
663.1930183403759,0.2028643211981058,3,4.460608900980748,24479.258428591857,52.38037576400916,1,1.28505086761513,-0.27914645904687774,0
626.9494837818619,0.26118993880126384,0,1.3350028214039975,33694.33328498081,40.85111448048875,1,1.0087708591831541,-0.2034580625986906,1
706.9428214477635,0.16825350768158978,5,12.318580990982488,49373.10185305473,36.52975787000761,0,-1.6329830552368119,-0.8388092324391192,0
574.9641923790809,0.36276752774784166,2,1.3619583877549213,11672.145991563071,31.89043357465561,0,1.220847299130224,0.17975067731956318,1
671.8983559619779,0.10365538807425823,1,0.7341581629183019,47477.409960049554,38.74713699929107,0,0.7717474173760541,-0.17081796241678449,0
538.4127845732285,0.2271667662064107,4,0.039344634938014086,24663.5981683734,47.104665299272284,0,-0.8384042866229027,-0.7642987207092227,1
713.6439641415526,0.24682914542415554,1,18.141107939025897,4987.373197476265,36.07457493736857,0,1.1242755879214135,-0.09120287763393486,0
640.8030586978005,0.4193780112370118,4,1.380139241593816,26163.981961739762,28.342461376611737,3,1.2188306261681396,-0.9598560837739698,1
689.6680535172344,0.25523549819647223,3,2.028982906566798,14695.32528996361,18.0,0,0.3066507023542718,0.06349052713439352,0
544.3579722537575,0.06334541919909407,0,30.0,26952.12305831458,34.48606424060962,2,-1.341905311925161,0.24324531198189558,0
689.9267420537413,0.4117744397645333,1,0.5019967355672083,39210.22735811752,19.13195039301398,2,1.0056308599836885,0.4268269424520432,0
674.4962717042966,0.14395735235720422,2,0.47115246729115756,48368.043348385356,43.522008242671944,0,0.28751085148984734,-0.6764716947714555,0
679.095831417069,0.3088076540575755,0,1.7559625807933799,31969.726205560368,28.903982319216215,1,-0.32170045138190245,0.7057026868269749,0
675.0107170411188,0.14289250013057195,1,6.686315650683422,39730.31747506706,66.70224818336635,1,-0.3615471489939445,-0.7056585687484107,0
634.5228893767721,0.40957219738061584,0,5.646415902995043,38000.604503875074,18.0,4,-0.5311065762195826,-0.600062605736045,0
749.3039376252793,0.28189231447468266,0,5.7306789259332644,6874.934398565775,35.42334048476385,0,-0.0273742691835019,-0.2456163325963685,0
637.5281611387437,0.0718792094143065,4,3.123312605455208,22554.278815273716,40.81128768455138,1,-0.5418739961489519,0.6671043181809171,0
590.8664639687337,0.13114057683916505,3,0.47867904856576293,43341.50233852383,58.06155216011227,1,-0.41515488639885584,-0.9763579427832119,0
645.3019045304849,0.3538770813459666,2,3.887471071709726,20156.991424593518,46.250886642588895,2,0.5564083768658101,0.6465950347352489,0
573.9585643644376,0.10240861895569861,3,7.012057171707426,43397.00773242781,30.394833231695387,0,0.5186963450649634,-0.8915874865968172,1
612.8802861335325,0.29566733272457074,1,1.5233235398633767,23171.178577743623,22.598715701813084,1,1.279557820413362,0.444127935246895,0
635.8202707048481,0.10794564041949384,1,2.5146210861111227,32261.318393091824,34.29930291595945,3,-1.305991359769721,0.2758286586748684,0
619.6356703483312,0.1967688807024453,1,4.857505994697898,13468.819847011273,37.39889770833559,2,-0.5994300600870784,0.4371989870312667,1
665.9517658244389,0.31548684158995904,0,3.644603710334309,4628.500380585227,43.347788104271544,2,-1.0871962367585533,0.014244638047964386,0
805.6609113045062,0.5435232555326759,1,2.9612264831386166,35161.12134100758,25.97514043904767,1,-1.0157331855071667,-0.9674887242174781,0
695.6759871876897,0.395268139443612,2,1.9828062367092414,19183.912875060894,38.114646313778756,0,-0.691424243448119,0.22307802797227305,0
735.7840517830473,0.23424964558004618,2,8.616849697901799,33121.145110593134,39.873528115995924,0,-1.4465615641891625,0.29130428248004847,0
609.7032450105411,0.32219639474854517,2,0.08993673720867797,21616.137133711607,43.09929094156513,0,-0.34016559154698334,-0.20913414403280606,1
603.0386969195881,0.4080972450635176,1,3.4662668650105086,44675.627299558735,33.75660312116189,1,1.080740528598045,0.6807246993643774,1
619.7457562485608,0.22321679308109757,1,3.601837373535357,40044.58643445195,44.84901265573933,1,0.33881772463295345,0.9917629503454692,0
718.2311277815102,0.38633334871028047,1,0.8343333549907782,39090.861803851585,41.07804187162534,0,1.0893027733881318,0.8580914282739296,0
478.15052174152817,0.2907361403228376,1,6.232326934831041,33726.51528430864,53.847886573466,0,-0.5407209947664405,-0.6561116838283649,1
567.3468179766907,0.4150241971556135,1,14.322169841610823,18671.612445804403,53.67496221978973,2,0.9301656754500006,0.35288473638974027,1
658.1868677467376,0.49075726595308017,0,0.2389948817405069,43400.86177854005,26.242273854119766,1,1.4144927377707048,-0.4485751241024363,0
632.0726106349657,0.2376420207252411,2,2.597775280276442,33492.70468651093,41.54449903965152,2,1.7801243868842878,-0.7198319587772419,1
807.4183745714437,0.49863228074210264,0,0.059016271626855805,41593.90823075004,35.169673014134354,0,0.9768829231299795,-0.6250834849542124,0
685.8146572594125,0.3084778768332687,4,7.737459255606059,36157.604660449935,40.35808591324269,3,-0.2528376911699928,-0.28559573379901604,1
597.0246845175616,0.14284970591836899,1,0.23624846283370055,40574.54009990085,37.46160983499983,1,-0.5952207493454592,0.6601962826229661,0
523.7914345168522,0.3161074434809209,2,5.916340688984981,26659.33071802417,40.705779737092946,2,-1.0365717203212448,0.38726085692652235,1
622.7551972049711,0.29638850499855174,1,1.7200195170782173,39360.63403402643,33.176978275492154,2,-0.08631646556535617,-0.9835953298867564,1
545.7423933857268,0.32613143331628447,2,6.852003043215541,46692.4338628431,51.166773979221816,1,0.9777004165217074,-0.8965809264366913,1
687.3400520334748,0.4064206536074198,2,5.272106616882844,49704.82518978735,48.05492654908775,0,-2.1242595127432833,-0.7399638208616321,0
662.8885057793343,0.5741524263941585,1,7.991725203039971,13098.861475764776,46.23317651818947,2,1.6295584392169005,0.2792753983155962,0
675.6025545674185,0.21456520245995173,2,4.247129887225314,18242.022368983296,37.49187615961607,0,-0.5919642054683427,0.7131169482234974,1
816.334133183603,0.16070240267732902,3,0.5880169334173201,47775.799509249475,50.459804407042625,0,-0.8755547895183518,0.13120404310015776,1
577.4027214863762,0.355588296508062,0,2.8946906030220827,35969.272759893196,31.428356181892852,1,0.2489060727746625,-0.13726666376204788,0
634.6076633763274,0.1534517303181649,2,6.250576563499256,7108.509450983949,44.87554885282724,1,-0.009865511963402811,0.8254824126219287,0
552.9987404408873,0.2439690772620712,5,3.233488032548343,36568.4142053115,41.90502603477088,1,-0.7928355861204175,0.5788272610244336,1
643.55211870799,0.1672359976663698,0,0.27538226839293706,25826.48293964008,50.33578477403278,1,-0.3891240380135362,0.7237955450094475,0
777.4618892760021,0.07990003871329633,1,1.4083118214954216,27613.897131290207,28.027097800842235,2,-0.6473008562558941,0.9161353556044654,0
695.4977919296377,0.2934627212848324,1,1.409172292435411,28729.217420701218,48.26265007851333,2,0.09439350944483779,0.2796107772909464,0
640.841036352864,0.29986214545589296,2,5.105582488165512,7996.493701320744,29.05603797902779,3,0.5904090281545527,-0.8324003377609817,0
670.1304199055912,0.5720463410649183,1,4.910295470237848,28154.409625952,36.01312454924156,0,0.9403334930195806,-0.9112801704389801,0
553.1315489645128,0.017415303293594902,2,5.171410531733231,23311.216270665933,35.814307094604395,0,-0.08244878828636346,0.7215815915781338,0
618.5013030644488,0.3757139806458058,4,2.153620850544705,9407.594456684345,41.63248626958349,3,-0.2034543024022633,-0.5442019706458647,1
656.820205965631,0.1008762675724352,3,3.0251855245704435,6399.811042048861,29.20097453200648,2,-1.54712058232744,0.027106641713244617,0
657.9537589366834,0.12145692869022018,2,7.591266569555368,38894.89605300395,39.05047727286161,1,-1.6236908161119927,-0.12956147286028918,0
527.5507004481107,0.25481648766255605,1,6.486609464736884,41196.51544203236,47.053759868336485,1,1.0796611173651716,-0.7761585437199674,0
676.2098543387825,0.12297175502415875,1,3.3813640296260776,11540.668216758844,33.86729388908589,1,1.0107321518755337,-0.41436319525586174,0
672.3357194011368,0.590104758241862,1,11.820496980728429,4130.600542933458,37.05772831094586,2,0.8250151087692221,-0.5390791534280894,0
619.8359034981777,0.6431316518923783,2,1.6523927787506474,25770.770351509385,27.314568078361276,2,1.0700348523691412,0.8641904424885465,1
650.3339999266,0.207369786860798,2,1.2605436685276175,31689.205109583036,18.0,1,-0.7183944429747213,0.551524289338819,1
531.3206757305599,0.5436963327743682,2,2.271900382114463,22930.059708991157,44.6296930440522,1,-0.245977066739613,0.14672116391850132,1
531.6163507740521,0.6770565881621868,0,8.562679171396976,22840.29457109255,48.810450958704806,0,0.40474745052332495,-0.9153918940424948,1
660.774980987059,0.25836033260148705,6,2.7030387621535157,27706.60714321046,58.875212837654814,0,-0.8859364706686071,-0.6494111898980515,1
596.5821447267069,0.27216359928221767,2,1.4009316357446522,33414.71665476437,21.758306886802266,0,0.4988287319640088,0.8177863365919364,1
649.0755583820559,0.24999279535091196,2,8.71991878996592,2601.4295879123674,68.51491943038606,3,-1.3639212306974113,-0.5609215584596965,0
717.1592537854084,0.07161981029250668,1,1.63233733335406,11740.158007754906,43.334458829764465,0,0.11046107489909282,-0.1556157084563783,0
636.0856055755876,0.1274664921171347,3,4.639354057101931,27225.09916809269,39.137373858045095,1,0.23829381161403532,-0.5624722265788136,0
425.14655561366425,0.6265227612371266,0,1.1152188719988394,12060.182710796722,36.46637486779708,0,0.2932064049683518,-0.6384169212001485,1
637.9477089583286,0.3838912730165848,1,4.712004018909498,39815.03471331742,35.86642050301181,2,0.15650605288798242,0.7428661107116732,1
611.5164782404772,0.23454688651455569,2,14.658477587781316,33368.31996870096,42.12511771973256,3,-2.306830392276419,0.9678298194690851,1
631.2244516541664,0.3904212574168432,3,4.270988559535066,38082.94098978134,38.058012163612965,2,-0.8348869012736911,0.2836106116453496,1
721.9784650057243,0.3174320596306592,0,16.025982830854346,7783.207074422074,39.557366148625846,0,-1.2712691996044925,-0.8138720621876969,1
523.7175851247109,0.16926571322766354,1,0.005818257065636988,25294.58865824169,28.656377154768876,1,-0.09216452756925521,-0.930357902400335,1
669.5165299126387,0.32877296872227446,1,2.0108482788123845,36400.438498442665,47.813270501079465,1,-2.3191937605224426,0.519787315091423,0
775.6243129528985,0.0762106051783583,4,1.7345392952551926,37532.36001085324,26.258737775538986,3,1.1433040582355694,0.4101405516155945,0
599.9245508025234,0.296605266138128,2,6.403910376486609,23763.091445285332,62.99064146432813,0,-0.5496348565088255,0.655636324609753,1
687.7862308948589,0.15818521983904474,3,0.22622814727955795,35614.99029119394,60.62198362655922,1,-0.9741001943443837,-0.35462296806958826,0
727.3044623176642,0.2440668174504948,6,2.8073784453943196,43591.7750329766,58.62152428128393,1,-0.7791224215122302,-0.946695532001167,0
666.8185151281675,0.6066901151891819,0,0.19072624418226086,17091.72710225469,46.413450287976545,0,-0.0231276652009015,0.9012939078227384,0
595.1922415734858,0.28474753688013094,0,3.0970381999720797,8103.484300802057,24.25143473104044,0,-1.331454818474734,0.13274957703858248,0
593.23831914336,0.3305318337694896,0,3.2832525583212053,48949.440555772344,45.226502327990694,1,0.5694973855892345,0.3869937109756447,0
709.5040123012786,0.38386261454179477,1,2.055553119871699,5534.209886836773,37.21999118934947,1,-1.354767872203653,-0.6778181057544972,0
697.3719272625387,0.12975539278695802,4,1.8101601350303487,22325.407830863936,42.30183323062357,0,0.2138989158773026,0.08577104100695365,0
587.082526794302,0.14582435755297443,3,1.874142637885077,43353.55177878231,37.06839347899604,0,0.04822697529247246,-0.6240003037708868,0
555.8821476511134,0.18854382502589204,2,11.587110909589274,41298.27072752177,45.317099242544074,1,1.4351928222804105,-0.9298803789359953,1
547.5354628680803,0.2981174669959578,1,5.258129861075403,42706.94337898532,47.73983187493462,0,0.5140107830626428,-0.4696919514761997,0
782.9321488947817,0.21486305724143823,0,3.6336697913321596,41834.510691149786,46.21636052625585,2,2.026788869199822,0.3064704331435839,0
644.5643903687601,0.42868686437979164,3,1.187958157647913,10538.46236978438,56.718670448416276,0,1.346345617881996,0.0827514986722353,1
838.8182868522731,0.17480510704374821,0,8.669328862659949,14598.873628417758,37.85565829930976,1,0.4024654850522003,0.19209685856987457,0
694.4436482456434,0.13243259169833846,1,8.398816382375502,16582.204716035278,37.81707677642684,2,0.34852171131318144,-0.048579618159519944,0
685.1617858267039,0.33989835142865077,2,0.19078886523817934,48619.89090385295,23.316692440143637,0,0.9910816083057221,0.3268634163289621,1
674.5017990644147,0.2568292988068425,1,0.986479140347228,44971.978674315425,31.593771962030214,0,0.7433908730108721,-0.6542959777748327,0
729.9319880157892,0.3095040744422071,1,8.93566554523754,5995.289580849721,50.60040986817685,0,-1.628664453248377,0.27786587498714543,0
572.7149451964744,0.4376636133889734,0,1.840175914975354,7614.799311267732,58.78206249475384,0,1.0234509195750525,0.8646413509897657,0
822.8010486696588,0.6596311176454478,2,9.202266424055884,20277.36452097663,41.455018409783904,2,-0.09481295660991071,-0.12834594342163075,1
641.9758637910535,0.4050223919416617,3,8.11008207406571,27277.343696729673,47.88452199299677,0,0.52188117215904,0.04328456635635769,1
593.7279926245751,0.4608878111581249,3,4.459621466534234,34258.322306078444,26.928975761631172,1,-0.5549105508902308,-0.39333569849719296,1
674.2048801830736,0.21043334575694514,3,0.0841772669537285,20714.66855388714,36.9758771594954,0,-1.1361566726643333,-0.9797524055557296,1
737.3871100824638,0.06147838555896516,2,0.7449399045344143,1166.7035236101383,18.0,2,1.5287378792560544,-0.2420642171556009,0
569.395609937362,0.7289579175762559,1,5.079378623517571,22185.532603619788,57.566726106754544,2,0.6559576109542673,-0.06717316068357992,1
695.3495497952857,0.10173216206783889,1,2.361218309409757,21098.58551373176,38.30921344732158,2,2.554680478860482,0.5169102214088377,0
592.6844673930818,0.10353057962941865,1,0.0389072034845092,42960.43637195711,41.927620545519225,1,1.5738893936942242,-0.0032051373741879274,0
609.4981173460409,0.19944864744829088,3,8.433857450287197,20248.377932431285,28.049749043219506,2,-1.7041342360386236,0.325000333213193,1
610.8414064995975,0.145954443835656,1,5.225802692347009,23586.466851059777,48.59104460621171,0,0.2006409851161003,0.4233736356625306,0
711.0833173188737,0.559188315726766,3,6.687955992695196,46056.1786422446,22.336672351691305,0,0.47145192870367386,0.571296426160802,1
561.2741814564498,0.3724434614570454,2,3.5105949817630187,32255.317122300483,23.93809026026078,1,-0.14290730641223034,0.7233601205391873,1
665.409288802769,0.48581585704698255,1,1.9719717293869212,14609.787598023666,50.49854175191024,3,0.2904269448426898,0.5740677580448157,0
622.5265708733926,0.387357406546687,1,0.3996149908513631,13425.549179967868,42.4313231788227,0,-0.08271663888530939,-0.5817301907573333,0
582.2231857633177,0.12507924841226756,0,0.5087827368834857,28780.25789802655,33.08497156019389,0,-0.4001492169812632,0.5940464665809049,0
552.9181117796415,0.17907494855533945,1,4.3429482531877115,18348.95427602741,50.41732837329604,4,-0.5780394835353573,0.11402383746910782,0
553.7689340387197,0.3570891957489793,1,1.7355040159128043,33172.60327188039,31.632189399458895,0,-1.847282975384335,-0.6353185633811322,0
519.2963185877762,0.389347028728232,3,1.1881623733589166,27368.888739805323,18.972377281697675,2,-0.24096502192593106,-0.5404862652096447,0
721.6933754999415,0.3139631608982409,2,2.9796561559659125,20473.526084269677,48.305573600542985,1,-0.8479541011990465,-0.4902791906245405,0
630.6677469895023,0.1816445254925817,1,5.753518835572388,43213.11180233922,43.3838801252678,0,0.16769595808411678,0.723688323783946,1
662.6921544052994,0.4284245016004629,0,0.0680273091774891,6244.603146306219,55.75183871465848,2,-0.19512845706086024,-0.5483479188700782,0
744.2551491585278,0.46624242747824146,1,0.14784435094154172,2917.1572353916695,43.45074779906003,0,-0.41810818102101477,0.141222981041635,0
552.3906274454757,0.3883800484727498,3,2.8453357505862398,34667.014606721954,18.0,0,0.6991118456986806,0.9854947982587254,1
574.6763459747428,0.17946117734949874,0,21.439742171210995,20740.594127306562,35.87693131942349,1,1.341275275320851,-0.4165204184952467,0
670.3772429355026,0.4608730688704431,2,6.095222008047749,5087.055020310697,18.0,1,0.9028799727180906,0.20471211983391413,0
504.0736358335706,0.2315913265718212,0,14.593403690642798,13538.53140967447,41.964758481190685,2,1.688178836973228,-0.1715345465923679,0
603.7033189602505,0.26338941013564865,2,0.4209587477014464,10400.776068753305,53.21059498077145,0,1.7472766394420014,0.2956876700213382,1
576.0085541519626,0.03717664881473506,1,7.575786505659606,16625.691750413636,43.7373576539437,2,-0.6573449259785156,0.5488486202839911,0
676.3617953735628,0.3109385896285346,0,9.362955625227169,48578.348686082405,35.79395792127934,0,0.38398526086723933,-0.8235281976929507,0
615.9347306908905,0.3183188787443918,2,7.611462358884399,23455.10407358351,43.121612681387,0,1.8559466749906404,-0.061792753032021475,0
810.6519423501567,0.488045054272011,2,7.645896731933675,32885.02701006239,52.393644327574265,0,0.7137657178944599,-0.9765588397840343,1
725.0313097655516,0.33174308258036067,0,1.0896766536107165,43989.51220806425,28.3617155227601,0,0.3014228661189638,0.6878093649636228,0
581.7409212579751,0.23393468893010683,0,6.425084133853738,30518.737817678302,60.063289116485436,0,0.3044259944964391,-0.315060310504915,1
619.0149250034519,0.4155110300990855,2,0.8544621113438656,21897.626865520084,32.98895959766277,1,1.2063270502111976,0.4077300931079224,0
622.1932389667645,0.385532719271972,2,2.9117563667696595,33131.0712769467,47.361373015210134,2,-0.571849227134873,-0.7914973200694397,1
850.0,0.17692140595736353,1,0.7296343270996288,27770.11139215325,45.39617060514322,0,1.204377199746638,-0.4576880868635742,0
529.1840284817487,0.4157119939842329,1,2.1667442173424982,34972.21181716395,48.08286396037798,0,-0.36958412450432326,-0.3226818945883878,1
666.283176032369,0.2964744416757517,0,1.0070965655767425,12450.069357906537,60.17866378153601,1,-0.9784316006535352,0.22608204988932146,0
483.24542917107766,0.148176980375721,0,5.878839513942573,41715.27009406817,33.22346390816227,0,-0.03403884541430893,0.14799680384874758,0
649.4450047035261,0.5825766354630194,1,0.5942245636478833,28014.57497587149,36.14092240879855,2,-0.32731541075304926,0.9822419973227712,0
802.791244952721,0.17526596314163698,3,3.5024944502364437,16074.622115333152,39.05266930129563,1,1.7113047050030654,-0.17080765930661768,0
617.3235654660714,0.0969137938335723,2,0.0028128582604951425,4038.2553442616418,54.320848976625435,2,1.1699594890093372,-0.163183048025056,0
738.364353717764,0.11630660955741413,2,9.464523796187356,49450.4691326688,38.37108390524128,1,1.5243520019075785,-0.8598928017125829,0
644.7107819237438,0.18363488721932342,1,5.116348518833201,36235.42451872826,28.551938723319587,0,-1.4010856872156887,0.4801430691612092,0
616.2001026539652,0.507079348038066,2,0.2553221852003511,38120.91233933333,49.99785201083925,2,-2.2244357253708817,-0.19583636961772677,1
629.8674912842883,0.36720171178346583,3,9.053252107894814,13924.147161549614,43.36109752967647,1,-2.9626779627051936,-0.3095934827510991,0
603.0477883855999,0.43966421987832427,4,2.342119505086793,40897.37383508737,18.0,0,0.7844483632267225,0.8449392277190979,1
599.9153382488141,0.4640706427247328,1,3.3481660066324337,28882.00882175353,18.0,2,-0.23306815077240248,-0.6385948391692235,1
543.5844470140404,0.526501689731806,0,4.9146140522905855,23512.938226784387,26.60511293249855,0,0.9617467234943922,-0.9425049039796536,1
770.5440583159555,0.07954910310184063,1,1.4648317257197978,7404.605839613162,33.40053534692083,1,-0.3011222645509617,0.9238349188747075,0
618.5538883365246,0.25988559152739876,0,6.966031512238961,16593.101246710143,53.152171134514006,4,0.9288903072848004,-0.8147397116363873,0
673.5019448612602,0.18329924220159804,2,3.1979462322129852,18009.850093070872,34.1322066611152,1,2.258118515466097,-0.4872090252533128,0
579.8774518848171,0.005405547308324005,0,3.353633331126203,3421.2832498070575,28.835663541357448,3,-0.5290701900938543,0.8196595139323708,1
739.359244753228,0.25690071540736203,1,1.0165470291172496,48228.41708755956,53.1035851188174,2,1.8092500613188132,0.6425125748585971,0
628.1155377673737,0.11691632632338303,1,2.582278075620011,48272.78028615081,25.956592899011316,1,1.1969652110971563,0.7113358383612327,0
642.7173865713755,0.07170070317848744,0,4.63714045552094,6422.687984370106,39.27090396443509,3,0.322344335427165,0.663162122759765,0
503.68186917632437,0.23745559532466406,2,1.7201420266401595,17625.11869852363,48.937237249118596,1,0.6344797583226353,0.5747407737913197,0
681.6780968911689,0.47372319609340896,1,1.250580004473551,28606.965681765607,46.88305817796272,0,1.0838050529355046,0.4776901838513654,0
794.9204563856197,0.2944576981801188,1,0.7004280853972928,24854.113654623936,33.25056218052029,0,-0.07104468962790884,0.8403575645770291,0
580.473793120007,0.5674859224795245,2,8.704948578847455,28681.24105286264,32.378022942055104,1,0.4005122447655918,-0.6394240178027275,1
613.3416677038014,0.1732534553094975,3,1.369102490274853,43191.63751977084,39.661001323079155,1,-0.924364433105311,0.9221709734227723,0
558.9340833427987,0.15854622528120677,1,3.1818943574992744,40953.191058602446,26.9735621430255,2,-0.6728161871479763,0.9155402061735889,1
660.3329739392301,0.1159481623500975,2,1.2437321844180749,21094.96758412714,51.24789709835471,1,1.0105428106364334,-0.19143778983717952,0
655.1219358325462,0.4082679513438247,0,13.39469757211688,26632.184697463323,37.438747676052614,0,-0.8108329463120256,0.21750871722695364,1
706.4064881195575,0.648736338281612,2,3.374181396561699,10239.462723751862,26.105716482971463,1,0.40807843826768125,0.8424173490172995,0
694.1178837440735,0.12977388825439765,1,10.411276427682822,23346.34262399512,29.65796912736649,2,0.2928701630418334,-0.854126011483382,0
584.9987163051519,0.4120447339126527,3,16.406893193013424,38360.22261104538,32.15986762542461,0,0.9642277878197586,-0.8931181507338313,1
667.9958439251499,0.5781588302883166,2,2.801314830854838,13417.002998493655,54.10834409913918,0,0.4519036807053418,-0.9503261397070721,1
623.7359114622021,0.19410931935519565,2,2.044895719764982,13044.328521622147,53.13701797199643,0,-0.17017973401000347,-0.5776711271394013,0
562.717361809863,0.25374565933639387,1,3.6547302690863392,49842.81462490814,44.53913172247721,2,-0.5840415358652683,0.5346386645889718,0
639.8515301629909,0.19954327502818034,0,7.7348824826492795,12073.716525023568,31.218339279871024,0,-0.45436290885485286,0.8155440856040195,0
850.0,0.312666109113998,0,0.39183383207806777,48164.06821318264,37.3711645379192,0,1.5927586783807544,-0.7405232126912293,0
835.2136507204756,0.15618960358240438,1,3.530280641525021,13181.521208375427,51.58748638041496,2,-1.3378080607903458,0.6116549481989848,0
661.1861278214121,0.2914430221896081,0,8.5810542586557,35936.5007952281,27.077612284925,0,-0.14866092167273437,-0.0012365221160974826,0
789.1085766408605,0.23112663716653262,0,2.0354319667045466,3199.236782869258,53.62230740904795,0,0.671469321032189,0.08098307765556267,0
646.3693308682982,0.19625470986191004,6,4.601506409247364,34012.73436938558,51.94716973268122,0,0.18697945001762617,0.258648550911853,1
645.7489328446815,0.32923249994667275,0,4.046471438508576,21405.257085832036,37.94583786631292,2,-0.5517953444796626,-0.9658941074126184,0
494.03425698961894,0.04269736539104684,1,0.3754596874951916,26170.21673308601,58.8439731693401,0,-0.6500186929946942,0.9928660640363414,1
573.1915547244571,0.20939356529482445,0,4.838763433297083,26020.25854707094,30.884496465650997,2,0.5524601770831088,0.06698083551838252,0
587.3200588810819,0.1935917141175239,2,11.016926983059822,19615.172613799077,60.45851442746057,0,0.5277780171650824,-0.14595499247197163,1
658.6015225332344,0.0685537791524846,0,6.010809734022358,1879.4345480830566,43.28860115388977,0,0.24680067644824638,-0.5839025799276762,0
651.1187627887421,0.025403424953201085,1,1.1771135583075438,40578.250931592156,47.54829550698706,0,-0.42134315919735615,-0.3184544225544672,0
603.6846118886506,0.3317848312202679,2,5.52088391693877,21210.944305490648,34.44576487585932,2,-0.5153684117082755,0.39149423624909563,0
602.8949440372925,0.2709255955548314,2,1.3326343480374028,14956.143509214677,49.00545164338635,1,-1.3083442773398501,0.9619026187488111,1
636.7077491513638,0.18085091985254914,3,0.4093162446572077,44875.945619090046,45.54213040339808,0,0.6929020752278456,-0.23894999266114536,1
539.4870679454174,0.438561429881728,0,3.6754276220749387,26283.364916380746,33.045323391622645,2,-0.23787197872363341,-0.5984855885704423,1
600.9889151705153,0.22589959974277296,0,6.243505317985985,49184.195881553416,42.22777232428457,1,0.7175974981300517,-0.5707569815047548,0
619.4968104153364,0.2634467318390576,0,3.5972671160912526,23344.78908030205,35.740558651301114,1,-0.14651548732322892,0.666770911950755,0
550.08408535417,0.17730289292326587,1,0.9993265675271988,35854.25162448947,18.0,0,0.5582801389849176,0.8100238281738807,0
623.5809685388365,0.2221665817304558,1,1.2181890573194796,5411.57867522181,30.666435552163147,3,-0.01605122518390438,-0.4877542186030208,0
583.2154269172394,0.3299617875084051,2,0.10868787436256419,22210.942298876667,44.369290513352595,0,0.3109372716263703,0.10161821451712272,0
748.8305913607581,0.3774957537130635,1,2.77192898768657,22796.329800134346,45.834711552414994,0,1.4344501658526043,-0.1386008088533912,0
630.4956962288702,0.2811802210734874,0,0.6779466771063922,1452.5940147341898,29.719591779275795,0,1.0022558608698633,0.40722569436364164,1
634.836346539474,0.6635340339959019,5,24.498181336476605,38519.55552060955,32.84458173044634,1,0.4517571806526896,0.9470058575259299,1
684.2422485617094,0.21876427262283063,0,0.8127304284340275,38386.998082493745,29.739010354660145,2,-0.4899734402782824,-0.5866346374548352,0
694.5574653472503,0.3388854291894615,1,6.04969917089095,13459.816182762546,44.24537446723457,2,-0.8522191917882145,-0.6666970353662716,0
511.1006556559879,0.19056178874633609,1,7.767305303004008,48532.69397074988,20.868884215085938,1,1.7754860260737464,-0.24035188558084286,0
619.8572712713972,0.18774040802465614,2,0.08529858675709179,40203.65391979826,20.89342388959006,1,-0.19604738502205657,0.6348732003973729,0
577.2774138998327,0.15984398140030892,0,5.547933426930336,31685.056646192563,33.864372732703714,1,-0.6595979909995785,0.03086305674365164,0
638.3863804645425,0.22731000804718735,2,1.295560493077824,8164.254608971992,49.96367737185298,1,0.889734411558555,0.29238131823120095,0
607.0933983040869,0.4272667689300695,3,0.9011987300957909,20973.44280356155,56.9510760274374,0,0.17317035093348704,0.9109591893264521,1
662.5655570286247,0.19384226480152483,0,9.586832305575307,8233.904819340507,20.758348834049112,0,0.8894202062936932,0.3523619721778708,0
571.5632603550275,0.21160368508997504,1,7.663708097876338,10780.31092855996,50.85123047743951,0,-1.7101832171750302,-0.734301997161565,0
604.578620678385,0.7084675835909606,0,0.04258683333747997,13071.616377310782,38.07609266122534,2,-0.7380661210431798,-0.606378008307715,0
602.7072264862118,0.41413875869637157,0,5.661034946950531,17394.21325318972,49.21043625965878,0,-0.03780728597909585,-0.6821345195618262,0
736.6073096376715,0.09483879705361979,2,1.1053888314173128,26186.114316633604,60.91665420326275,0,0.5401038460992512,0.7031464081794421,0
679.4402927424435,0.15104368138855745,1,4.990372805160847,38911.532901749444,45.83325189765522,0,0.5421960809927413,-0.8092027882394794,0
679.5110966068532,0.24705419327295539,1,9.152521343018362,34610.78745431346,59.9131660172765,1,1.3329505523802476,-0.6443920767035924,0
627.0945375351979,0.13964737247982928,1,3.506848283373361,11779.300184590882,43.818641962574645,1,0.16722996260665293,0.6581335433191002,0
619.2225718325157,0.30448637867129513,0,16.788466504722788,3633.143424538771,49.026526034437225,0,-1.0803888950312015,-0.8856820562651717,0
694.880231079811,0.2497913345915437,1,4.130613641073007,12436.840676864458,50.22803485434142,1,0.8486355161588933,-0.9286023181396588,0
712.1947147035028,0.4162075375061818,5,6.507892305102169,4622.242068848038,39.88820051881509,0,-0.48173078917453094,0.46731119486261075,1
651.2117428503072,0.10740213116332038,2,1.444137499357136,39967.02275270208,72.0409812601039,2,-0.9630009886940392,0.15134495307529972,0
741.3318356380881,0.1266943999063793,4,3.818196858148335,4360.113262433497,35.642839812873504,0,1.3731198640711404,0.31874954625713126,0
751.9324022012147,0.4025149188386043,0,3.829278411363912,37232.60274245335,25.920100995100036,1,-0.6338526673495333,0.538870069984789,0
516.8241568488868,0.24541013096725625,4,1.7440403303973475,36444.82383039757,48.33459807048034,1,1.8247126262673883,-0.08760892447474689,1
684.430310782644,0.5483004513126689,1,6.872096857060193,17226.082259382973,75.0,1,-1.3748168233227287,-0.8459601617394885,1
646.5918457207171,0.4423988769124659,0,0.08291793027081187,32980.862808362814,32.3901266099001,4,0.21232521786959685,0.6420548089047782,0
681.0631051174594,0.27139321152004103,2,8.577291954332804,25829.059740989207,37.55981628367432,0,-0.3555398443041991,0.8320080431477495,0
739.2781222421394,0.34563426317131984,1,1.0272341311527333,49133.68624749086,25.418951237042,0,-0.6760911792570182,0.3290173671438399,0
576.3569469526848,0.6887730213998242,1,3.465832694253907,19661.181582074012,38.808179018689266,4,-0.415910942174636,0.46759829823601495,1
520.3780718061951,0.3957528817554108,2,1.583594064960399,46797.940893223946,46.2396672821573,0,1.3814592656792544,0.294843454107909,1
738.4953178280837,0.4036936215002817,2,14.999830369818861,15177.719576966001,49.88875639166709,0,-1.0087915411303965,0.8242281945662282,0
570.121228405567,0.39453276520923525,0,2.779298773700549,19761.129596996114,51.55739831730354,2,-0.7936722192832043,0.1036024432313698,1
595.1024388863171,0.08482583013964227,1,10.675741805500698,25576.928257500622,28.609017773972298,2,-0.36015599761622247,0.11260464174125606,0
666.369671473572,0.24498617289143443,0,7.596749596123853,33304.53980796682,52.67415168427449,1,-1.180798214675197,0.13535270196950377,0
595.1118543070916,0.16393262578667495,0,5.748937318224524,10979.422121549655,66.21361065068746,2,-1.3076935845755822,-0.650934423149268,1
522.6231497347521,0.3161850693492841,2,10.476128855051519,49057.67575050719,41.73253831532525,0,-0.33269525144487805,-0.34214858246553614,1
652.735181393258,0.3119526761221424,3,13.020203076470484,48281.90989467626,42.35349967634153,2,-0.22627189193444558,0.04073638120136258,1
587.4812272830512,0.6647273158468111,1,0.8413291777035496,32193.577066365327,42.23162748804912,2,1.45520063067609,-0.17425684405736397,1
697.8287902296215,0.03746706406990782,1,5.438398413405487,23035.832748007357,34.9091515389659,3,-1.7922010544853242,-0.6015015108549886,0
609.5138755137076,0.29855537389730913,3,5.085330627937057,27079.197989673194,51.62581166428428,0,-1.641281735481812,-0.95567702550838,1
594.9243089023362,0.2288735971066427,0,3.348656121768631,31900.092050076186,51.5175453944391,3,0.3157567140352778,-0.3177930265037179,0
633.1999568711833,0.16460551760138958,2,3.372566766637221,32812.848996163244,32.125666166386935,1,-0.8048607987886601,-0.46940219929723415,0
734.1722781470936,0.24660272919174892,2,0.5128509474327911,45253.80366245138,35.905889121534095,2,1.4217280393169593,-0.4019148999039004,0
722.6323265310148,0.22626035400865763,2,5.286894340153509,32777.45634546201,40.779783187727894,0,2.2860658369585103,0.955326064667426,0
562.5419054032225,0.25781193989627127,0,2.6897107607432087,49267.831030783396,42.76381106632599,0,0.8817528919960037,0.9663733093639995,1
850.0,0.2786289041444587,0,4.240367153004576,34782.7846331732,42.782643366992964,0,-0.01504605501023782,0.6806032495081562,0
623.9378940331977,0.20711882235321266,4,2.8842355374049378,27401.536981633442,49.009723785506814,2,-2.113600390022955,-0.6437046263941368,1
557.8067416832399,0.28018048645748933,3,3.8477859623432886,8252.118930972672,20.926553515100473,0,-0.44472218146585,-0.8538330849855391,1
721.0585592039023,0.06615533400780213,0,1.967628246232044,34821.95151031828,57.73073764372819,1,0.16346105628528762,-0.5483240406568475,0
621.0662034116518,0.530846356831542,3,0.6758199369995874,24466.718272519087,38.85288894343313,1,1.4562576848813644,-0.8043191199368598,1
822.297560627172,0.29072550122861035,0,0.41026924417066546,1409.8583533516185,52.042374287083774,1,-1.5301809544031029,0.35461018245847664,0
717.7926684385227,0.36104065519859896,1,1.656328001525148,10564.618077851552,46.20235935933229,0,-0.5921665615049443,-0.8055653799967861,0
634.1024122952986,0.16230256528549716,0,6.562506554825898,38203.88572409865,40.9742134989746,0,0.012134935791107736,0.7605749161912361,0
776.0245502185763,0.4005235531053529,0,4.191470397675127,41954.13852971578,48.218800422048375,1,-1.6028754185095946,0.395898686820223,0
717.9292169176356,0.2461394905638122,2,20.110642369778052,42593.526026856656,33.72481680246735,0,-0.36878413609505206,-0.2079197357590814,0
551.6883842452088,0.04844578194053866,4,1.0432832888991932,30016.27361109239,25.068201561243498,4,-0.6017780150288681,-0.29113717856898824,0
721.0715287657923,0.07584951075786926,3,6.102778386965632,42265.05242387383,55.25946995513437,1,-0.7219985561705357,0.8524435370245884,1
608.681004644124,0.21184902817539678,1,7.847825277039563,24728.662290269145,43.51242688940714,1,-0.14684670729532562,0.9106655294225223,0
643.333897180266,0.6977554487209386,1,3.28193809191208,27258.739943905617,42.16822401836152,1,1.6760433590440267,0.4921673030312854,1
660.4843559373969,0.6975282416386303,0,0.18840928066028217,44908.74475055828,45.64350117426214,1,0.4052489759650291,-0.3290902090937389,1
579.6723190186991,0.2810768936164808,2,12.94883174184881,47724.07520003808,50.39954852771677,0,0.015093776983125409,0.5095070440999039,1
543.3326176887439,0.2950557632083951,2,1.4113033436540932,46489.2301709474,47.29010558960675,1,1.3287167732147782,-0.305430731334402,1
679.4227208736237,0.4627899712828831,1,2.223808797172819,32121.84102779983,32.39937702645612,0,-0.10526283783871769,-0.16819606396389952,1
538.941320106411,0.18072056782167806,1,2.4647377086322484,27189.32951462987,47.58504920541705,4,1.2148328367898442,0.19215617116268136,1
443.98378985845875,0.1396176454727769,1,8.656440167608652,4572.5781733400045,32.13044747803275,2,-1.0712360555258118,0.999048548618352,0
583.1115516502856,0.16900364761533884,0,3.5454260788664493,41675.87147547618,58.21361438916483,0,0.35791530275623346,-0.27000301395278803,0
676.4873937190719,0.23457888825159295,4,0.14890175729242636,1541.9225750921653,24.987643280585203,1,1.4996141983454279,-0.5594029037168673,0
628.4095093144028,0.3607291122269494,0,3.2897430718478327,41036.66293025776,56.93854115613249,2,-0.5781131243853272,0.18859175981302867,1
751.3704752496058,0.4712106228622692,3,3.705136762334979,5588.1072534158975,50.82719881637073,1,0.6126035652385551,-0.7949284491802224,1
664.7002796345351,0.17393561132631388,2,10.937928448607916,28425.898280520516,38.00031421657053,1,-0.038354913787589304,0.5603480496368609,0
588.6952278442335,0.07664193308693587,1,1.8803952712594492,41573.98855058986,41.44215291876199,1,-0.1008402522414984,0.4918938634295922,0
614.8333159616404,0.3195825840071343,1,0.47105022442180594,38797.374174734425,38.61385257619993,1,-1.6314307101977152,-0.932137532863551,0
535.0766912584658,0.24007177234654853,2,0.07324385567582292,26090.6450803779,40.25361587301894,0,-0.007861590692006395,-0.10748173488834167,1
736.8637779764745,0.11785490410593134,2,7.939877351158246,14753.07103211846,60.448609314384846,0,-0.5474338017488322,0.18321642468162147,1
539.5119931133634,0.3330510320822565,1,2.2304166817376943,18016.117443357205,39.02453243204894,1,-2.0630542766914486,0.5932550209930603,1
576.3673894304585,0.24729627381335229,1,8.217659699723264,34430.362950849514,18.0,0,-1.1888405442885754,-0.7415383802335118,0
637.1771023657097,0.18399347431543173,0,4.663634542928513,30330.703219486622,54.59844607362944,2,1.956371709155212,-0.07655681117950675,0
650.1882611592657,0.1928256558424155,1,0.6046519955507703,6286.1008220709655,26.95772188080954,2,-0.5460862864431996,-0.9876165803356165,0
529.7879709192168,0.37341116569813526,0,2.652229655366323,35806.370084146925,58.35662558328237,0,-0.13317777847895224,-0.4383245601301504,1
577.5571363824404,0.26458406843715015,2,6.659965293060636,13768.696717106131,30.693994335712517,0,0.35731843372091965,0.48228562249811957,1
671.2032481791455,0.23844072585415155,1,0.948093344288979,41090.6205705368,54.06132677399547,0,0.6692890502931252,0.5513724988475441,0
740.3778687197595,0.4195756381887597,2,1.666243987343834,5368.38594933071,25.334429001688445,1,0.5020669334605965,-0.307128978014128,0
677.920284967214,0.43629903556784755,1,8.768638150127492,6964.590401326716,40.3160269555692,1,-0.19979977035886018,0.02876280934394626,1
647.9352190727317,0.5433820480693606,3,18.149415954738128,11047.739443488335,51.89318775547828,1,0.3822182978089521,-0.1363894537611785,0
525.0073012903895,0.14580723292643752,0,4.234079743697794,32017.031136778984,63.736953543247374,1,0.8830062609952317,0.3475679387568458,0
600.6126122758328,0.21521800643560748,2,2.026545172111058,44923.916385804245,43.041788319489996,0,-0.46511458418132534,-0.4181216982342464,0
691.7195393048844,0.16426672389406446,1,2.659374086362574,10488.111850509606,42.57395498878914,1,0.3795943989117593,-0.8636095139715085,0
736.475733588391,0.3804447935046561,2,1.4542404747560016,16469.927297821618,30.681939338013855,1,0.2779132046550448,0.15105598890595928,0
721.1500726524204,0.3022922356577214,1,1.485735588666097,31532.098492982488,41.5432426206967,1,0.2600874595524494,-0.9614863654152388,0
661.0457315556486,0.5400846798958148,1,7.076113690159101,3732.578999388185,33.320074440022644,1,-1.0553306406724723,0.27030032641313384,1
746.3680373319343,0.33314503941080353,1,0.7860471598170711,46749.024356581926,34.93943092760418,1,-0.9605990715123573,-0.2824488552664919,0
850.0,0.42276323476940275,1,4.879381893808443,30531.360361127357,42.217923178516806,0,-0.22792559851846683,0.9824952931982573,0
602.491046769385,0.2646822986749213,2,2.2951678017898085,45551.61647811519,29.234536591056226,1,0.3878421007897588,0.45975510566940336,1
588.950736372397,0.2217383781649952,1,3.5361751131831913,23683.105032618616,50.893818502257275,0,-0.009740223671660598,-0.9431527130846675,0
771.4786340623778,0.15917252508931654,1,7.981066886067727,20055.03781353562,47.681003631001225,0,1.0258644972333555,-0.8979443103276266,0
668.8371620308336,0.26657204449801125,0,1.0772812685321038,41466.38799064282,46.21518980973855,1,0.6625085898491203,0.7981204318868407,0
658.9846150741816,0.6200726457762382,3,4.510563709232309,34142.384658899944,58.73435871137596,1,1.1946698343723394,-0.33599160883267887,1
681.38994621273,0.13993173580114746,1,0.5622587010278369,20970.746040906066,44.38721040434666,0,0.3462784075424627,-0.2896559163348955,0
597.6410795852032,0.15299414999307923,2,3.0516389838815092,29607.718168099396,47.91909716938834,0,-0.2573992180186303,-0.38374481604396427,1
567.2163772199528,0.2618272010562307,2,0.11598848324563142,8784.760930304783,48.67748236217065,1,-0.13106618637986053,-0.23387101989942982,0
587.8281992361351,0.2176082608051312,1,8.910117660471679,14694.45396363278,39.647146387275974,1,-0.2704256954190498,-0.605983414962298,0
749.6757005464812,0.5428284126176389,2,2.0616547676450114,13990.41800865368,53.4867524312394,3,0.22297127076890297,0.4091140799111006,0
535.0687468252335,0.39290286773098304,0,0.999074477868408,9175.0090703022,31.82697005871323,0,1.115795044093945,-0.46081586977791833,1
689.892371651884,0.1916160879987405,1,11.867737038681172,20266.162207330242,32.97173957275865,2,-0.0891389422125569,0.7391158314911337,0
605.3850031979592,0.7252835914268748,1,4.186985486729623,26184.236645729234,35.89516411190164,2,0.09943844709114145,0.27523100587582405,1
621.7306489027725,0.3741028552310588,2,7.9884118141263105,13276.326597828782,61.566823472673036,0,0.8323765173357033,0.923745820374055,0
709.4360781286666,0.2142995694715148,0,5.760713172203653,30007.270525509153,35.71288578495188,1,0.5792725029358856,-0.5755740085654997,0
717.5191130686317,0.18574935736808115,0,7.312830595862253,36791.59987535672,49.38651743505989,0,-1.105344664054529,0.2160296705273601,0
677.4381230293549,0.162828515820311,2,0.8190569788255425,33000.42319483604,26.827044587994475,0,0.7754619289157463,0.25842258144358654,0
500.1504270107195,0.6041786743586697,1,11.447793177372407,1510.136412506606,33.159615881498894,0,0.22049752519115548,0.31257490287251577,1
775.6771766940633,0.15043132767001255,0,2.625270841808141,48159.46592728125,40.828456065345875,0,0.2943302536968603,-0.7858690955346062,0
754.8157213759648,0.2294919116351993,1,3.475330155366854,29148.99337742297,39.59734817739998,0,-1.954772239384999,0.3145192859709314,0
657.3149466552918,0.08774767122973867,2,1.847196754286577,44963.688481019126,26.508954886481607,1,0.27534993853874046,-0.289576593910549,1
650.8206253567529,0.20466515216419665,1,10.66595848593975,24841.04766659229,25.058919459510317,0,0.7426969392905338,-0.8200996485499239,0
794.1159366896125,0.2390550109961726,2,2.64845365356764,26842.259125602788,43.56054481368888,3,-0.06711472300747372,-0.9296103083017335,1
725.7779417034982,0.26329787348342115,1,2.742461755379859,47308.812042086785,38.324600162850196,2,-1.1290088109886354,0.7666119350489016,0
647.6564477140064,0.33977747333301606,1,13.560860906582121,43946.37056490085,34.877547533588576,1,-0.5483554672380466,0.2288880873717425,1
626.6129059319085,0.22759120326678448,2,3.6503518336457548,2497.362066985569,43.70608916338888,0,1.0452576796504498,0.812326170653352,0
634.5170311191179,0.2441918842629111,0,3.3616934657718165,16274.357758408081,34.22852376431577,0,0.35172423714201273,-0.8220374819858423,0
744.1785643517733,0.04451741553655012,1,1.377385304601265,49107.56187873484,39.297902033675825,0,1.6304200167596141,-0.6633701220897763,0
733.199342776535,0.22160470854107986,0,0.5218988344956641,15594.48783025434,60.046153270527185,1,0.5836343861766398,0.09943174589924486,0
520.9261590800958,0.1350028576299409,1,0.14522349310575444,9582.10547710453,47.328755704811186,1,-1.2410539853164357,-0.7240837350502334,0
687.1713919092851,0.08653751501625788,3,16.579844116093355,38526.37605963065,29.82657559797502,0,0.15882510714666132,-0.3898621286275781,0
719.1297065102086,0.3500312585129559,2,1.2878827277997316,8080.074143371405,63.01016124947478,0,-1.5467323584269883,0.7929580452326119,1
529.4829467222626,0.1833901348724474,1,3.3041286119836077,40248.09336283568,18.0,0,-1.2113216699424303,-0.5640069212195371,0
649.7628198849342,0.084789331089517,3,0.9147452292938971,16228.854556540284,42.20637996191934,1,-0.8896160323835814,-0.9729290515673978,1
507.8365114898785,0.28828023404785486,0,2.8240230903995522,27761.220486991882,36.60266901759122,1,-1.1569556140795267,0.3349521587544233,0
660.359426875311,0.47383705262178266,2,0.9819444668064652,25255.235777532816,53.9993355384825,0,-0.4079349251267724,0.31280219043422464,0
483.3412398469642,0.40695443489167943,3,2.009132021481483,26999.752141295194,56.18334575452653,1,0.7053088207316158,-0.1880814809553224,1
595.4603581033666,0.08855666481174908,1,2.62320866391512,44329.77586948762,50.30212837501136,1,-0.252057899022398,0.9728422149422933,0
601.1147268403893,0.4250374832999506,1,8.880103364721817,31352.658486935008,36.043065903847655,2,-0.7948476534969933,0.5908993004466749,1
593.2920143885915,0.17110502439184938,2,4.753792607421227,28649.82216186456,38.93382101483499,1,-0.4825681740277158,-0.5053498483227528,0
766.1222413579653,0.24665504217345988,2,1.7842918498451,17658.61840388537,31.350330128308947,0,0.7797483982361538,0.8345441710256181,0
692.8408455791283,0.08181936102707266,2,2.4187168275082045,47574.31763318362,18.0,0,-2.4631103209260963,-0.5594396276400448,0
618.034491174128,0.4719666819325842,0,11.822790724382081,43383.81141140267,43.414016411998816,3,-1.616433817591155,0.41959657126682415,0
575.3537727284719,0.2127613584105408,1,12.069180011684733,47593.76476198778,58.16326748085854,0,0.9853751823557448,0.27041494313654724,0
630.8978946523814,0.2326826660764976,2,6.442411794761141,40803.64792715586,21.237993596492377,1,1.3453581807059796,-0.11969538345552477,1
567.6709625360547,0.21281003364978912,0,7.9368891473378556,3400.222206573144,32.20788597673122,0,0.7741105555387264,0.772433011014068,0
727.8464003319732,0.404820269935466,3,9.089348075007777,38679.62825959997,38.82692920964589,2,-0.5574047426260096,0.13329858778019932,0
809.7412801238229,0.3065673190358119,6,2.634674148401603,14439.330228622783,27.864605291209553,1,-1.46255733935515,-0.06354614847519602,1
734.2559918465689,0.3493353657246645,1,11.403592699731584,28333.68177738826,32.22710817762612,0,0.6209687430877847,-0.5800729993678033,0
676.535227643612,0.11499721122592932,2,3.434981789877791,9334.670858481119,40.5560774577642,0,1.9792773008694098,0.6301313840311951,0
636.7496973365484,0.18885990474833778,1,1.0019265345685944,6021.58852413737,34.941864440364,1,0.5684244917666458,0.15380362046198104,0
617.5914968430831,0.15774244208477559,3,0.174569854481077,45063.80565648532,24.34924572669412,0,-0.47823942110398504,0.23134860809603186,0
789.6227658150076,0.24657336017431875,2,1.0670483823769368,45471.642400935314,29.460486332819194,1,-0.4959388669366719,0.6152046397932751,0
603.9251513982772,0.2633406529747145,4,5.1560629435872185,43022.38049807106,27.626586752737914,1,-1.8108011320215054,-0.5646832044963959,1
774.88788455166,0.10854383385213048,0,3.666726448559377,41269.144467877224,46.84149438552808,4,0.4485452079170659,0.03948649360893364,0
559.4768606383881,0.31429785546965766,0,5.266479860466315,13833.284458138492,44.64473528087206,0,-0.6100013455695036,-0.6677525988097828,1
626.3014676481434,0.13058859668513445,1,5.905334248346751,14836.131008265134,37.99808583974851,1,-0.15248603521528026,0.06953311544471297,1
512.8754725823371,0.27272784489378865,1,21.593117402389282,6299.820004055711,48.4200659453341,0,0.4588242427816691,0.5014294894232769,0
662.7387360982624,0.21637756725443763,1,5.076366718534557,49099.36226534901,42.24299500579491,4,-2.3177567484715578,-0.6167563048160618,0
548.9017902499035,0.23206356622656535,3,9.410952238165933,14259.125913537422,39.94815685649884,2,1.1673213102944333,0.4871821352251746,1
783.2039525432353,0.5237536625817811,1,14.943704642661233,4067.0633953262377,28.970473450317176,0,0.2147361783753712,-0.703570827601826,0
682.9817817328856,0.24216826572453704,0,10.79521422152786,21726.260571714614,47.88130179052674,0,0.5207263592377755,-0.9251356402872104,0
692.9917397501455,0.42400925663374467,4,2.3728970158890874,19340.601310256792,28.81734996679422,0,-0.6118957561076583,0.07928163165540347,1
672.6142759331816,0.04945438990411583,2,2.566414148903582,3497.085854089389,60.51217345396417,2,0.02188317506130519,0.37520942653337697,0
562.596734848709,0.3821698812213717,0,1.8793969519905818,16134.060015613597,50.83524154722242,1,-1.106798675915861,-0.10127999568646429,0
659.9294630187062,0.39688997989310354,1,0.383019760315281,48955.05382417072,34.48476555124374,1,0.3818635249167701,-0.6844547745174205,0
796.9664550294195,0.11490132396726462,2,4.535059073785693,27370.38440614695,26.053741470669912,0,-1.0871883698467955,0.4589984411252992,0
650.6843940805048,0.16391310695741307,0,0.16378632528248785,43208.65986021821,43.232521306227056,1,0.4280354026007518,-0.02825501031850952,0
568.638703870015,0.2529875549934772,2,2.8811042433488323,33921.40411120242,18.0,1,0.42922460276901503,-0.9056295788985051,0
501.8125874643971,0.45607413796424917,1,0.8375036568522982,25427.93568792459,37.713198050763076,0,0.6727821897702395,-0.1645178236738385,0
592.9338407686339,0.2689725953873976,2,3.637637126186376,4399.5706283652635,20.347319559482564,0,-0.2017675069782569,-0.9485635941773978,0
509.02168819672977,0.5160133324961167,5,4.208791797737143,2270.6735477926263,53.68200382182644,2,-0.1151464387950633,-0.9793625089921731,1
716.4413895234078,0.16574398772448393,0,7.0309034801419745,35038.127035837206,22.80426101929821,3,-0.6602903043396506,0.5155539170989509,0
712.4933812945796,0.15252591113118208,0,0.4665546307030237,32503.631056410602,34.24355867540028,0,-1.5269282255554917,0.9663784214845379,0
579.945453822356,0.45381707307717767,1,0.06722201439795418,49008.63246890078,20.827028789525073,1,-0.447726716126154,-0.5545882422844983,1
699.118504677554,0.5366575897402304,1,8.634666739557321,4079.749056506289,38.3350514227099,1,0.06169412506267249,0.6475144839550853,0
603.8836277634414,0.10283617052631758,0,5.088247489801439,17635.414063383512,38.32963926958065,1,-1.355824250023296,-0.43939013475866107,0
646.3508573780113,0.06460821986788241,2,1.1317805481209275,17169.419592409206,45.76465605983999,4,-0.5392525739964121,0.9894373908531,0
679.7564441251983,0.5622769171253175,1,7.246465250149877,10449.099224415526,44.628004546326544,0,-0.008791304402199433,-0.7653360986680042,0
614.4831992768407,0.05626339148070531,2,3.4319489865871007,4348.937032207359,62.54263783633426,2,0.6778628148498761,-0.20430879351646292,0
683.4562678922493,0.17812878359507678,2,4.982512295331489,35371.28066608488,32.35295434271178,1,-0.3140207670843464,-0.7069035774077195,0
515.1417559625959,0.36177195627946795,3,11.155180391502341,16170.861818065638,52.90428091992664,1,-0.6555368987515322,0.6222632620772066,1
659.3979990390376,0.645109684887807,0,1.4809210542993632,46425.26574500183,49.47315971904795,1,-1.0547174783676945,-0.8695526800544164,1
647.2038382089812,0.3380946587219734,0,0.44578375611440024,39194.582193912254,61.78834180940474,2,-1.3791931879385824,-0.27070660262832535,0
486.28854910015116,0.33170395887540804,0,0.9980654294060312,7775.153641778649,34.45949649055592,2,-1.0096757995907482,-0.2779885124469099,1
505.224784581481,0.29021746732932674,2,4.245919517662724,32626.253797980455,38.525215742805,1,-6.635740000588593e-05,-0.9489047488362197,1
501.2381115498458,0.5019299227196587,1,0.87055745437064,47871.18534414436,44.78869518815555,1,0.16902609293611023,-0.016518128089641815,1
683.144546713916,0.3855901770378933,2,2.249069698286959,12109.685372682285,18.0,0,1.0141509602706655,0.7221890362702905,0
659.9167701497329,0.1909906400185049,1,3.773643636707172,33216.61623334125,43.39794540748366,1,-1.1966166126170288,-0.47060635083361513,0
671.9166061739232,0.257246841795822,0,1.8476536137678665,8431.352224490678,23.614981809970864,1,-0.7640851378133913,-0.7360288426790869,0
543.8897205993471,0.07038817960558201,0,7.923808559731573,7905.392895610188,36.9923984492175,0,-0.09287097480246083,-0.9462268046777549,0
741.1179048533012,0.24759969034260568,1,5.277839849056077,40420.58207228644,51.84709953205075,2,-0.5457588876524488,0.8740395422817493,0
728.6272975853911,0.16661271400655744,1,3.2783588762735576,22355.187479409833,52.714639838209806,1,-1.0410551756956192,-0.5583474877774492,0
588.6429571981338,0.1988963806380816,1,4.49579037285962,23624.13773155156,49.94781402643244,0,0.3406508322734324,0.9537947762059675,0
744.0848221163037,0.5947572109132694,1,6.902795617316626,2827.235496974063,41.887458051281335,2,-2.4970400853986336,0.40140571494356236,1
629.9262082575071,0.28146459668387475,1,6.3385764596002625,19482.19142500598,18.0,1,1.5377173688101764,-0.5946390006850788,0
507.9035980791975,0.10674962768730877,0,0.1931898911890635,34693.917976898665,36.3808084304082,2,0.8846852113646726,0.22852463732221184,1
519.3844187079286,0.5474143604703331,1,10.472609814064253,4044.0238286046,58.81300613216871,0,1.150178882233691,0.21783262881953336,1
708.6978790284005,0.40527293420140964,1,1.9792388226893798,29790.65832514419,59.76181659278867,0,-1.6178849861391116,0.3140274640054317,0
641.6760951464817,0.13604194715896162,1,12.805653106987563,48375.061857438435,45.51772157653858,0,0.05089051971036257,0.6702923312810294,0
720.4979957163146,0.357158537875091,3,2.59596328083683,37350.68441906927,37.599754201879264,1,-0.8841104300971705,-0.6209077642515832,1
642.9301500214069,0.3710863296875472,2,9.464861562292535,5274.442929232919,48.260221212015324,2,-1.8451089973587338,0.8262193907441442,0
671.4136714688623,0.7145332650674003,1,4.49679226339916,38224.59644679227,46.24420633293451,0,0.06233227569286049,0.350915441827526,1
819.8821138384139,0.5130750512157469,3,0.8284772243088061,38013.51897355412,45.84543557624683,1,-0.35913763349811645,0.9042426122772622,0
761.7479270105121,0.018721033047001227,2,7.29087054831711,22236.149973989002,47.93284583445843,0,-1.7891979614056444,0.8651947412324481,0
615.3738185111672,0.4238979401422074,0,5.161864900167828,11229.85846527341,40.04511304903292,1,-0.6444205231077174,0.12513346915127022,0
679.9974979762501,0.30465793462758434,1,3.9501936812190293,14682.641418748648,33.02378046235555,2,0.09981848709152269,-0.739624401087007,0
689.5556354449432,0.09602122831989182,2,8.918445667306818,36947.56837557388,53.18629205095387,1,-0.24140037447414744,-0.5124698185948571,0
710.9112933996886,0.11596812167989116,5,11.706524467673836,19335.720451598405,57.179251316362155,4,-0.21122775921437273,0.023394568146614114,0
655.6807044150423,0.3736273342500345,3,9.13679303499828,26597.21725083079,37.876812868975016,2,0.04030513545517833,0.26681502261208156,1
610.5174519603971,0.026735247685062205,1,0.5934751466849594,44353.40360298272,39.38579085071533,0,0.20177265886976203,0.13490958887041438,0
649.7101746210799,0.16398965675374752,1,13.664192194309495,19435.78510622562,61.61979053863589,0,1.3760117758201709,-0.29050767722057347,0
611.57703124173,0.38211431102552723,1,10.837930502329993,31740.426398361164,26.315723438746616,1,0.13920866844118987,-0.8953007790188805,0
784.6693824991835,0.29612276491611766,0,2.4198514758975773,25746.25014999438,51.813392008061136,1,0.007139085541112174,-0.09585495200435568,0
749.2580991068257,0.47319591976037356,0,0.4650856445850483,6409.084505325499,38.09861669310667,0,-0.5770500136585347,-0.5406195709539938,0
633.7107984896489,0.25804285771442403,2,0.17354210130565983,5115.697721875259,44.062524186079884,1,-1.1791294627987332,0.6863676488736008,0
684.2633808555049,0.5985830862796382,0,2.013286524153428,10872.112339067853,60.239873862852164,0,-0.29208532438156687,0.0252408358995706,0
636.7632588611449,0.12224819876895399,5,5.250866665277112,7451.720230092167,49.00719086868062,4,0.1365591501072964,0.5771946020345124,0
745.459290877457,0.23106938670611715,1,11.003707417914523,19090.294964176497,56.83539275877663,0,1.3670361930309043,-0.6145031704991628,0
733.9104413134394,0.056923442458531155,0,4.054262233727365,11159.668094037163,54.90763415795776,1,-1.6449450160041086,0.8201283369144101,0
695.488866616871,0.12223592090991342,1,4.573128408646096,36767.046934685924,18.0,1,0.9333696295925693,-0.683973725729371,0
719.701141569162,0.08754636335936454,2,14.254877982210898,11243.730766303539,49.23977593999955,1,-1.3242665042279382,-0.4138337054003356,0
702.8456646433262,0.28928398862367505,0,1.4318917457191933,44898.60608702113,18.0,0,0.8715149675939077,0.3344079246947347,0
743.9249483046639,0.29338128888464615,0,2.8104060240667597,25956.746699189556,55.103216128240604,0,0.5679312739084905,-0.20989991994472845,0
692.4905098663359,0.1677754423414895,2,4.764839450027254,16557.32230236545,36.29886868919392,2,1.7475744487742597,-0.34530268901645345,0
662.1520423291619,0.2582609460022379,0,3.777882309203111,24305.216465254598,40.38688219299769,3,-0.12091901978106877,-0.5666775457507562,0
603.8219501120609,0.25938831467781315,1,1.4733767039815597,14384.31629883517,21.427505840395288,1,0.7056487836844866,0.43594115477543727,1
524.2599410005455,0.08868623214423726,1,4.484594613119695,21505.54756032473,40.002230072228734,1,0.06970953608448054,-0.05268531402454091,1
647.772129559463,0.16284152572550403,1,0.5424546845813992,13221.956242115466,30.493335313697518,0,-0.7977248732924073,-0.9942900311623839,0
590.7155573276697,0.13431180324549521,3,0.48141666724990906,45358.021134348994,42.911315650210376,1,-0.5546419898324457,-0.5740920119802584,0
654.8007253565698,0.183415655956665,3,2.121804835698523,1195.342982248992,46.432087513466016,1,-0.2640415256796356,-0.9467608142916586,0
741.2390739349672,0.4290121896704046,0,2.7208736346113738,24841.193213317765,52.42890259984293,1,-1.8015224512265022,0.5640615240209332,0
663.8259740352282,0.41065032655667966,2,8.198552108276262,28536.65439944783,36.2174278263086,1,-0.3377870154788481,-0.3659433055818171,0
616.7998663112301,0.3749718512897294,1,4.153619611247855,27454.98950361382,35.42599785501006,0,-0.5494578626391998,-0.661777183718526,0
581.7497100110687,0.5781008510926218,3,0.5942307432694988,2492.9864075191263,30.931300462653173,1,-1.1935498941325298,-0.8879533911609345,1
535.5891834060855,0.06641023436157677,1,2.1311327532208533,30570.204818715527,38.761348871994954,0,0.9827337734229198,-0.42184264818857464,0
756.624426828599,0.6893960955401847,0,2.7844075236782477,17914.13496150024,31.417871730979336,1,1.4648702835024334,-0.17464354744496569,0
507.8647184856601,0.322797703638563,2,2.625463679762075,28101.966240745773,37.85904785780481,2,1.7615086063977878,0.3187949725790076,1
575.2173579015151,0.25099822316454984,3,0.8458418831170355,10041.076020473689,47.75518126205569,2,0.8094080116465316,0.6529344222504603,0
464.9438453042346,0.43743089178008615,2,1.746436754907166,14941.562415025339,47.06652263892122,2,-1.4119162947570914,-0.9388370542024824,1
624.7086739400227,0.49124823244290283,0,9.824064483915162,12785.92184041757,25.698115920694086,3,-0.6849240266735407,0.16041582669536503,0
622.6172352191535,0.43828450136096964,0,9.654757498587971,42927.88451573465,32.277229064233524,0,1.931691728774791,-0.05696988971692596,0
617.6564463496405,0.3294226989267991,3,0.5730509667463881,19014.158875023048,47.91526728373862,1,1.3001556761607356,-0.8824515849894952,1
644.9496080018878,0.33254369485603164,1,11.182740080447253,8646.054843102582,64.29011168112683,0,0.05916819572531028,0.9101780872969971,0
584.2987940465792,0.4169299778430139,2,19.16738374704376,16453.1517359539,41.532403343254444,1,1.8369086665612864,0.5593219659829665,0
576.9075487609012,0.5256643975135706,5,1.1351198963586455,32434.733524015806,30.624941358826458,0,0.9916999413908757,-0.1297070362243009,1
795.4261130608861,0.37530885244930234,1,0.38156117930754074,28787.54350878188,40.127745969085204,1,0.41219512172378187,-0.8150434474112116,0
623.2749641309304,0.41669934772165756,2,4.561597439962511,1620.0775476487797,39.11698775011735,1,1.2841681614573937,0.27042313908197557,1
722.6126899957412,0.6250110674807619,0,18.62847041351007,35606.185624003534,44.37534626319987,0,0.6314338281721177,-0.34884205478851626,1
583.0583165877609,0.1440921792892178,0,0.0384793412103475,23106.381382637017,32.099980450217814,1,-0.47948167790738483,-0.8522447777930791,0
779.018287580167,0.7186259100821248,2,6.576871476663973,47751.37663427532,75.0,0,-0.19256363496437767,0.03304328047016325,0
771.1345704806238,0.08945723889655532,1,5.794136122570508,46493.69668533073,69.01677474908976,2,-0.16297369661526964,0.5180864100097766,0
668.4814945773821,0.17379080996509022,0,7.122885856119238,25850.771672533472,50.290671605860226,1,0.040784715698871064,-0.9258085760060717,0
562.0374725624413,0.13867129387683022,3,4.337916381163915,14135.572861136288,59.48406063347502,0,1.256267846387113,0.6665836431543548,0
656.9601108582128,0.22978467772824954,2,2.8907081704561195,28916.631027533153,60.5406572627607,0,-1.3405669280753234,0.7524384635694816,1
653.7843600032845,0.39444730174645826,0,12.287982981119082,27700.474539842642,40.62125790917286,1,0.15313812739644755,-0.565631984027626,0
669.1699131271597,0.277154309506031,2,1.4832269955743502,15941.31954208036,34.33255782813695,0,1.466555932565577,-0.5549153755149601,0
571.7423507040263,0.2639330152013175,3,7.013381010618983,43896.77546363709,28.625989496944776,1,-0.9225716363369619,0.14158460886235735,1
528.1599891056565,0.31913772246669875,0,4.4197026302890645,39632.83013994322,18.0,0,-1.093725710888956,0.22687468058429805,0
662.9890429905628,0.15804600498744098,1,3.4272630002021662,7614.030697400813,55.76678768207323,0,1.3551072018944383,0.4326523592205038,0
649.1766946933026,0.15593563463186563,2,0.2943324342311391,48425.92473344273,53.124217425385154,2,0.4479076823989421,0.26091309441550603,0
650.1660017535493,0.29447854167689946,4,20.457664664592134,13041.723306029446,50.66239830530316,2,-0.9001233458199358,0.35871303465442383,0
732.1440463080773,0.07978371836246108,3,2.901608053217384,43375.67593248605,47.772167906256165,0,-1.7013348190836903,0.16763210020286712,0
531.9871613574908,0.3753479228712551,4,13.234148567898421,3071.7692338068996,30.008622400623487,0,-0.21178989230564674,0.5318822583411196,1
730.8554972790243,0.4855700621693621,0,0.09203589927565828,40292.04043771011,38.75324194971057,0,0.09763096075971488,0.029025662126085594,0
590.5417967986145,0.2868244174442652,2,1.5620808692328731,1090.636152046838,44.9910251414318,0,-0.779904059683366,0.781864247156079,0
618.3822347319953,0.6108199078824201,0,2.2041888435207673,17290.803426991813,32.370236478542914,0,-1.350108029788167,-0.9331827430633985,1
583.9376509398984,0.15237552505248705,2,0.32594702830409583,47151.22259875555,18.0,0,0.6055211789452586,-0.20684478128392558,0
657.1695886271401,0.5665373597467434,1,2.9982582252365693,40674.98591458941,54.42815684068205,1,-1.3135959671187494,-0.2570928524921243,1
497.5345700160058,0.2152212238458009,4,3.5001509047520125,11996.608124068884,31.282423931995254,0,-0.09416893015723629,0.15055810793091506,1
604.5531423770245,0.07417546708760345,3,15.966285265640277,38873.50958966414,30.084731729049693,1,1.0599269057077054,0.7889837358463152,0
608.7394763771717,0.22206468121827472,1,0.9095065034170142,31921.496674788847,46.129136005194106,0,-0.6056781510677439,-0.0024121010707114365,0
751.1144161890555,0.06680634386099538,4,13.308590863099909,12512.564315601183,47.807746826786996,1,-1.1522648810886003,-0.48236586861688724,0
662.0558515029775,0.3356967100596271,0,11.806238452083168,6007.330452171691,27.279165346114507,0,0.18174689686497664,0.7440323995761455,0
705.6414649197043,0.48878039663005585,1,4.422579636182776,30524.838884773744,37.94920628455081,2,-0.8005882390298514,-0.6471484341759601,0
650.4751051509202,0.643167427986799,2,0.7294987532283046,10191.240021772815,49.84127563623704,2,0.6727907944182072,-0.7045458368260895,1
566.0879702829828,0.09619847499515298,0,1.7973861331296574,18427.417339852043,27.285108508788095,0,-1.6644300812538855,-0.7619410650516669,1
722.5763894546599,0.0628391131381822,2,1.312028348322018,16011.351590067563,60.576616192940946,0,-0.7915441849452612,0.5720985531315934,0
582.3646926345946,0.2197763418331323,3,7.854477710707249,31873.62978912922,41.33411119202479,0,0.06985783868200013,-0.31461478416221667,0
607.9005327381793,0.36060245461092766,3,11.597348635074198,10445.288280549676,33.3595150538954,0,1.3161012196747144,-0.061505390780168145,0
664.5679823047653,0.20246353828501548,2,11.6750881232983,47960.9632622654,61.5672786976102,2,-1.3314135990875797,0.04454912838719838,0
725.6431031557685,0.3520190138014553,2,5.340332835659093,46381.18929194273,37.9775530160854,0,0.6394305049777135,-0.26585831155389883,0
633.8892365373805,0.49126834149538406,1,9.358876040606566,34543.977332039845,44.223003679667684,1,-1.1107103433973002,0.9979379694318105,0
770.841978558662,0.40752829934808843,0,5.792148889233665,44420.78436463218,41.355111671267785,1,-0.4752006528915491,0.11026822767085909,0
604.281726795832,0.12027943250253942,0,3.3464327093592203,38424.05403727518,28.935247482591123,4,-0.3413930097797289,-0.2908739212907021,0
703.2471429563706,0.3220231000610075,1,3.628800986002921,20252.59988389654,35.67182052755675,0,0.14592526735803962,0.5433744573349579,0
650.2893040760563,0.2113757663162926,1,5.284721505304612,6476.6291496033555,29.178253789609855,1,-0.608199448103358,0.9604616598215532,0
773.7337470569936,0.3199020778518863,3,0.7759158466128766,31687.261052013877,47.94244609851715,1,1.7655628758590318,-0.09328046314680072,0
667.1524810608786,0.43000481714106886,1,2.373326158101253,1276.1567333889686,48.16093012420499,1,-1.2407552891322042,-0.2945096482555678,0
499.8149745555122,0.24747123120364986,3,0.6631762126059587,43199.58113350823,22.434368291313852,3,0.407303459720202,-0.20523484666007707,1
737.0668167847606,0.3940158141147863,3,8.662145716705826,41776.3570886412,30.770773033342316,1,-1.0914189748101208,-0.7249943493572482,1
643.4761189327578,0.19392243969232933,2,2.632840956818435,30260.156838440154,47.213182743922935,1,0.8479438446072749,0.5836136283175131,0
605.7550471145294,0.41809179746515357,1,2.855848490727836,15548.309350657928,50.15951546721713,0,-1.4834518675247883,-0.12708572553523467,1
747.8371809536671,0.5825568270019432,6,1.5147861004893608,49625.53223985422,50.70219124626939,1,1.4890516153618378,0.39416828982875307,1
623.4953091176399,0.08854398304620928,0,0.42251884390521627,23580.78725288996,33.622370419862456,5,-0.7892361146958053,0.1547853193176032,0
697.9989394529873,0.13893066641610027,0,7.137796844272991,26375.187951909276,41.65024415504925,0,0.0012522835840549445,-0.7776223610456177,0
588.5293344561858,0.33675988322683853,0,2.0171633985415154,34928.73470191608,48.49839189258556,0,-0.44384886888507846,-0.32026591929514936,0
583.109589853761,0.5148845243234197,3,0.662938336290536,25784.164846708612,57.11727136164332,0,1.039880174056106,-0.27803379230240854,1
794.8465408466889,0.2796988492977736,1,11.82722352037178,21990.587763787113,36.34692746986803,1,0.2789977750047019,0.058691393450644336,0
587.0373810189851,0.5374832497555679,2,4.910554144486672,26224.373817021537,49.425560384367145,1,0.23518318694185122,-0.754048542076579,1
603.2183250866026,0.2521433466625502,1,2.5437381145806004,14990.764736235904,43.5631195306043,2,-0.6571679323646828,0.9363038877468113,1
513.3343366505853,0.14051655415635284,1,1.8485659729528525,40013.32289732981,50.16529827626664,1,0.895792200678213,-0.38765283201103173,0
780.3985795206258,0.041185762265309754,2,1.5946444540676075,39983.174824244794,18.0,0,-0.9587863254369231,-0.6250228021646753,0
681.8398658636079,0.21124822439518692,1,3.1550681825978715,31222.182252552062,18.0,1,-0.0023010711966671487,-0.5950473424112512,0
669.0223706762077,0.44741260887097106,1,0.012359744334024538,36194.37814083848,28.77859287539717,4,0.09076751457383722,-0.9978713383288595,0
728.0110728462903,0.0755509139832951,3,5.125869376543947,42923.962580985135,59.44537985401572,0,0.4839253405530729,0.9040572069113284,0
543.6530744532586,0.5955487335871565,1,2.5985029602206042,47473.050806548665,37.64637795603079,1,0.5856593902201661,0.3718974220300564,1
606.7162574464263,0.027153533172434286,0,6.926434005711145,31555.462663533468,30.606339744815156,2,-1.691478358893091,-0.8342764878771907,0
642.6849815000392,0.07964332790512457,1,4.314442362664829,27471.638199542034,45.26839105377837,3,-0.876178358488166,0.6738811233248885,0
526.1223159417232,0.21741576538325802,2,8.803892712738623,17245.847545822995,74.20816821553946,4,0.425953774916431,0.3751279926716702,0
754.9141701079961,0.3551984247876052,1,16.154246311531036,48352.578068188515,43.67755859783578,0,-0.03613591544404071,0.37607077551182866,0
648.5256759845306,0.11389477528108664,0,3.2557798295956286,43736.44435125301,45.53001587822454,0,-0.243847471407259,-0.6547790542947902,0
624.13690909956,0.09979172503725028,1,20.848656425681593,46585.72890794732,18.0,1,1.4143984096777547,-0.6667205996109116,0
668.8980391654627,0.36413356626378424,3,11.187807848407374,8519.825354848617,35.545528778814955,2,-0.5152066934797769,0.9948193059599977,0
589.7934172530561,0.07667276532408754,1,12.55434926953501,39712.54135708536,49.77241412374373,0,-1.8528039030669987,-0.9683565013004054,1
653.6090403050373,0.11013934466458676,3,4.429545285453363,22364.30134119044,42.71572294645929,0,1.248227481883829,-0.04149135290168271,0
850.0,0.116153741647127,1,2.3722289696664562,27029.895154203703,45.25072751138915,2,-1.5049872243561673,0.15205814816935148,0
698.3745624196641,0.3982181107295717,0,9.355709063401614,2210.3627220941007,32.950845480308146,2,-0.46668166911375014,-0.4323754650944547,0
783.464884770746,0.18718601756701847,1,2.2605936959403516,41510.95954696073,48.126185168886074,1,-1.6764668568724825,-0.9124126086319377,0
621.5933502035264,0.46370430376045474,1,8.069568492332852,34866.83311331825,41.81530676372287,1,-0.6533606792707543,-0.2375462001945683,1
589.874480789525,0.6391012809865753,1,2.158416908859645,44066.3744485261,33.0103554955142,2,-0.16471929306806724,-0.3613335299865372,1
674.7762871497328,0.11316345270634358,1,5.883157314519848,49017.206357003466,43.73073355076127,2,-0.24592147336290343,-0.1743688674514816,0
542.6636045260772,0.07898686026176867,1,6.273740706792598,28008.88911024381,47.0175733154764,2,-0.5371124795723591,-0.7049606616866675,0
465.44337876433644,0.2674959283779402,2,0.12782556115211569,46900.4240999188,34.893455393986144,2,0.7789111980487915,0.31486469664429495,0
708.527400401771,0.10073245212902013,1,3.00053521451066,38031.18198190106,33.559777660022284,2,-0.16066426276927792,0.673144617482555,0
701.3070515977784,0.12434881099789223,5,1.0179846052638977,42231.08883313554,42.80365649588541,0,0.293077461204639,0.48866848085763404,0
716.7080977402458,0.3523231795337603,4,10.720367196171246,4300.445777167764,35.82137392269464,1,-1.299552452963012,-0.3794756610901089,0
652.2535898551997,0.18972530921204583,5,14.862267900818807,10194.910958548318,42.116221379300136,3,0.42396353526241476,-0.15157826172145117,1
808.269815990373,0.34418029901729413,0,3.296941828727581,18047.52219171574,50.58206480754327,1,-0.018796326900993733,0.7113516686835453,0
643.0137450353908,0.40015106253184607,2,1.3080460957703552,45726.80755007604,39.611274538880544,1,-0.8886093748394587,0.22200137869007786,0
605.6828207367538,0.04443120069827425,0,0.4226664983476365,25184.020031067525,55.12212455129169,0,0.893408685642167,0.6508364834780163,0
409.4801027994139,0.554179712355389,5,6.3241910793011,45200.87367787089,56.88525078044689,1,0.2653745786692204,0.09658094395291061,1
646.2267305877407,0.5881490475310893,3,5.639037446149015,29276.53433577115,49.70653251000711,0,1.106794859643078,0.6107415390774693,0
716.5502228047743,0.22232621646696768,2,8.423708850801198,10188.607144185939,69.77981450958879,2,0.9843049857384065,0.2996669288568783,0
650.5488958831598,0.5777166631339963,1,0.5437692791789757,8541.725784118436,47.113240170682346,2,1.8820949744511868,-0.8099706933608333,0
739.9377387557408,0.14800347215733625,1,3.1848353035798986,40202.37516341689,57.34367552938144,1,-0.456647937516762,-0.14445664971490246,1
833.5904933004313,0.1701835472308488,2,0.38388169663162297,7776.071773768881,53.41734333166856,1,0.15470937224390593,-0.19434338844765842,0
636.131983329824,0.12318378799590703,2,11.375293781528299,25188.08325367767,44.42219690098185,3,1.9625033338872055,0.05420297390907591,0
748.5002847674647,0.3543682658311879,1,2.828148399748388,13244.013474496325,29.153742438362706,3,-0.486697254461975,0.5162500560446774,0
523.131793985598,0.14821821893470746,1,13.34103320024282,27732.392598249575,30.39512041100513,1,0.9123990809217737,0.6447283883030088,0
732.5055283485301,0.07066946101809046,0,1.255734067103619,31096.98351498434,29.69691723361131,2,0.006106804723967184,0.4157410745628549,0
655.0792384309416,0.4322705019758899,1,8.564621084920393,13302.512640726103,61.63953875379689,0,-0.6925030032265539,0.6560920579265215,0
632.2887601322349,0.1584143057727054,2,9.50143541929609,1372.0059641163225,41.81593500909615,1,1.5001573949330835,0.24508849062827576,0
636.9280863994809,0.25888493244527083,1,1.4145819553706698,8500.718607444363,27.751795402473405,0,1.9678882215580793,-0.5079736513787543,0
637.4957225329086,0.0991555259420505,1,4.5036206489908075,30467.510798913787,41.703325547094416,1,-0.23531622027229537,-0.04133462255996756,1
625.29576725238,0.413599100191216,1,8.745029798829428,25629.928631489325,32.625219495657646,1,0.34341022599471044,-0.4890720278674363,0
665.8938376119731,0.4210972967856316,2,2.955456106997967,32034.46239797672,57.17217189654329,0,-0.33459274576320397,0.9522431321677451,0
636.0566292746878,0.27483627490212953,3,10.763928256631166,17588.319196185563,44.3038892856703,1,1.0320040982785224,0.1720311886561876,0
557.5366016829438,0.2100808102287112,1,0.653466400482337,13930.598267651136,32.75890416100358,1,0.6619598073616753,0.05578582146065347,0
683.36431111937,0.3827056901895744,3,9.624964924429655,6329.531485564075,38.15328385283003,1,0.04001617367667426,-0.9394811419342732,1
601.3705641288426,0.10388783469975792,1,1.980383591039697,48545.4108235283,51.38787492835348,1,-0.6124628439128111,-0.6043161077194654,0
733.8389291833704,0.6447550781692059,3,3.2903410129949098,40572.07899414423,44.882473980301114,1,0.8597437824528761,0.2564598607531885,1
647.2938426742096,0.39253302789695393,1,0.6650475430976535,49045.154291262,50.179467306614846,3,1.3030368229988258,0.014171066773172258,0
660.1619162656953,0.45977272689722243,4,13.016474414428146,34807.02447266709,26.693818403987358,1,1.9479923932040673,0.6395475659728074,1
486.06144694042666,0.11417535357047931,1,3.695564740339501,26692.206953739445,45.60496747613101,2,0.20260668110859004,0.195375980940931,0
549.4655897465502,0.5001129871424322,3,3.8182032655808524,35605.00028309659,27.69397054968085,2,-1.1838475870360357,-0.6780226423533646,1
725.1691514805959,0.5323059205071606,3,2.024938784693642,16171.129236687506,53.04148186683252,1,0.046585634734327745,0.16534339437610202,1
591.2946619179057,0.5139747668229385,1,1.8785183986845124,30599.186937752096,40.47341086964996,1,-0.21734920820711245,-0.8443763043361807,1
607.404987280084,0.46400191653620865,0,19.057098065594335,35933.81506078608,58.709079457956136,1,-0.47246343383343775,-0.567205434685417,0
627.7648026185376,0.4098645393748374,3,0.6935885282948118,38729.56586054756,59.663571957729864,0,-0.12421543382258417,0.03815973492629765,1
759.0994074261873,0.13301269617899175,1,4.802243929805178,8709.175290475541,25.685980177628984,1,0.9277759450902243,-0.5814820469623736,0
679.9310398241266,0.41809264712295363,0,18.329337991059592,27356.83920168442,66.50549889386903,2,0.6819917673821014,-0.5906886866844347,0
754.8211682706662,0.07939208661018816,3,10.053915859950461,17964.439377960927,38.9903529804387,1,0.8125839554742305,-0.7893618583124926,0
628.5801761975047,0.6240498862888214,0,7.285552000984918,10221.0144932692,28.852583341340182,1,-0.9613382324283642,0.18222938941473665,0
667.0541011013113,0.5599781963571809,1,5.429247507398287,33371.44581335794,37.8099635201184,0,1.1643755178325121,0.8927639961248937,0
553.740523569922,0.5061857872620528,1,1.0722771478676547,17189.75651649831,36.091216398165884,1,-1.003668293725812,-0.669533926316229,1
744.2424988114698,0.0857793294050154,1,1.2461339882770945,1726.0366740457239,42.50669971863522,1,-0.4379571381353797,-0.05015829684531736,0
658.6918562955883,0.19597858342339206,2,6.491179830793996,24473.655215720573,40.66557497730418,2,1.8310492151387594,-0.0954591603002557,1
653.5303279037021,0.22153508972055183,0,0.944756932557989,7033.4258805984555,32.00260054245603,1,-0.7478935570731137,0.8779946462929384,0
677.0652431380528,0.13622071995981916,3,8.488564297369667,26188.173659273893,25.402335609595163,1,0.9981097961357474,0.16576594047373439,0
765.7433659136258,0.2277762203588669,2,7.624420081708264,36987.64836282576,24.00053166355585,1,-0.7674276200410735,0.30178965252997303,0
632.8403914809128,0.38323763066189936,1,0.2831408595536161,32719.384977710146,42.40277989654805,0,0.5418725515879858,-0.5111156418330449,0
783.0431166203925,0.31587239513104476,3,1.1163092001072008,14106.683725683091,26.50298961656235,0,0.22761091313284684,0.5832066835595524,0
581.8781932476967,0.28493755937669396,1,0.21461072982596296,38277.42129798867,47.9620646953136,0,0.5607761773668214,-0.16518076034724638,1
683.7747686375274,0.14585224234258573,0,5.433117133544827,16940.282674600447,50.174404585105265,2,-0.9839396622115755,0.23011227882428198,0
810.7374848939901,0.26910378712439464,1,3.0977713036591865,39258.140666901294,54.434644307741394,0,-3.4912792412510507,-0.8579524751469365,1
610.8148214993118,0.6190622864867759,2,0.585281858353044,1739.8691043766216,34.321353025015185,2,-0.2940141740622792,-0.9577456771422639,1
669.6204682754736,0.17946084745703714,1,10.016815349075973,15062.691898440084,23.57529067408875,2,0.10572539035295908,-0.13644662046381595,0
720.2004050269147,0.16514950191228359,2,3.198101856591145,34253.994715127374,46.6655600433019,0,0.35557913719460066,-0.6593720056560068,1
638.9680240881034,0.22927716559847058,2,4.269025850388762,27850.333026662785,23.8763909877537,1,0.1524480105702498,0.6443877884054741,0
529.9717379068536,0.10983082147708408,1,1.665241144380526,22694.251457866587,48.78069004269017,1,-0.8294241282794339,-0.9457342738722527,1
565.5232512744835,0.2517789626917514,4,1.2954429212373373,49983.2085965244,62.36517964464849,3,0.11031823578450231,-0.8866218337224321,1
696.4746071083068,0.12075218886385634,1,1.769927177594834,19253.759219305317,64.73320655529717,1,-1.8309255848981865,0.10671300765688074,1
721.3212255991396,0.33616280540927335,2,0.6157699267880985,16056.73551695523,34.21989724185717,2,-0.07287155273997731,0.6138200501437914,0
712.7644267456797,0.4335707144960698,1,3.910392620206828,10503.374412033252,32.64806839678947,0,-1.0217008346081795,-0.6074306780192289,0
741.7145611094276,0.31327376659073397,0,1.2067588059858942,23054.032225182207,30.676842993195123,1,0.15531684822254205,-0.7703381945324295,0
655.7588155948818,0.18721273427786891,2,0.7308821440875015,42259.822634316064,43.977432388908134,0,0.13570155939871872,0.42350114542036676,0
666.6586536568806,0.16835717392107494,2,7.127111006124579,48185.08163513061,20.433382126107205,2,-0.09106057732125318,0.1113040934615177,0
528.4905072673977,0.4183185582565033,0,0.5175491874708394,47165.73320339221,52.749761504217815,1,0.7793011195920354,-0.9028933445430776,1
675.3863162961869,0.37089555762810766,0,0.8038483823239757,19935.53309730046,46.850869438235,1,0.3077786652683625,0.9282958905591603,0
699.0144628312878,0.16809278930704796,0,3.6219011292452405,11812.272737574587,19.877267265039038,1,0.7731896714494806,-0.9884217055123061,0
603.3430964147211,0.09477594283793495,0,3.4477470503447307,34876.68559909181,60.85837368335888,0,-1.2478469981979814,-0.5565788935848215,0
701.5201359115929,0.6157697598742582,0,0.8167354018022781,46529.87253014539,52.009009755855445,0,0.14157433611529133,0.42552639550835614,1
504.7288924385741,0.3086775161075147,1,0.15225329938328197,4037.653525539424,51.71115612976769,0,0.21087694640755447,-0.37674635965201975,0
710.087967823563,0.2248707682487352,1,3.4846809770126774,15697.652239091367,33.48458574802018,0,-0.6262802657842785,0.0051976858945446125,0
674.0227458896641,0.07077344822508175,3,2.9108060137484952,15056.89952663281,43.96335010318995,2,-0.03125123874288497,-0.7662779324929172,0
818.8486826870416,0.2673616153651321,3,21.691891282153986,49718.063430267524,32.01140683410244,1,1.9095276536471935,-0.7636866772775217,0
763.0468429492214,0.46877297544817625,1,7.050392362631551,14684.164147442792,53.15658596234448,1,1.164673782980311,0.07872766140846466,0
770.5584286846823,0.32831949920926795,1,0.49849577029117875,43936.76595389068,29.244945468449195,0,-1.2663044059648334,0.7631394732001615,0
715.3917677094532,0.3175633266646598,2,13.190600135721702,1152.853400466829,55.40661505742773,2,-0.2108575766768013,-0.2767737737746785,0
701.7292491132206,0.48418526659221756,0,1.5686854010322324,26216.722861725713,35.02159653802307,1,-0.45237657617830124,-0.8330032053636482,0
555.4694948069657,0.26198262470428735,2,9.332211773503115,11731.050843990428,26.81603438227791,0,0.327433646799264,0.2737712461719739,1
623.1926959718571,0.6015483258449931,2,0.3359203617179341,45809.59384520081,34.20335730800276,1,0.5168134064110891,0.3758340518482062,1
796.1382776528692,0.3465040947629688,2,2.7822100667195797,45519.11218635171,18.0,1,0.5336165215060448,0.9302492091858179,0
533.5068441021529,0.1870067288243874,2,2.5942983752109896,23400.349733028368,39.28434261266823,1,-1.1282968903531032,0.1829285631962314,1
613.9774532149496,0.20236361056817764,0,3.5762458354979576,15135.333289323731,28.648076746478772,0,1.0548709476719156,0.4075459722824164,0
536.4612735348263,0.17086385380070884,2,5.288933603127437,30320.548596164102,33.030324255891095,0,1.6385836623301746,-0.2687323579995484,1
766.0761451225702,0.6325220543465776,2,0.4100679134393418,4946.8131642346325,41.27471022377313,0,-0.10085138260626374,-0.24907590624460862,1
604.7374937163511,0.42612409825857633,3,8.104008629593448,49914.55954411928,54.394122109973694,2,-0.848688138397638,-0.6011941365411033,1
773.5627492745034,0.3692103730344334,3,0.23970280474949288,38684.96883210971,21.981849466306357,2,0.10528516252398352,0.3481065194193127,0
616.8990005024561,0.1529989890782173,3,0.5227070255735631,47346.255574520466,49.907012873052,0,-2.020311416880974,-0.4662385464206136,1
609.6694335869009,0.2733503315476642,1,8.301192981476465,2600.3737058391216,31.316315994686224,2,0.3833028030912507,-0.9013009047719269,0
752.2823351187732,0.5273779090914964,2,10.247286012289793,19889.56830055961,23.347950402910907,1,-0.5784615308495389,-0.022770420664801616,0
725.1065381115021,0.40524328275263244,2,1.989786334632166,41373.10257192859,37.403915496285634,3,-0.5581429036659443,-0.5241068258316726,0
432.69757526259406,0.30418808113863943,1,7.318021172593396,32876.92003876089,50.67421187460484,0,-1.0586096998428012,-0.5414675432439346,1
686.091263188576,0.02096697030851125,1,2.377715620188391,42344.8498932125,36.44285680355494,1,-0.7097420070374951,0.5042013373047594,0
698.0133502601834,0.30504180131387504,3,3.322272102422124,31941.127804486547,30.905274685060334,1,-1.146117486222877,-0.5557241458200248,1
666.7845544720728,0.689822509115885,0,0.8695506427489812,8924.648640496427,74.36368261072258,0,0.2692828433754301,0.07651482133075715,0
597.387359694018,0.7117742212905342,3,0.5334168811255477,12716.955694469403,25.527375112265545,1,-0.4654534775180798,0.8470541182491427,1
652.2726755711672,0.08973098725267675,0,0.8141801973630274,26773.553069598685,23.161425890996107,1,-0.04684328853213477,0.789114459032787,0
618.1550815227469,0.50950282671082,1,1.1747682222714455,14732.128350535946,30.516846691681657,1,-0.14647476124317446,0.01702014593192347,1
666.905842208798,0.25579233843970134,2,10.299390150953709,35847.12862453938,44.38794875151618,1,-0.43033809933508205,0.5442054859397158,0
633.8084589711148,0.2527117899878499,0,0.11856789629675657,1118.9527841138604,60.929598924911,0,-0.6659144979862688,0.6244544152149853,0
600.2457473408843,0.24813535359539005,0,1.024479780514451,46789.52603757456,27.206515787816578,2,0.09415732165621937,0.13066830504729166,0
663.1016357043692,0.1497269574532742,2,1.9530137328041706,36579.59547310719,65.78424367675336,1,-0.22205603697039306,-0.9208208848873654,0
714.1951128147515,0.1373891700972246,2,2.6519043753065787,22786.024331088716,28.4877982553117,0,-1.5345861702069892,-0.021027777500852052,1
673.1204713916293,0.09148637719666233,2,2.529799222777066,33741.87632782766,39.67413321153288,2,-1.3967235513816691,-0.7596453471188851,0
605.7086088055015,0.5129777957399556,1,8.70629244364938,38274.54082522258,34.40291047554113,5,0.7302752445485448,0.07966490067256271,1
676.9003216296328,0.06641895071150374,2,2.0795066601293275,10858.571965946716,29.820840807705412,1,2.1797024499284805,0.06141673486798904,0
735.5833913487172,0.49332503948807965,1,2.383080952666021,47485.42688258097,35.29689423451209,0,-0.9129092653245582,0.6061627999500001,0
777.6323334860951,0.1519911808861117,2,0.20642219659731706,14557.848063792519,48.71244626507411,1,0.5640784175441967,0.30465895937143284,0
746.604206732755,0.24558565866254192,3,9.244678590179102,10445.40557921246,27.18899011072731,2,-0.19623504135518513,-0.25603033957650134,0
692.9904154687226,0.41862086568105517,3,4.2570524496464515,37696.01132495945,18.67804635292595,1,-2.3810331939107567,0.5002652666729364,1
569.2700775028891,0.5111886918772586,3,7.974837362532955,25263.41493580417,46.29482337767861,0,-0.9448095758067487,-0.7673716332067646,1
540.7557818463303,0.42184650060454276,0,1.5564295074657142,46976.58022627634,45.405928133033996,0,0.48987579620027794,-0.8175509540824288,1
633.8095029024742,0.6332060862776762,3,1.0184683247958035,37877.05885952685,23.16547359169434,0,0.19548075255640668,0.6690331196119643,1
537.2652174755069,0.41506392117440155,2,0.136640981817363,3653.000142227229,20.94868465058721,0,0.8384126429846237,0.8299516614612792,1
587.2172216751497,0.5791320410199747,1,5.077914853665987,42278.53726238325,36.96628423502519,1,0.9069671697463935,-0.9056568614420877,1
636.3902156199067,0.10415263250016271,2,3.4879729744380543,7674.603952322651,43.20851386149416,1,-1.0892314011016135,0.04078271221554175,0
611.2631662608877,0.8269984380805566,6,1.9372467702825498,27735.23586098986,30.853027994881664,2,-0.7917109981609438,0.169324177201027,1
623.7665554951666,0.28070407185546653,3,0.331370221478995,21764.7084979328,61.62534505168523,0,-0.3683723909929611,0.8332198249125227,1
543.7596298161512,0.16767249055500566,1,7.058209622402688,49398.63015867188,43.36071697377601,0,-1.9745227415613686,0.7004678138619154,0
668.5173407834568,0.5616198413263561,0,2.407690609242662,41294.487580820816,46.712229979310976,2,-0.8402301416869165,0.42597085704396376,1
729.7206440853525,0.4434731502876873,2,2.5491406124365605,37755.770778129605,26.15059238984947,0,-0.19925431878716562,0.04659025359230129,1
606.1490025768665,0.5610721504164827,3,0.8078455766030311,7350.3081596065795,34.230176214973014,0,-0.6716800226931142,0.25197024736093065,1
708.0604275352971,0.44998715000477046,2,10.73810290863041,25607.579496972798,33.874017525341515,2,1.5610070750394824,0.2905628818577741,0
850.0,0.20552108630044089,1,1.2514287293874793,45153.85661052943,33.94466052575315,1,0.6753103555523384,-0.10823693533404333,0
642.6551175892438,0.16276848065407407,2,0.4264159905608649,1564.4284474255878,38.1938941010323,2,-0.6083226090000491,-0.28589952948190867,1
702.0968006359623,0.26658296241094,0,11.377129549254866,12254.836593575343,48.50480195538496,2,-0.9311756299195574,-0.07033622672552609,0
665.7416072069884,0.1390977298844302,3,2.4308003231576722,47150.95737579818,40.30890390736901,1,-0.15345560154572227,-0.25793353803521235,1
727.5698983379237,0.29930579852915845,1,2.796388128059479,43036.99046211607,42.23729729284352,1,-0.799657274753158,-0.4229836087549921,0
512.5080098710324,0.46346234367414346,3,6.87428524176252,16824.581948437528,35.3128548523169,1,-1.5079150395162462,0.041386573424662565,1
565.4434585643828,0.4697093230279861,2,1.280214099965514,16080.406003675942,31.671977849544888,0,0.3480008054969341,-0.7553869409608864,1
661.4771142457105,0.3350799671329908,2,5.9743502251680605,32184.558708116012,41.94372703292144,3,-1.170384435855966,0.6143855489723737,1
720.9570052926772,0.528484558391636,2,0.09536527739533923,21708.017423883346,55.518830373360174,3,-0.35069699671841703,-0.48893412759360544,0
660.4419220691952,0.47338494073212334,2,0.29146573659928837,48218.486283931095,58.045425183441694,0,-1.5368539940956092,-0.5358796496039018,1
516.8341399225885,0.2682912887652967,1,1.8448610434874777,47534.19658872438,42.39709438647096,0,-1.9226744293862683,0.7743129215581839,1
584.1109378833283,0.162656277226167,0,10.38981684593404,41419.04936054231,43.518161161982626,0,-0.39543193094634665,0.4888346810757862,0
586.4235105922227,0.5087346519680747,2,2.656683370701733,27473.565799611322,42.5798794520611,1,0.30350799937780126,-0.7752483052710277,0
681.1193556002438,0.022242507550489864,0,5.404209027686137,25612.14511463825,47.32254952372285,2,-1.9216789487657024,-0.7637361555858502,0
589.0368832127658,0.6080381930640789,1,2.377145873390977,25034.025537007117,62.7679500896184,0,-0.7622916898532561,0.33402894632821645,1
595.5354316159383,0.12827887915266784,2,1.8835858767631886,24642.21451611728,42.010542464779974,0,0.4824435003984544,-0.04225313278374854,0
736.7798061310164,0.1928812719331338,0,11.811342979278752,35956.01846954252,45.281524863239056,3,0.8747635534124055,-0.9847306923984169,0
756.8253021438873,0.16519164560774355,0,12.412291754375426,23412.431341842737,68.87043598253543,2,0.34631274464259154,-0.4269162524892638,0
616.9380155731169,0.5100904517803664,2,0.9174708012419509,17845.430832047467,43.203612522332115,1,1.1674429758618807,-0.0014505144921919122,1
683.9922137879898,0.09612122260624062,1,4.101429574456056,16610.88335544945,24.821424809765507,0,0.33049229248924833,0.3309806684883174,0
499.48129611749266,0.5495694306906822,0,11.389588891937743,20381.159774541076,41.26888168910165,2,0.7227555536542378,-0.493564992231859,1
665.8661647484273,0.2312332523710419,1,1.1411454659580422,41287.18578662977,58.920410806320305,0,0.7858043907788663,0.9547501819743529,0
745.1982439836662,0.19700524402471545,0,2.44444616709243,44940.30491062802,55.3530718155109,1,-1.6577139748532141,0.3852366839177308,0
692.1425364205879,0.48989427530550683,1,6.175510374194319,47006.552220839236,62.266099406413495,0,-0.07009082178672253,-0.6379140476800444,1
658.0848675485978,0.3749917074299333,2,3.682149233269418,32758.049411296466,35.34745389922277,3,-0.4757499011802951,-0.6974179706804253,0
618.9085621221891,0.3143366063502211,2,6.337729275274783,19202.808181182572,40.484824924254575,0,-0.09271205868630969,-0.18141742790998805,1
598.2566387526879,0.49717831679344837,0,0.4268964543419707,17307.032866275913,41.82796625201666,1,-0.6352496268018437,0.9546943380847914,0
635.6734075844957,0.044144447661500726,1,7.434048083281125,5171.954988603339,43.69870144355627,0,0.15166157446509915,-0.24630598187241826,0
525.8847089410951,0.6385863815998015,4,4.170771828491413,41180.579430339814,27.027668538835947,1,0.0993872865419123,0.8570645701682007,1
778.8367182638596,0.2893516640959501,3,5.990153338411302,43724.68090896413,44.7018861574918,2,-1.4230486053228188,-0.6246800993262671,0
695.1368512315854,0.11684419164287838,0,10.775658094630447,32985.78917657483,56.842038418105155,0,1.1871265881846098,-0.7314301377464274,0
641.8050372629373,0.1362212956889835,4,0.6169068523157804,26809.54511751667,30.447532856872627,0,1.1839335234799138,0.06435269130277499,0
600.415618013813,0.20010524909699035,1,1.0031654955002032,46871.814555939665,51.99704865535831,2,-0.8600912072734791,-0.3908505876980375,0
644.3728303873805,0.1994079916696913,0,15.642450658733793,37874.98135810281,34.06713914450444,0,-0.5389524837176155,0.7657334024993803,0
713.8235953810274,0.07688164616019509,0,1.6517545919554109,18919.376148592146,21.976796264316263,0,1.7152628482104124,0.4736939563057161,0
730.9158312975158,0.13226348109972533,3,1.2085475317225194,31829.869217039348,34.79575461170057,2,2.069821432151832,-0.18742523892485785,0
577.7047255947406,0.38981149730656744,2,3.5807757144401275,15989.993803704248,22.061049144521633,0,-0.17998378247094546,-0.31295187678361014,1
572.1176991861075,0.20595409118162555,3,0.6056128817861272,3932.421480328149,39.75642889682131,0,1.233203187967791,0.22938029371232882,1
816.258397024662,0.07950496673541191,3,17.23749445853973,46400.68393662739,34.71788335253548,3,1.2716646644782361,0.25310092047342403,0
740.9274286172549,0.3449717678752923,4,3.1922437578014677,44444.96886052123,19.937648995346365,4,-1.9785327119288827,-0.07088149880045669,1
706.6815952662405,0.2606218003948863,2,8.525155495619439,49728.64300875245,35.95113603113579,1,1.6499579750171756,0.6468276009054623,0
638.9083005026105,0.5044007875332278,2,11.895734109006074,36320.35622395755,50.07190970559827,1,0.1228251884287914,0.5717851803455856,1
723.9216270610226,0.5814803922876502,4,2.257875528132212,15418.7445293463,39.52951785334212,1,1.7605021628718063,-0.21349570570012877,1
548.1413459335107,0.15585895066120786,2,0.40955785874088607,34261.52460602638,40.361125915382146,1,-0.4381523491587417,0.7419799073738707,0
772.5414737228032,0.5310747494429786,0,0.6755296967475527,17149.757095903777,44.04799084816995,2,1.400458708295706,0.6678004991564916,0
647.1382220210272,0.1981151953857572,2,4.317007872807242,44255.205477228854,41.321166288025054,0,1.4678030438438192,0.9848508384741608,0
713.2689201727002,0.4291122456985868,1,5.9755591151307375,21915.77395890269,37.695183330435704,2,-0.49771553764835086,-0.9160344639697557,0
701.6974219916141,0.2425664996349612,1,1.642346107263477,46228.80750501673,39.13884406582803,0,-0.7926819251265839,0.7893627658132762,0
639.4743270990458,0.5237668869200397,4,1.9222239666844794,7394.383125186688,29.642057063797793,0,-0.0859161280201885,-0.5994515498761681,1
635.9706915922026,0.31174587401981385,2,0.221557223521799,48225.098177215456,54.311186661317734,3,-1.8988645269124387,-0.5607364425710637,1
747.7266513020786,0.16096242138395814,0,9.361157820101722,21367.423896563323,27.729430724059824,0,-0.3473588821524383,0.7582103859892746,0
732.119792366607,0.1911151499011609,2,5.260658856864847,41822.50661303896,27.67095465393055,0,0.2969529597486877,-0.16833836995187745,0
508.2215104015662,0.25425499532084145,0,6.976497959439064,18672.312439252022,58.100793000981554,1,-0.4577737686048198,-0.16714566685406118,1
514.6075410354833,0.31683481354989035,1,2.9656756763761374,45624.42817069747,31.032095333038047,1,-1.3303137228969582,-0.2160806333932339,0
574.3023503715073,0.11153462626634299,2,17.995652093627832,28328.247070997626,42.87618121112039,1,0.1504039602129085,-0.6760864366315544,0
578.5163681360239,0.11191924382747698,1,3.786887776333469,12808.747883269945,36.350022485852215,1,-0.7407275702061409,0.13742905342668554,0
560.5179301930216,0.18717692781603668,0,2.189676551990962,40609.60853168782,38.03641919790001,3,1.295971632899988,0.23333748065511983,0
671.768851460983,0.10191050387787264,2,4.510577257374325,48029.01043772148,31.32394659341762,1,-0.04724716939346555,0.8253702169752721,0
612.9036442292821,0.30735332282003724,2,3.369632124285113,42280.35461371472,42.65067672230365,1,-1.8190900397300929,-0.47065772024442665,1
746.4899697409736,0.4716464085229214,3,1.8491121964363604,32570.193374781884,64.68930316943167,2,-1.7930415291773452,-0.4342694336983821,1
766.2302212413646,0.4993855515082724,1,1.8873524519983185,34508.89400319203,47.23030467984625,4,0.12154971411343438,-0.8213572299219793,1
647.7053410001926,0.2147463029437598,0,27.702203463025935,38155.659305041576,44.2071665444129,1,-0.09796028353131962,0.2686239726462061,0
784.6766358938314,0.21329461119862841,2,6.596286985376639,9306.874849720401,40.297956005421916,1,-0.8433679180178971,0.6924196278408943,0
651.9371448112579,0.13180942876000382,3,12.04479723787912,31486.237110248192,27.49121596616406,0,0.20525825903126138,-0.5820467742217263,0
615.2167482600079,0.4181650533785688,2,0.0370285505676966,26081.745303986794,45.46763528063844,0,-0.49698972889677107,-0.24808145036410756,1
655.1828591435132,0.18112020217779345,2,8.083847053634278,7278.824617386024,44.76507371455419,0,-2.0940701345548822,0.8276570029203623,0
725.5888001594453,0.22570964859146553,1,6.047882177819811,18460.94942316679,42.4523453276151,2,0.13670037496968582,0.9315587904082623,0
520.8431221840082,0.043140737422795304,1,0.9122134274914702,39610.43594762241,22.973850604733112,1,-0.2471748701848598,-0.4930101955863002,0
633.3120542220436,0.10609068984758152,0,7.958529247292871,11409.256399987866,60.01928671791833,1,1.597634377101162,-0.47950472874302896,0
673.7924528253498,0.1442489752936976,3,7.116383603803187,48695.988100709306,35.666451574979824,0,-1.37121827814632,0.6253254565515511,0
679.0467732190833,0.48587979500001194,1,6.882270851584016,12939.184766036153,49.54946791674025,0,-2.533165992168791,0.48364710937290245,0
620.5250925341671,0.14238345150236978,1,3.941912013629951,7879.995322543707,36.68468590106302,1,-0.18248082921392839,0.19181227103670695,0
689.1028594114777,0.20380276228141597,4,1.095147872234628,37680.926256490355,18.576638394805553,2,-0.9149013448570212,-0.5595736377117224,0
673.3697294360691,0.2815737613743369,1,3.56790438254851,15902.779890979898,53.50771833905717,1,-0.843961628111708,0.44065180150661276,0
602.6473509222085,0.3570805583350087,0,3.8105842626644346,20991.840443222754,49.65284850598459,0,-0.2293928357702873,-0.445470536520848,0
824.527890315102,0.2258445343012779,2,3.750927751286385,6454.045275430112,21.42397806135058,1,-0.10858535248420273,0.7084719042318184,0
685.1640164825046,0.10595223572522763,5,7.788050373559198,18899.790344752204,34.92980599263834,0,0.5922189330319888,0.8762466026579487,0
623.5053319860936,0.42372723485259106,1,9.508560604413631,44358.91333682172,30.010803578681646,2,-2.790430416474486,-0.3471380843134968,0
604.2624773217249,0.2887420942732719,2,2.456777385182644,13378.428369880146,26.66785123739824,0,-0.13119777916672046,0.06281830894553786,1
732.3527134584733,0.4577635735800524,2,18.345508902211584,47351.75441728102,18.64937400626447,1,0.3206256374960316,-0.566671814260786,0
658.1647832851254,0.49598844494393635,2,0.2281389934949914,33820.07866537352,29.400103561563412,0,-0.08237622816357172,0.09303671431774752,1
850.0,0.08559470569767463,1,3.9919842143534257,40902.80860530233,35.45314449945581,1,0.7847817228962609,-0.1324689198077138,0
615.1260701638329,0.37772770358783736,1,3.3681724496076786,28614.483670377624,34.60093442697993,0,-0.881623731985601,-0.3281087670014222,0
550.5914449238169,0.23297162524021212,2,3.7500092560286715,3467.004686583884,42.87325102577213,1,0.6137542598424629,0.7745315491430005,1
647.7841232933118,0.26039443858262595,1,0.9583721473608087,11278.17086392769,53.15571313937107,1,0.6844028189698462,0.39803447052310137,0
664.0053967069955,0.4315001126493212,1,5.236829065231431,39626.364074074605,45.232784443084405,0,0.7205004362379296,-0.8466857781726331,1
480.5239492287763,0.1529019124939633,0,2.6620648289905495,14329.375930001323,40.32285998111688,0,0.16294662159225254,-0.47785518439644425,1
625.2665188494816,0.22438892108979375,0,6.308081796597009,36399.936907643896,23.82974262407506,2,1.1568163466162016,0.23782000837315298,0
620.5267646889923,0.39739422506494615,1,10.06345448926158,48904.339277708204,46.625104800765186,2,0.7158227649677492,-0.7541665621462437,1
620.498917103556,0.2147823233289916,3,2.1135862045225546,32205.280949256,48.378872876380356,2,-0.3481532193503305,-0.29760919807272823,1
599.5819401895516,0.2587834156281828,0,0.38116682414901265,5793.806006100308,19.713700450225915,0,-1.4846437061264075,0.2955973833133456,0
542.5445965529248,0.21975317495127866,1,2.820385390337774,7419.390402027048,34.98446762512366,0,0.14600371320373498,0.9932426849129248,0
710.6430441137406,0.0873607196319738,2,3.4796165854426246,49681.28597493831,51.777843292431186,0,-0.15484051113434172,0.285071016359707,0
603.292732480826,0.36387018285014955,0,2.0208986129189137,29027.33513623822,42.200322011747616,2,-0.0920478338905386,0.7456296117678984,0
568.1038838079317,0.30461548109711883,4,5.834627047970084,6854.362967450745,50.2157439922555,0,0.3491740597031789,-0.408499105948432,0
589.2052585745674,0.17176695150001528,1,3.1795237442422577,9420.23385360823,34.63307770108104,1,0.17690208232766158,0.4529734521705451,0
612.2141408202436,0.20765848285468086,3,0.9618162973934221,30695.46206573581,21.71321626947204,0,0.3847060263832604,0.09044219635447526,1
658.6917699770421,0.2689075863899081,1,1.7806886195749796,29364.4182068013,42.36918810099388,1,2.2421698847965486,-0.8667815171736615,0
703.4671189088391,0.13194104745343008,3,4.378360784422563,11036.572452248081,42.069223681593506,1,0.36248178314012297,-0.5481636515957988,0
573.7456401587943,0.5018501157008429,2,0.6860798028632327,3608.5069240263015,43.76420177292206,1,-1.9104947280739544,-0.5470855234934213,0
611.6562081956454,0.4977597718420808,1,3.573687352365775,22190.22268727704,40.86287381521461,1,-1.413206336025295,-0.869783069765588,0
542.359381758402,0.3965539524301068,2,0.3235418997686742,6618.160551841229,27.5420907614389,2,-0.07261517629598868,-0.30696875165845894,1
378.6160005262099,0.37893550541037546,0,5.903603754373759,43939.63313191777,41.77899604210287,1,2.5429844188710438,0.11018223640376057,1
662.4635144585271,0.07556520179298488,3,6.069875521826342,15099.728426331118,36.14605004472211,0,2.8091679323657495,-0.6280896722325182,0
771.6002814000594,0.4254911151478496,1,0.2632144467154495,31699.388854322824,40.931431407341684,1,1.2231575217610497,0.9709009629142764,0
691.7666602682259,0.5242763816906771,4,3.56625599758329,15146.913458628733,35.57268801319877,1,0.46006455778056643,-0.503999966525716,1
609.4352035085609,0.1706223481352798,2,8.022197910018146,12815.647376409126,33.78280227532663,2,-1.1188063689432346,0.5710388326855842,0
657.7183314084189,0.1049117789412316,1,6.719236395622334,7642.564432867407,48.30459143585419,1,0.19653178332406887,-0.38456025058390475,0
556.0143919203952,0.20098662917444746,2,5.5565113691117425,16842.61106387557,23.673383321826833,0,-1.3352864786059682,0.3811308353232643,1
640.2166113573935,0.46086433591252984,1,2.5210274633489087,34924.94849263697,28.34744089469465,2,-0.7372893544431661,0.835568560137371,0
615.7832597553939,0.2572876710283693,4,1.8810591184785441,45910.24246974111,51.328968124123996,4,-0.8543014915467434,-0.9259727617902622,1
581.7828614346093,0.5987754865088525,2,15.085796782298091,36066.6353489245,38.90368815895397,2,0.16052414701339243,0.8800554477360534,1
682.4521783843722,0.3666122930029348,0,2.138234798958108,5481.491561382662,35.72880159469143,0,1.6260040722973645,-0.6869881886987526,0
850.0,0.24061136353520218,3,0.5049406837063022,37790.51099330184,34.09360412288671,2,0.5988204691376195,0.597646165019351,0
783.2359605147772,0.20191619924573898,3,7.84771571153597,5869.966175266001,34.237530210897965,2,0.07184349563982449,-0.9496557707074644,0
644.2341582942323,0.39127285847892823,1,11.987268526508988,37939.254529972335,30.09958930523137,0,-1.7569440448386704,-0.3450145672191589,0
720.7291723772689,0.2555257280821833,0,2.272529767937267,25274.020496239995,30.998586122858484,0,0.4672261079645328,0.07636613004043658,0
719.01659472557,0.47404098081119356,1,0.08002324311347514,24579.68417144867,49.96193530140118,0,1.785736760945399,0.1048478403995099,0
598.1969579451345,0.11311522126630955,2,6.8643630309773584,49328.96447667779,35.921774009266535,1,0.4625125287927022,-0.31714023686690007,1
701.5123258800493,0.39172590290773207,1,5.3518004292854195,41812.005969870326,41.322212255980396,0,-0.13081601138958873,-0.7235182446529722,0
534.7206321195079,0.1587972039691945,2,0.9711175926469608,42729.67963489479,33.09950805537808,0,-1.4754356626197103,-0.9685076755666469,0
585.5761286518734,0.08817598717806222,1,1.9893550741409727,19872.44369050659,56.70566871268615,1,0.19095156955565223,0.8004680205574117,0
669.1002296324905,0.18034884809431853,3,3.2982145154514084,8080.682195422388,32.17681504226007,2,-0.4618074804692037,-0.9432168444766966,0
616.8169870114299,0.1941545961064797,1,2.4144980280802857,23640.361483465997,35.843932725921746,0,1.1670548678761525,0.5053349152083213,0
790.5182914424176,0.23092274250615905,3,2.9329720116711613,11636.668544982955,44.413537887523766,3,0.5828889196818958,-0.4498462950549338,0
701.8432347644276,0.5163066582124894,0,12.380387391792247,40446.828932697535,18.0,0,-1.234087341269502,0.5835610491151288,0
619.4369503067222,0.5514482339491468,4,6.591149595123763,6700.529337794333,37.054427464114774,2,0.26209998692498515,-0.7984664025548565,1
612.3536229509214,0.3919550314704546,2,2.654485743784383,32020.281854515106,33.94944549306204,1,0.9516520318953776,0.38070002256266133,1
664.9576486570627,0.16752936891752299,3,4.176453386100664,17888.114310075336,28.494678631498296,0,0.5920779239345219,0.7923827620598407,0
565.5574969086254,0.29645114717582016,2,16.621324849931497,20471.07633776384,23.06205402019848,0,1.9571092943782011,0.019718646374527582,1
697.6489562635638,0.0968575925721891,2,20.47256570182086,39252.83285877637,42.41193740124025,2,-0.618915220902221,0.42746648996662917,0
539.975844004362,0.3535912681101528,3,4.134300117219601,43861.23447372226,37.35649309537703,1,-1.1466233260733767,0.5432072897914326,1
699.8408156768592,0.26014265544390763,0,3.523807356378695,29545.432050907777,31.387154037889694,2,0.45572894089633387,-0.814040612948727,0
636.832421441567,0.33767753777493315,2,10.573562318475393,30359.939036590637,22.12289630573763,0,-0.9983248156099164,-0.0029978722169077265,0
683.1690814473012,0.23205751265208344,1,1.2846166190775614,22835.661797183664,25.850804627851584,0,0.47939794244218875,0.7631166172948813,0
568.9931259729628,0.263665723173824,1,4.41009548743451,20168.657601100385,41.908781349050884,2,-0.44349163624051513,0.4573679185673989,1
669.5988165670494,0.49885962124217886,1,4.546493681145646,34267.60059886969,45.38105889202945,2,1.1608787558670275,-0.5439343981903602,0
842.9878193210124,0.5067306815790323,0,12.175454244142891,11185.390799593977,53.78902402741793,0,-0.33037582983516867,0.9334370991676875,0
613.4226598031469,0.42077919168373007,2,6.007280513307656,5017.179925965009,60.011443170641584,2,1.214681455438137,0.8583224889089793,1
675.391988826322,0.43678419830644977,2,2.414144926396573,32181.712154202738,33.721136150682014,0,-1.4322846928855828,-0.38559819196703726,0
770.4453559805847,0.25950138032162456,1,4.664186609038102,31344.922174934807,48.15240114397243,1,-0.9143075952284156,-0.3866279393224168,0
710.9363315888107,0.3248542854299118,1,3.140059979546151,35583.528995097695,46.511920502011996,3,-0.7962369707847736,0.6269127925813618,0
684.5508387315705,0.22932123014488787,4,3.1541849787487037,41380.00616183167,45.644970623541745,1,-1.121523626781977,-0.9079424160479654,1
568.9048581983047,0.11426787560091736,1,6.614634882413478,32503.75340592471,47.28154621699032,1,1.2926459640672148,0.5567078996455153,1
547.792930216268,0.465675800084172,1,3.804609109951467,3383.093027820955,36.93578487836121,0,-1.0768433368266237,-0.6864731142510843,0
654.2745952545968,0.5440046529372464,0,9.06553283232833,15280.65813169195,40.37559992203627,2,0.1657583287842965,-0.7528282198444158,1
612.9411315749438,0.3661836544696034,1,2.931487420201966,10410.812474157234,36.85937766194426,0,-0.5572470589656594,-0.997501410630832,1
648.4753428979767,0.31371225910902806,1,4.707890126044486,10398.87742396754,29.986866151762193,0,-0.8265341455058153,-0.24286084412564812,0
666.4525339215613,0.31204195778719934,1,1.7707215227326096,27682.37588938627,47.863996634019855,1,1.0039696130185767,0.010173576002328488,0
595.8857728925692,0.3860761135316823,0,5.598795979559013,31130.806402932576,18.0,1,0.0892818515380146,0.46646009533302824,0
689.5282420811136,0.06616213289494459,2,1.2441798995781852,41233.24948725828,27.69666665610467,0,-0.3320166232169342,-0.9694594164561423,0
798.6844950872883,0.471264630098259,4,5.076705292662264,6786.315096073387,18.16963713480101,1,0.32965919740120747,-0.6725581398803349,0
569.2527210095645,0.36197711284943557,0,0.5756126701838405,26951.065066251602,27.81872480034098,3,0.12809155677773545,-0.7347020570433989,1
612.4362913183271,0.17518211749092424,0,11.30318646768824,10464.204618612868,59.13938871446532,0,-0.6193442371929457,-0.06625936922635423,0
646.0311473056001,0.41856768865731575,4,16.22881342865363,19980.837232853064,37.247939508294635,2,-0.21746732816926573,0.981550556833068,1
741.2367739152473,0.6263902657252515,3,4.270651404031272,36298.78046382724,34.18448230050085,1,0.6709765932028177,-0.8177544528328746,1
555.0894399454638,0.3049109549676965,2,4.991897247283906,25668.47176458138,30.30004957410509,0,0.18650743461450056,0.9278480120855217,0
564.7881516492735,0.09380168997442981,2,7.592716165627148,49988.75957426968,29.39233808088546,3,2.723558766359361,0.03864942346004274,1
476.907118974691,0.29251546838033654,2,1.032872088463657,41045.14074971402,41.95141110396984,3,-0.3424087954347613,-0.24647476526975876,1
614.771022942892,0.33329318739915104,1,5.50724444905107,14686.70763875858,53.757762282901346,2,0.20030829612606535,0.6378590602212486,0
704.4116612817467,0.11950878913400614,2,7.4278963667807485,29707.11853198137,49.27107748825386,1,-1.735611578221388,-0.1879319748015782,0
735.2179767182513,0.3522177428207685,0,1.553387897061743,27987.322544428687,44.23660314758538,0,0.8910816695220951,0.1544920126108722,0
678.5722929046185,0.12861215894380681,4,1.6225833503234677,44216.063542394375,48.681687488916694,2,1.5926498631239727,0.3044381059532246,0
601.9234416494035,0.3923706811538841,0,1.0012572729431386,13655.939583465615,43.86305806555353,2,0.591265030414459,-0.3907241040484073,0
706.5177290961899,0.2975122345087072,1,0.038831320156047726,3528.259267216496,51.45755714232426,2,-2.036929685520592,0.49321897439271933,0
666.3454872492892,0.2095647261399262,3,30.0,44590.20082129965,45.430670269185235,0,0.10714057174113835,0.6975161496365965,0
496.3435520856056,0.37673699151583023,1,8.778823318415176,20763.733504665714,25.90344090881753,0,-0.9271976191452801,0.1389216264807318,0
551.7524133907568,0.30071226714417704,1,0.22514485586182295,44426.001904018915,24.526018608067503,1,0.05829079575366862,0.8499893297175922,1
770.9492244157037,0.21627343750973624,1,9.392512771959735,16004.725805076687,42.5426206774843,3,-1.3601524475673377,-0.160864580592591,0
675.7764066380217,0.16074673713490584,1,0.2771648728919757,28571.750362962444,18.0,1,1.1565474823387734,0.16663206656772522,0
540.0164489193137,0.4270978251960291,1,9.026642800315184,23661.63950816708,52.677012411210214,3,-0.559839899500095,0.6445986404678286,0
715.5962486449428,0.2186845735386165,3,1.0047989586354058,27067.936464407816,52.65300187927565,2,0.6865846919789178,-0.4777669940080298,1
734.9147967810111,0.22453181501994718,3,4.464458365978966,40841.16592027101,29.430810776370954,2,0.1360851171931345,0.09169630719993549,0
615.1972776432247,0.06171831663656732,2,1.4343369628689782,18580.181239783276,28.619501415129747,1,-0.9790557464319074,-0.8927559078236444,1
702.6145677109429,0.13909352291150548,0,5.835995506617465,12928.11355146901,49.45032127692805,0,1.3855816737591127,0.7771462021835809,1
350.7919489638577,0.22545902330442408,4,0.07153809558066408,7803.15467913884,54.09868633318465,1,0.9563431343073279,-0.45446364600925415,1
727.8861436150526,0.14505352231164825,1,1.7331041684881372,17544.560885045245,44.36995898729075,1,-0.3313224119880821,-0.19001967591217328,0
744.01243135359,0.39924226284682535,2,6.029935360720914,32989.94162452844,51.261203099405634,1,0.3569513436269112,0.6392590029937648,0
560.0237828189013,0.3497689563874329,4,1.517774996173156,30722.528973368408,36.10228856222667,1,0.230950376422983,0.31237052171118385,1
672.5668319612244,0.22852561586197614,3,6.0184420121574025,26418.486076907746,36.365149859272584,0,-1.0043925905500597,0.7547943008347064,0
622.9503565562048,0.17794643223082732,0,0.8218567043378677,36143.61551649724,40.32535214671141,1,-0.47335985952384135,0.7891527360212975,0
641.7976415383338,0.3588772646497372,4,1.03879186393847,18893.776718525292,49.55740872179078,0,-0.5466179217808025,-0.5785038765923225,1
616.0095644371945,0.2481849874337234,2,4.606623228208706,24252.249626432837,32.2639673534812,2,0.6048391980278457,0.1101987529298234,1
543.4163626516143,0.20561512604660134,2,1.62538716956153,2314.3906056733613,48.969854211072295,3,1.1119357996575512,-0.9377436179154437,1
801.2322962465324,0.2998440890053955,1,6.668909777247325,15552.071988213835,55.2088103848333,1,1.0080460863299934,0.5226875677668446,0
625.1751320336626,0.1492475515728522,2,0.4863085915024998,6305.935522724844,41.940297149423344,1,-0.7267709630110117,0.8886370527525553,0
658.3804035409784,0.19435874567958894,1,5.938570995169937,40778.39094920353,53.4942786322447,0,-0.16236648634753895,0.5418464738663207,0
569.2479535798855,0.21290003047253514,2,0.9622521017990027,47989.4214185898,51.53359397750836,1,0.9321903165567919,-0.7583167228010579,0
567.0506271100522,0.06556066606359369,0,0.27462885458416675,30317.24286239338,28.67389214525606,2,0.9136641942382091,-0.5121468179484661,0
683.00787320604,0.5773699483135093,4,3.0387268368628444,26727.74897271337,21.050140515967925,0,0.5981263064461344,0.5774912560671739,1
692.1113664120891,0.4753736430099254,2,12.31434447577647,41038.94640609161,36.51905931009451,3,1.2572879376284807,0.20742578135174417,1
720.2339335459795,0.5559617522183501,1,2.0691273586820422,43115.16493640311,35.54465380724399,3,-0.2687020637526881,0.6492063853136631,0
738.301920199495,0.5793262390864412,1,5.316027025925178,20299.76163839775,43.23949189241149,0,-0.13957618517710585,0.4053559406836893,0
633.183396759939,0.5281546954843365,0,6.77429370441268,17862.871272566237,45.017857596914965,0,0.27635096606056986,-0.006781842406392569,0
614.4637548805641,0.06690051703518056,0,6.587758316637256,40267.65349833398,30.770409114212118,1,-1.380665370102625,-0.7823702424080978,0
709.7451066279147,0.16581735397929037,2,3.3443447717459645,3588.3879686925343,28.43276181832843,1,-2.210655622211847,0.7850429787153654,0
599.0048637255652,0.15593338558403216,1,13.48384936290618,32660.08900021841,49.01464055029113,1,0.3757944885786978,-0.046505015065497535,0
719.7406796718263,0.3967288404003992,2,3.32935585761412,30710.503659771584,33.80646868374454,3,-0.4982911894283516,0.7954883898627141,1
679.9600229793831,0.2336008174060953,3,19.485506777359603,2218.0028667143238,38.41630603889045,0,-0.813583734482473,-0.28991195170556616,0
742.4021147666798,0.24609905756155084,0,0.8330259223730784,48911.977390842105,42.97373568384435,1,0.3195369859674463,0.3217193471567834,0
703.6313351078264,0.3418831925346839,0,8.664084654650242,44352.22790123196,35.49059017164642,0,0.6427094921040016,-0.8685565941780273,0
565.6443340887072,0.20831974946951476,1,4.177148061595593,23493.717423200505,51.73449320781812,2,-1.123252264351765,0.1219591845257062,0
580.7493086731179,0.27792391083377854,1,5.369130128957218,3817.9863027442466,43.316083561988535,1,-0.8437678961800946,0.03238362051211596,1
708.598823760591,0.7011136350880013,4,0.9646587508203239,39485.54725306823,43.43147241076505,1,0.15505557213165444,-0.17341465378068732,1
802.5644673934219,0.28374827581863554,5,2.5095936595267405,25718.842289596527,37.855083956646794,2,-0.8988868598126352,0.3021470434739637,0
544.1750639373586,0.319894512804999,1,2.635250078473553,20355.892113829424,24.083099379669733,0,0.7273397729202253,-0.7024892007992007,1
651.8569283460218,0.2807018782344036,1,2.550906150390096,1308.1496958491998,59.05816867959731,1,-0.9641347484990016,0.4366680570096566,0
672.5339645984393,0.09528735485355597,1,6.132721692246047,26889.148323913058,37.5450233871721,2,-0.6459543355900039,-0.14812312720796017,1
527.9377990507562,0.2536089272159499,1,0.4218255681534844,10406.72323907516,35.15085384944125,1,-0.15855794611877408,0.8818106659078022,0
688.249999709041,0.3793935480475666,2,4.996984996288558,29472.082557741265,53.730664222828715,2,0.9738699088902059,0.37947680636930325,0
642.5501766362049,0.5298153970429047,1,3.7543460630100527,22940.064295387496,19.4901327763939,0,0.1045212178257563,0.2913932220909756,1
482.2754015027482,0.4104492039504243,2,1.1824543599415025,44918.59924877228,38.412745692675074,1,0.6517790544102502,-0.08851805930468881,1
779.7382382599676,0.40527531540945194,0,0.9445191081755232,8259.369949716123,25.270805209158766,0,0.3217694068126726,0.3006169004964303,0
580.9433424743141,0.15017785236952935,3,0.5966986166386655,14535.882953221806,50.50096640938621,2,0.19259312017159713,0.8715112607587652,0
547.3997268563967,0.19730667572537736,3,1.3550093548363884,34417.89270746147,40.44285199570222,1,-0.04258666463599712,-0.6072913668965556,1
683.6113297769355,0.10930793428919702,0,1.1941858377006245,42214.46585876615,45.44214987326303,2,-0.23501321513795354,-0.6044341055792071,0
694.5989436723917,0.13765004236991876,1,1.6078532930652931,29061.541623046272,59.7392276176312,0,-0.1675239081671583,-0.23986385675302246,0
708.9129122957017,0.16083323350587792,0,0.1900884544051626,15679.719343582572,33.03206340271943,0,-0.43541527337696395,-0.06890620577358142,0
619.1197310232551,0.05930603672574737,2,5.214466633381685,3082.2715003923386,32.08351847833671,0,-0.2808545734542304,0.3306915606251457,0
649.1268529687272,0.17592312511484315,1,30.0,36501.88186018156,47.659188450092564,0,1.7750498246427133,0.8860202083435886,0
591.5354589460908,0.17829970233824258,1,3.435477193329532,29887.89890240919,54.18590805638918,3,1.9951953717331166,-0.6111422167524845,0
545.1842155494234,0.16625999391034899,2,2.783867458364781,39011.7279981216,42.34164884603116,1,1.6803802795092069,-0.12053857913417487,1
736.3304519243388,0.3009705396301133,1,1.69117981561465,5643.131998693979,44.42506714976145,0,-0.2600044121358795,0.06005258421312831,0
641.7789851985765,0.3698703296815498,1,2.7179349593517195,32068.888122455697,41.36598805795278,2,0.222320882377024,-0.2473473873162082,1
635.4148595661635,0.11498970425415216,2,3.0180002330852513,7302.090226027534,28.13369883436695,1,-0.8671575899046865,0.9680093346690892,0
490.05859264037343,0.4546372477924955,3,0.9154483232117414,20230.690092561188,31.62853308631531,1,-0.05282433749268069,-0.009185182198982123,1
635.7303116575731,0.36542588472061754,1,11.535078095044767,48552.157000769854,42.647151038327785,0,-1.4263673541220732,-0.4494342312334314,0
582.600440232684,0.2559432566740768,1,1.8573434322805282,25056.44183644962,43.559450997710236,2,-1.0927569613387045,-0.8718321151478778,1
636.0309077480147,0.2230523211824505,1,0.19988443538385528,29116.959452260315,45.35006613879376,0,-1.5527474642379195,-0.8108474606918779,0
632.4604678514502,0.37073244161823954,0,0.43432278370357424,22684.83112944311,34.23184720867244,1,-0.18691747767727382,-0.010126812482180059,0
614.282816693363,0.14672643083519737,1,3.5530041274395563,1940.778012830796,53.05465958570081,2,2.032022893151292,0.40279989125219395,0
725.1070914328911,0.44154689842321626,0,3.0781048022735873,39829.85060906965,40.923461864595545,0,0.48825884644851814,0.03585072894186703,1
685.7643321859325,0.20172367560603466,2,5.711120871051225,37370.93041540071,31.914099919384054,1,0.051319703642958237,-0.8087185269014088,0
740.1723611577237,0.09082571817386904,4,2.4292412965011194,47067.610166854574,25.254687663843686,1,0.9806145718936536,0.42501661877599695,1
544.013810403222,0.21080811767405105,1,5.841280514324497,5887.108515834973,52.48866917869309,2,-1.5598379330995105,-0.06975431423882195,0
598.0835258041748,0.435078535717441,1,11.803768240977504,13080.859363909874,42.06890152428136,1,0.3034954169403956,-0.015475124821251462,1
646.777534534217,0.39192642305525854,0,3.8034153590206987,30643.165197217364,53.78095677471161,2,-1.1673715482579468,0.5281505119571468,0
617.4688824077252,0.09079103195823295,0,0.03601773531421776,10613.469589302582,48.52641656371664,0,-0.4199707329591027,-0.432917430168388,1
643.6593819602609,0.07048965821759325,1,0.7042693641165236,26851.107014020665,48.90184398521971,1,0.057460394577911134,-0.17551024636552892,0
555.4317280553341,0.19674005013954163,2,1.3052937956900013,1310.9554651838262,43.00809850181767,1,0.3606047224467634,-0.20679276779519684,1
592.7057554190208,0.18869081922245554,2,0.7248148420509823,36248.41612067962,25.8813792688824,1,-0.34419128431451596,-0.8218266435160579,0
518.675683611839,0.3043020903033847,2,13.028164157079527,26313.514902963365,37.7122213718272,0,-0.6773363431210301,0.49768947108642037,1
578.7979558581409,0.4024310992185618,2,2.5395287975287757,11343.709122731567,65.83761570858769,5,1.8958741027697879,-0.8805741853577531,1
705.5341376313611,0.32199918099908603,1,10.379261812482966,12904.109931600678,25.384541793095554,1,-0.3928361390590228,-4.837099849774873e-06,0
632.863449218724,0.22494681612258763,0,5.459137421854462,25355.54833113377,51.26044319423542,2,-1.3314296520025901,0.9851451125089785,0
770.4602591006006,0.2254001392116321,2,0.5073132446853805,20868.86408894207,40.94831117675677,2,0.14328380973224136,-0.9144555744138714,0
602.3572900555457,0.4491107936111482,5,4.2145987641279605,40242.34534555376,41.69152759155778,1,-1.5076726467848045,0.4607904681038366,1
659.5256864697864,0.2589205445663715,1,21.576851566948672,8367.494435512152,58.21416516297211,4,-1.5366741118096463,0.7973285972933619,1
552.9398135878065,0.24820355482490014,2,4.93984656974787,2123.2552380795887,28.460252527691246,1,0.5105915669651532,-0.6758089871182544,0
850.0,0.27485746725461174,0,12.186546013735676,29683.53114591486,37.083433198818696,1,-0.18350267803032927,-0.8203462364243432,0
635.7103521039635,0.14551718146300704,0,9.533974694917566,27366.397828880854,46.848225693652815,1,-0.47135968588348903,-0.9655782490858063,1
716.3703872239532,0.06316899458643882,1,12.893288895613873,18201.851066763174,42.264843867439595,0,0.7523202634114357,-0.25121799485369967,1
683.0708016693723,0.16140262499952718,2,10.043900785907896,30182.310676275018,39.91099141490759,0,0.6647599126228358,-0.7508097173636794,0
603.2896948128579,0.2937091628604285,1,2.818282362330316,5060.780419535122,40.49921061687117,1,0.5854810082540699,0.6230251220053795,0
543.5278974771447,0.28680198199660195,0,14.58592635392139,4351.9027826512265,55.58697674507632,2,-0.06394923630871303,-0.7054209548703259,1
662.4914499631046,0.19953458522559628,3,3.906772190092007,35629.079655118025,36.858206097140084,1,0.2096600152951544,-0.40323816665831,0
605.4568204509334,0.289236437739907,2,1.2534768973975954,30054.16963101199,49.916564130654294,0,-1.6239406818981328,0.36094490757487563,0
637.5596558806615,0.13233382126936966,1,5.316599895094285,6700.325475994541,48.00605449476323,1,-0.31592620708502583,0.4040930209359932,0
702.1041647037906,0.44296214679108326,1,0.32533527045094635,45704.70732280921,28.95534062112788,2,-2.1936753826600994,0.6910733202975503,0
656.2592924672304,0.13615040936285278,3,0.3129458543486214,2073.953808721509,29.726330104114595,1,-0.1572600347498661,0.473214837813819,1
680.1693037894877,0.5113861569173858,1,2.2019905607624914,45069.923491623485,54.182298124275064,1,0.3136332756905994,-0.524026718902848,1
662.0037260844617,0.13761908854248864,1,5.939519849640661,36906.99897713865,25.469949213618335,1,0.8062505214163793,0.8588979314191103,0
532.6200533879594,0.3161867857259055,0,0.9111006631161587,20897.727683921872,60.841793268345235,0,1.3744503342029872,-0.6039250750828882,0
761.6849756561071,0.29202639790275786,4,6.069150101706372,16739.585563049026,33.67815095240099,0,1.0080504848407983,-0.6909078479818314,1
744.0681837147803,0.6054346664845568,1,7.723687151196791,23859.32582667304,25.463326898194055,0,0.013450770829515906,-0.8901734016617626,0
559.1068116594627,0.1270807188533202,3,0.664441050060855,45024.71431604381,45.54915467401354,2,0.3759018838194603,-0.45296041750432536,1
690.4240489141737,0.18425665523075055,2,5.73273513548321,20233.566854597186,40.28608347316968,1,-1.3199604029203373,0.3851416615202934,0
597.0380583870514,0.4245779053823608,3,4.430629678785378,17324.482432044068,49.70890916034911,0,0.14036778638639327,0.17719662441433526,1
590.2466930349383,0.10341833378700797,0,1.8685168844229305,28320.680330117888,32.04409108080327,1,-0.7823937989915025,0.08406791480006448,1
649.6126670931963,0.219081672747282,1,4.4004497303426735,47144.99844465422,45.114660378636664,2,1.0368921948547745,-0.5367313983281636,1
789.8134584398159,0.10841628296793296,2,1.1613589083046942,27121.106550758268,35.86627613962794,1,-1.02674317445207,0.6800099310154422,0
734.6366049185508,0.26283876480684404,1,12.172285421495793,30829.65011542941,57.21739946963971,1,0.19784413476749066,-0.26149512624868665,1
698.4177086665486,0.2996914247144039,1,18.821432058879918,19985.120700633644,52.55241447062936,1,-0.11522415375917443,0.22404249674670118,0
557.951549139676,0.12654250191848396,0,9.310128990654214,11968.526237892225,25.999227577405254,2,-0.9543615127486802,-0.0021317243213379022,0
850.0,0.3597946290102972,1,1.6809067907767692,16766.453800582924,18.0,1,-0.34513870412137654,-0.051395127757353665,0
719.8984836528541,0.378533264775083,2,11.163610101424236,24743.150607663658,33.53685312559397,1,-0.2366598827397561,0.424282283764305,0
462.09300640679106,0.5168374784821025,2,0.45475091735517476,23438.830467262193,42.491866657763794,3,0.9009326268919727,0.3961534143273857,1
681.9579468166794,0.11888419961526787,0,1.3068687049443917,23786.908490251735,43.00338099339977,1,0.0882442525660613,-0.6840854624622643,0
610.9044227265533,0.5450035793065053,1,4.040761215854572,12441.983792799718,33.815634930372745,1,-2.119416537732726,0.14273721526615368,0
682.7985884759174,0.14793353226115777,3,3.72597496237199,10302.85397809791,45.175833656340046,2,0.6352969201813596,-0.16640735860347378,0
682.0512293447621,0.2587267263475292,1,0.4977139494574479,10609.00924586311,25.126602610772558,2,0.9269262031183585,0.5111222582338677,0
576.5184738823916,0.0972567612604904,1,5.8062004579560185,21740.761279523893,32.217899690376655,0,1.0794448607612859,-0.3251366710381782,0
796.0708601846155,0.39549965878014504,2,0.5204813033794926,1091.4414940086417,50.55265966124123,0,-1.260275670689544,0.22668251902053305,0
665.9827697135539,0.38192102083898993,1,0.32561000644602595,40302.62359255456,52.83620834475686,0,-0.2840831747665024,0.7951528853025869,1
725.3078325208328,0.23853923489662962,1,14.985480128778514,3270.221008089011,53.359523980321285,3,0.2982708410305982,0.32417302434770057,0
758.1138851798562,0.17915607157213087,2,14.559549926610106,7515.801683010354,18.601915559481228,0,-1.5744497154729675,-0.22673842359604568,1
590.9473921638411,0.24579187371744476,2,9.862165217274944,21219.973906935,53.63067541429819,3,0.6413522371421764,0.3553488257464754,1
577.0585212154781,0.31911643785312965,1,2.26802444775316,13161.08790480287,66.48037530256414,0,1.0256981028590584,0.48384380405347005,0
739.7525879078213,0.3287896670298281,0,2.0064317541183483,37171.27627149818,37.55799159729821,1,0.4655325099474469,0.9023984345388618,0
761.4269946205486,0.15434954682522553,1,0.39724274855633424,12132.764368595523,37.699854496824,0,-0.01809464643928136,-0.9976599383928295,0
539.8385143367091,0.03906518140831205,2,1.892611912064518,27471.25904992209,58.06714154001775,0,-0.6083144756120022,-0.6661758502566992,0
810.899454892613,0.3993409151003226,2,0.731501702920771,46965.998192027175,36.553269270748956,0,-1.2038753120915584,0.4538134233722393,1
631.1597348532918,0.22288948796724614,4,7.867081518228797,40263.975774136976,18.0,2,-0.4345135730175707,-0.8059158797219703,0
705.3427622809908,0.2703942996811391,2,15.351256297527797,13550.085466984066,41.67286624081337,0,-1.0565651178317317,-0.3752861375062082,0
695.1510567283781,0.12872986510919632,3,0.0013212764155267657,36591.70473678634,39.52144136816345,1,0.23395645096337359,0.3398661650881596,1
572.2926144133338,0.02695696347549902,3,5.0259424893192755,5625.180360609418,38.978321160053234,4,-0.3681285371252666,-0.0918147548134145,0
580.876148884222,0.09786074196843202,5,2.5246073969029252,14364.130439808438,30.32719149934176,1,-1.1410711647371294,-0.01268479167179315,1
483.312612856406,0.08551518323884044,2,0.6791051938470327,31335.831269388003,41.145439874045834,0,1.254689581863222,-0.8330130576181738,1
557.9079891498751,0.2787859707636019,1,3.86454319664833,22533.5351150987,53.129288259702264,2,-0.1507947480501501,0.6450871366246793,0
531.40192314059,0.221979416973219,0,16.835906331789438,5584.531964711778,40.04536326039493,0,1.6582793545822192,-0.10597708524804861,0
653.2152412616235,0.355885889284174,2,11.81056973069907,24433.54242154413,34.4121702174848,3,0.042991782408889734,-0.4821177703765258,1
759.5521722177666,0.1991783624570256,1,11.713946600422105,15646.661443836068,37.127197531022844,1,-0.5269268084677582,0.8045026228189087,0
647.828405546682,0.09996849244173332,4,8.284677454534748,19102.77395714946,39.65720193336002,0,-0.22810704316578959,-0.6901211773946025,1
677.108332974619,0.4512847161401714,2,1.4415865657555547,19289.634981722156,61.08225353872756,1,1.5108936645446218,0.42712422728701527,1
712.2402834694343,0.27797139047588026,1,0.26558617512233884,13059.983393342847,26.991419118789615,1,0.4520458853044725,0.8107900750347736,0
704.376755281624,0.2259422230525753,0,6.375490616451772,28764.768332801672,34.8637242988731,1,1.1922994217271268,-0.36069450238094736,0
619.1334799910799,0.4127169978879076,1,1.2832353502548035,10093.416762503857,66.31693501450731,3,-0.5100010165068304,0.8524911858515059,1
532.9323951333199,0.52501997898547,1,1.4919098065140752,30562.17774308687,32.82138080589423,0,-0.005563003671872644,-0.28100922188404853,0
615.6155591967479,0.5796013330003805,1,2.0596077709604126,47252.693737489666,40.610454591472674,1,1.3831663175102955,0.7212230147081731,1
655.0367484211124,0.4821444879657121,1,6.120139551895985,39778.08821728712,40.26981349893359,2,-0.5597014221735269,0.535881962871837,0
580.2683829783352,0.21335299746372688,3,3.3065548672650453,40996.58076453203,27.752113661130913,0,1.0483066229751585,0.7192401124931864,1
678.9568568560838,0.2009432991756629,1,6.016456826302944,14183.101965507718,27.15538154384097,0,0.21772441630584186,-0.21278891314312198,0
626.5830323246286,0.2678373666872302,2,0.8880953371814986,1219.8731929512664,42.007958979377165,1,1.3721895724931024,0.540269301761503,1
699.7457222008713,0.39801256641187166,0,3.1473033515933233,8619.508630632952,57.17271350669531,1,-0.19427161043039584,0.8306034598192356,0
585.740841905214,0.4506053429852055,0,5.4852586393654414,32356.058252755505,39.7056844877772,1,-1.2738875115505286,-0.0262743804405996,1
576.2425872552493,0.0881719095976708,4,1.666350791715395,32867.6324757394,28.641132419048944,1,-1.5058337991681379,0.3173597751535695,1
791.9245070163149,0.5007185145541171,4,10.759424891760336,30132.784570974545,44.16888390535158,0,1.2068822397361698,0.837722467278269,1
652.3004990170949,0.19069707132035588,1,5.0436056763604,34946.93666204061,35.492327276989855,2,-0.5765501531803119,-0.664098199764954,1
694.2371079516429,0.4342187793908557,0,0.413640872628992,6825.7690952647445,75.0,1,-0.8844294369235935,-0.19207948856111545,0
562.1262197686278,0.35649389488529276,1,9.343683584675498,8537.78876027874,18.0,3,0.05881831615186623,-0.5430357177691933,0
619.81884356143,0.10415912438992084,0,3.2407949609133286,38368.721310404646,40.84329801004402,1,-1.3060668022910698,0.6268125385069836,0
704.5735586246092,0.5267642364434613,2,2.7663372928512846,12114.169337760173,35.95460508633667,1,-0.8900390714717848,-0.15504072106274713,1
775.2492687716867,0.6332997272347064,0,30.0,38902.87254038793,48.42437591420288,0,-0.646258638167345,-0.6669085130556851,0
592.0411940160365,0.4315135706394537,0,1.450981908410129,16645.1675451119,58.71320592817085,3,1.4193396194929306,-0.05120486669149504,1
585.7666070848827,0.1316064970636513,1,0.0019912914206498314,18308.860306529306,36.11082340983709,1,-0.0730133135881342,0.03220523595655278,1
648.1864847724522,0.24147409213599463,2,11.928043298179114,13780.061834024433,21.648940144444012,0,0.38238438261533164,-0.09189554089730945,0
528.048388020091,0.5452432998044293,3,12.561669653670142,18820.670555387525,61.878806519280225,0,-0.9837953200728893,0.39076067528611613,1
647.5893354817899,0.1826547560833311,0,6.302334079891149,21472.085147165653,34.286742901170754,1,0.33509008360922804,0.9842135984316964,0
644.8217292307686,0.6175358079462199,1,3.3627823441346534,22886.237452050325,38.5535197822569,1,-0.13727709237054336,0.21656503194085275,0
707.9799320263409,0.18383332534454516,1,4.096030292091554,48399.52335905839,33.10304404705978,1,0.4386887535373574,-0.2607706571842776,0
763.1687794151177,0.3539723766893884,2,4.185012604197813,17235.32592625529,33.72210327267712,3,-0.08164560783907543,-0.8702916196772117,0
695.5875454240073,0.14572740070906584,1,2.932337424770082,22357.104682000576,39.9378976013807,1,0.15719019749841376,0.36941651519136665,0
709.3240840767752,0.3642117607272149,1,0.46679490116391276,9975.961251756413,21.40458829831946,1,2.019719168681655,-0.5497376486833274,0
654.182316090744,0.2780513975148342,2,1.115321912383834,35725.38185529426,29.658651423218316,2,-0.816142053699954,0.434800078306778,1
621.2204338819072,0.348316686811787,2,1.3836984312354426,17483.135880600898,45.62057874274153,1,0.25654493620526025,0.4661097968886436,0
490.32185046745883,0.24642117019009566,3,3.6427315379722165,31835.24503702126,40.08322755662628,0,-2.269319064072006,0.10471751347538127,1
579.1023344660307,0.19369425881769112,0,10.890239026427764,30771.70940355163,37.951757935307484,1,-0.0645145896788064,0.534088345484792,0
667.3813347754664,0.4173999712825381,0,3.427288500751823,45869.688028589015,51.96714656503933,2,-1.5995640610534203,-0.5890130947120211,0
518.3525020968007,0.3393461965830213,2,1.917537357554528,34787.49568572663,44.449760523037895,1,0.2570228921446121,-0.7322692137761879,1
669.4311858226616,0.3732540306166863,3,3.9422611076592586,5438.218128399103,41.433208604173124,2,0.4824275083397931,-0.21831751350752215,1
617.9332231785639,0.2121877932826896,3,2.3852200163993778,34458.238123915304,54.79835643668915,2,-1.1131516583052363,0.6963520289476455,1
568.2752117934648,0.2996044695974865,1,0.3418439745512173,10605.246396128225,23.132889774778548,0,2.0242641380477493,-0.38584297178420934,0
612.3980546675998,0.14942179844933023,1,3.68218122240577,47874.191533028235,33.73863586308927,0,-1.9660396099993203,-0.13099249022024329,0
708.302521700928,0.07156619443380767,0,7.924856570391774,45075.67212113907,41.492544485970306,1,-1.8831888832478512,0.8810046034744912,0
720.8400887695582,0.3678099284088677,0,2.7743466212075756,33088.035909553204,38.27687403490924,2,-1.37291464975775,0.3219288809817742,0
495.03828740406084,0.5203230661317795,1,7.0812062904885416,22866.97627813118,24.675671986872793,0,-0.7564385479698047,-0.19333922165592754,1
638.0412790281064,0.2587779110479761,0,3.568160203723626,16842.617058480064,43.593559296031394,2,0.7271452758709648,-0.6097390166152326,0
723.1107726626806,0.21180581598955575,0,2.566052720511886,48148.96532217597,34.81199082740132,2,1.4895512388592052,0.424225194849255,0
629.3684112312515,0.12478642706445636,4,3.222111621167145,20040.855751032734,47.992531585037945,0,0.5947574548544017,0.7268280760275143,0
658.7052216731371,0.2920008675176008,1,0.12008623714182813,31651.68779198221,55.65363539129511,0,-0.5401688721799539,0.9628417716370665,0
530.3671299791785,0.161297439634739,2,17.062044909610165,7600.555388999876,35.2822877658419,0,0.6673302983546657,0.4787762069993269,0
611.5973074545363,0.6355944766510461,0,3.889215382626236,7686.42397104288,42.29816028422015,2,0.9898544715057276,-0.2364674457053617,0
796.3020343510581,0.24678895867163156,1,2.8661776811949853,17324.148690462738,31.132110437853644,1,0.971789565983017,-0.9181837572465716,1
586.954557238772,0.06907794976700335,1,1.8176985637397527,14459.448669700821,35.62465614950983,1,1.288172897934142,-0.3520273669516494,0
534.7494125443186,0.08966820467991891,3,11.92006603420251,26311.715928511363,46.94769187301823,0,1.8256232239945638,0.8514988066786726,1
661.9577406846724,0.2344048895700285,2,4.349093745455227,36015.43934126399,59.750408810848725,0,0.7694211440098767,-0.8717916328882673,0
713.0903466452592,0.2184107369935331,3,1.0703310444262335,29269.096904331298,34.69397721724783,0,-0.4606786014439712,-0.8913856825372859,0
745.5048392500205,0.35790200524505433,3,1.7419660217142372,34558.59823251607,42.521624452195695,1,1.2928459299383592,-0.6072679790161573,0
608.5821886299783,0.43577275905643853,2,2.6119225656486558,45483.36076366914,41.834649235219906,3,0.42649369152612515,-0.39670123059646833,1
667.7980461302975,0.3955121520937803,3,0.08016112909787639,22795.407751054277,44.167619586203905,2,0.5653318971619636,0.4122524615818459,0
693.5483902628314,0.4293593562716128,3,2.9851869136476084,11966.159493292875,45.717628703618566,0,0.11605884361277324,0.9369705926088363,1
701.9368422267369,0.016652606355626026,3,3.0283725119019795,3367.473350561217,54.606944075327974,1,-0.8526461053457135,0.11591317387360012,0
606.2237804792364,0.21037116555517513,2,6.6827861321893725,46610.28924666668,42.26166339324912,0,-1.247648775680551,0.9051448753519513,0
787.0179944716556,0.12021328179680163,2,6.6060652019962784,14141.027909119013,58.46741775743224,0,0.5891022993944602,-0.7501383711895901,0
595.0162381959415,0.08019286233292289,1,1.931186607815544,45764.16206409656,33.24346878814081,3,2.4255862128097467,-0.8072572467671706,0
706.6297726954508,0.414612774325837,0,9.116504085156226,27043.962690305285,59.61622848569547,1,-1.8074256119057288,0.11108428307217522,0
648.2471011083579,0.10647808866597412,0,0.35467760417136057,49906.23822943672,34.16675217890389,1,-0.5559013527257461,-0.5473540035359497,1
603.0225148780384,0.40204630486177234,1,19.82683987657294,22631.473610362722,62.58797672481762,1,0.9746780497809105,0.08211626060901867,0
598.5718960829946,0.26084302375820584,1,3.43169382610104,30251.02047368154,40.09447837994239,0,0.7831848855114502,0.8367401893376816,0
603.0922471263813,0.21485888886800153,2,3.6794402271384823,44744.470104032494,47.36618357889464,0,1.2410504526162056,0.8189077118151975,1
614.2503147957362,0.1432082570545451,3,4.1262673361474524,17775.854586408223,28.690261372940284,4,-0.01635675138080616,-0.5203956762352058,0
568.4891520515273,0.2824235904989729,3,4.7935716278112475,13375.588954209847,46.516895503716334,1,-1.2683936159639018,0.8738407514810371,0
705.7927762569416,0.2847383790239412,4,6.3769487439091925,12872.90538531621,39.91430975707434,0,0.9273210247740165,0.5040978203963038,1
593.7187747503822,0.49785981020757664,3,13.380718121130188,38218.00535591746,47.636903330716244,1,-1.461245524389743,0.22182227970162227,1
600.7983321039604,0.15579464130819926,0,5.658195455711717,22396.339002640503,18.0,2,-1.0777620926118148,0.3737319903669034,0
689.0952472966587,0.42366452080398787,0,9.685700827296719,4633.601096747829,36.4960672766842,1,-0.2343825711238276,-0.5495385144171305,0
641.3630445493081,0.338436724414268,2,8.889243127318206,19326.295308559722,54.999497782659844,1,0.7589978436883577,0.5316383806259835,0
536.247709177687,0.23551504416276084,2,2.6180436582489737,46641.665657379235,45.913306022590916,0,0.0296601851231814,0.24458740075842988,0
575.1192401164587,0.2853746442323968,1,0.24184494401870646,26464.50950613859,33.98012469928017,0,-1.0387237688911337,0.07418217688113238,1
634.2754204463205,0.31126691529204065,2,3.0628671029248435,8262.4493193818,18.0,1,-2.121890865780882,0.8270812051859215,1
604.0009730106026,0.11390059660073981,5,0.2870131053432975,31611.153716803154,52.22461995543366,1,-0.4821059276323409,-0.18962092363831928,0
710.0386029802432,0.21502526680003128,0,0.9569984494323971,43495.21827494462,38.28234440620686,0,1.2185514030778581,-0.4566576490485681,0
588.847837680735,0.4644964054509121,1,1.7135306209882688,44915.065983678534,61.75815944279988,0,0.9456138662385405,0.8644544941709393,0
572.6298343165431,0.13613012070622538,2,5.966983803968018,3678.4912591438174,41.522278792057904,0,-1.3333517366712357,-0.3205652053544177,0
569.15630329771,0.35040305568513336,2,7.798965594655157,2637.170989342549,38.259358972337274,0,0.21821402942572965,-0.9460115907176065,0
682.5325797566111,0.3533945104497405,2,3.3736722290399337,15211.989707563334,26.469533629886826,2,-0.818275295851664,0.24252452700323746,0
688.6777380868587,0.3192749999182073,6,13.936875472663402,8837.753330006457,46.20259304419241,1,-0.6653870534480139,0.9030737969747287,1
516.2044329943295,0.21423591862861535,1,3.096316210854983,26970.014953151578,52.585909261796324,0,-2.49350819107655,0.2808862296826862,0
699.7660157214482,0.3146271601390779,3,1.6906205912419894,6289.3632150492585,60.91683365731386,3,-0.4270010073646063,-0.8638004407297688,0
718.8778616396758,0.26438397925537427,0,1.6042068053315182,48010.73221108513,50.12266543107978,1,-0.959922629549391,0.253493578812128,0
514.720179055276,0.5967610542155127,1,0.46700702024287966,9816.238024096869,22.374881884748834,1,1.3822861491034286,0.08405078240253627,1
594.7654856511232,0.26105248762280364,2,0.38008664183436025,42226.21142079701,35.3719409485222,2,-1.4596358968659373,-0.4201886311926786,1
764.311393948638,0.61158608203715,2,13.577630508093566,30815.764447172347,24.81546970365247,4,-0.16413296848040862,0.588008876049982,1
730.48813648202,0.1126103366141683,1,0.24991848969445918,38389.397219197155,59.3704443097155,0,0.8427187271249117,0.8329314053820647,0
651.9834127400834,0.18189708241936897,3,8.017272561725056,9694.144759314437,32.41387737494493,3,-1.1273376929141528,0.4437951730104872,0
690.0999517031546,0.13164779292928117,2,3.3587891855843175,24569.361131105597,32.66781906159316,2,0.007472775546647723,-0.24973519904897978,0
818.9615698896059,0.26310385518020335,4,0.808087020848496,38987.42338298586,44.141823634787855,0,1.7736934579302261,0.6388561349539179,0
690.2237578762098,0.14452143997714392,3,4.174481236605219,7864.783217589501,46.362664012768136,3,-1.6378383423273397,0.5900890193767188,0
552.3352910864886,0.37206572047304215,1,7.574929203834105,19353.692127920338,30.558934213304912,1,0.7284179546348318,0.4321507993374285,1
759.1951199680661,0.08568209440970027,1,1.0115028800313848,31268.016193210235,30.033592232859288,0,-0.17493074020246702,0.5735576540593905,0
580.3248887500305,0.19130096477902356,1,10.189966465419648,3049.610176493413,49.075779100977286,1,0.4623743374830669,-0.358609252552891,0
729.5121788678268,0.25981154990551036,3,5.390867906334439,27214.44588839789,36.11542217985874,1,0.3918437496797094,-0.43122188093223834,0
702.5016528765511,0.22188115768459996,3,6.541864662622694,40552.45123175447,29.54377861886305,0,-1.1480702713194435,-0.7392139058844986,0
721.1610842404609,0.49031831251665536,0,0.8604039003515109,13493.64084110521,36.64558514105955,0,-2.1785601701789505,-0.837102019355568,0
773.2746380327326,0.38542387589935534,2,1.9837404723785599,15119.058191665512,42.44133785719396,2,0.501364836962523,0.8896820290445768,0
532.7268537193638,0.07771499949316497,2,7.172592000125453,4456.924532532954,24.08627827030339,1,0.5061466218717501,-0.529236392442687,0
644.4329156048963,0.48499926140630994,2,22.345649579566633,31905.563140003436,43.95299758273974,1,0.8793928359969786,-0.3696751432145948,0
805.6839602036703,0.04914663375611158,1,2.2488360871057314,28896.5914657281,34.9644598986968,0,0.31161104059870653,0.2845700937819715,0
728.1105395615958,0.6029185111350314,1,0.7226963223449713,15339.058536661398,34.5901541670447,1,0.8833326599608798,0.6696905654170378,1
664.1726669873051,0.10810975899263821,1,12.6169634702556,34448.07614059534,43.233348005103,3,0.4810359826026308,-0.9646715698628452,0
568.146149597684,0.05556800662239773,2,1.9418967884108131,11046.61435568102,29.98194496845113,1,-1.679245549525289,-0.5868928855951228,0
658.5376394361566,0.27521074991572064,0,9.849476535101175,21313.55062966477,21.334346775878988,0,0.6995384327007522,-0.180825854065358,0
577.0494961164791,0.16549245882459884,3,2.2086537904874612,36956.832515074515,52.13490424906756,1,-0.1936678307239237,0.28306193683996583,1
532.5306434828459,0.29031590834904547,0,0.21187148230230446,12090.925411004926,42.68392504846886,0,-1.295788090825017,-0.07317337905463361,0
696.1182962446842,0.39422215775690567,0,11.223169834912186,37272.16965371262,40.255665038576765,2,-0.6621909881299353,0.18503720912092514,0
655.2244484270678,0.10188991180933889,0,4.508962277788566,28764.544286811517,52.30441504557931,0,-0.39229098858136574,0.6892578756326366,0
588.118975779143,0.20445315891455318,1,4.942398302693062,35860.42821506813,39.2489736097658,1,1.853793992226653,-0.34409188635109444,0
681.5958551169798,0.2618373637408078,2,4.391860130723443,48171.2224415817,26.791473110411175,2,-0.20626340960475284,0.2889057763991316,0
609.688808976948,0.22140924367764195,0,8.839848909319555,21824.48166856974,65.45535865100342,0,1.198803653734846,-0.8009302805971821,0
792.3647267365905,0.0471721760427439,2,1.4900250804399757,36965.078958234066,36.673122902948556,2,1.3840451051919405,0.9888084020959269,0
647.5542044504034,0.1420117760181669,0,16.66718149667988,44443.17709809109,66.60443414327459,2,0.4043727794545558,-0.798044966404241,0
776.1670569976077,0.21499761263528638,1,0.4007465522423204,17363.27747293567,44.780393824831506,2,0.16159436861126203,-0.23407338400912514,0
584.9758319328888,0.23034985808383135,0,1.0063669896634873,36477.978158510465,51.90394843721624,0,0.9837777952381289,-0.5633912790545166,0
699.0679332322909,0.13781550505360526,4,8.734789387447014,19102.638576103946,34.50974842902669,0,1.0597198857851846,0.8054755472255972,0
797.4959981182054,0.2390616790016937,1,4.80006795838252,35246.329701855306,37.18511934982512,4,-2.1573891380745724,-0.1371473202831579,1
671.6872785772689,0.30815943549281716,1,7.616741035614437,26300.776112196934,42.89824063872496,0,-2.4603220019130365,-0.4609383059812273,0
740.9158101641212,0.38020267135530517,4,24.433199777698547,4588.125458245171,35.074487545811536,0,0.9777213620168255,0.29277650190775084,0
510.9334505460279,0.2252082817513093,3,8.23946361316148,19200.43157612229,49.04309543764117,1,-0.9006825805768213,0.9524436511120717,1
706.5707795456742,0.23070802536444657,1,0.7961080828681195,6341.16357323553,42.00928410613382,0,-0.7183151442800819,-0.8355024681896128,0
652.4308905171906,0.6397784960486621,2,15.191362574931311,1219.9121104953867,25.55403039586813,0,1.0185431189548297,-0.23903632289763688,0
711.2001581907606,0.16666901860211655,3,0.26366089285660554,4744.089254054863,32.591671916267686,2,-0.2681462391216946,-0.04251919681850458,0
719.4132174410489,0.5886561722692201,2,1.4893644301773303,35199.67916522798,40.224713665708435,1,1.1701445202924057,-0.4245496653907712,0
469.4999905751665,0.28612995882740866,2,9.52820991739592,4991.666615445098,26.796032758422996,0,-0.2381747603731265,0.9163804223279495,0
614.511780831512,0.01784561127381209,2,11.744298512544685,47601.91952710102,44.16297942150511,0,0.04757529800553892,0.6039151548895554,0
596.3981375520431,0.23202899145560732,2,8.656593323908664,24384.859015693593,43.89437025724209,2,-0.23930936581343282,-0.24156020219761043,0
662.1731352004558,0.371003122020077,0,0.9118521755949296,18679.23364341627,44.5120483743486,0,0.27068880044319715,-0.3304264029977837,0
494.75732822642266,0.506060293805511,1,0.9730158870971871,43715.59034012668,35.10856179296158,0,-0.30733714702238013,-0.7774169916560452,1
562.759306601464,0.1540152888838931,4,2.946773610845976,29298.346121612154,42.23026774372265,2,0.6375935847129918,0.15413508989257418,1
730.1536562822134,0.2668015910926561,0,0.08810187387471385,34249.044822636395,31.621700016527967,2,0.6645478044879232,0.7800002414733571,0
664.1513956841895,0.11959014506014516,5,8.332827731373659,44245.14641796341,24.234967345924392,0,0.7130798846659524,0.5883101512225597,1
562.9588366866683,0.1491246762364316,1,1.0016562203470774,25460.733406516058,33.335896713403336,0,-1.3961744168236805,-0.03668241102767178,1
629.7426106355625,0.16877094262525733,2,1.3464192791802971,1409.145943539782,37.92955473947529,4,0.8598529893505301,0.9957032414048479,0
737.8618446180676,0.6816340047736391,4,5.630477649482588,10873.462649303297,30.617997835554945,1,0.8332479212538403,0.8853779705919307,0
502.8346571225615,0.21607825966135766,2,6.898342285876278,48976.05098142409,34.8638947234867,0,-0.7616895847642602,0.8326646425209794,1
633.0857109166192,0.4515238669891578,3,11.572726887639472,40600.66261973651,18.381935821876514,1,0.15320425315425415,-0.3795974814707397,1
631.6269405367351,0.03916084433701741,1,0.8484524047204922,16735.807429039098,30.107910794494764,2,-1.6697348120923654,0.9995715262059406,0
664.9583531575238,0.3831757229397872,1,10.312958582247266,3542.9805899308244,45.038154295866484,1,0.10164828983427168,0.43914827636104325,1
690.3023572934308,0.42014296223355435,0,3.6884475448036396,10261.621917863495,61.08734412308098,1,-0.6359085180394393,-0.18645169259348804,0
802.8274001270435,0.16143216950970932,0,1.7597949705653555,47827.95439724016,38.19607092305647,0,-1.0398790512780594,0.6061091644367056,0
694.3024955541289,0.08307688174234013,0,0.07118707416112457,3816.9966659063434,48.01659410037599,3,-0.07627563404248566,-0.034580798442358285,0
603.0014826137954,0.29767719378316876,2,9.061909717499063,13271.14390232286,43.753984471534785,1,0.8864002747094581,-0.5705651589720706,0
750.6359954356744,0.21534454545045503,1,2.639334460215241,30468.406349175275,54.458510826314324,0,0.559059947255549,-0.38133844997004407,0
581.3065281521657,0.6325157283896897,1,11.648171731596037,43538.79384719328,50.225613057820176,1,-0.242704246340416,-0.43352263066862173,1
684.8949676273355,0.1861322118743398,1,3.2738435598916347,1759.6599720246109,18.0,0,0.6713698452171342,0.3263676395820925,0
775.7170441047779,0.14089843058305532,0,10.073668622330452,28308.053894685894,40.49368060786455,3,1.9016633709201844,-0.6284138792511427,0
736.1851905094135,0.1888159159660429,0,3.8466891535149337,28841.890389607062,18.0,0,-0.9296489152835195,0.8299457251467861,0
714.8871741323618,0.30011216291763193,2,0.9317549410340962,9042.73597045757,20.331017602194898,0,0.3816349240754967,0.007802732821480696,0
471.47698890225894,0.08354639051760447,2,13.437030993967358,28187.91866613762,70.2507033404748,0,0.6348962590404188,-0.35993444356141224,1
641.9197986155699,0.15892668737779003,2,0.2509475812982158,28471.11398601347,25.008677700641975,0,-0.7793137891549062,0.12771091850209726,0
603.0099946760621,0.6723051227988112,2,4.166411356291401,17700.753720868404,29.921506944149826,0,-1.3309782222533653,-0.680413824096443,1
755.9894617182977,0.4324973969873648,2,9.60848745875709,41021.06619647169,48.940121421212595,1,-0.48547321699432133,-0.2007895860614639,0
717.2518782510475,0.09871611451322383,0,3.714908909010573,48101.90610658328,29.84960012901664,0,-0.4410357997851611,0.572527123621293,0
670.8884945250365,0.3886217700594082,2,3.5832610844235586,19066.689519404303,34.24267441590251,2,0.9945629179835215,0.48768953824520556,0
713.5553318640974,0.1724637831112733,1,9.171581208508233,36528.27412848823,36.75157918092905,1,-0.37237926385808506,0.15961379314780388,0
598.0306810790373,0.18569408641826846,0,3.9520218528978996,22925.92055574662,54.867869402987154,1,-0.3027730881425813,-0.3535461902509598,0
700.7427608306828,0.3787707778333444,3,0.055509995188727554,4996.51695062438,46.41540883240628,0,0.5035953909552222,-0.1659509564474242,0
657.6002129979867,0.35648051197581165,0,10.562747116528898,43838.83614113249,44.35388297325488,1,-1.0538610944022853,0.03570035222643475,0
515.3434554388145,0.3855159226189696,1,6.310919725544748,48394.679469100476,44.51751190676768,2,0.49055138774944207,0.9816895821013429,1
677.5236910395939,0.04916059044675219,0,13.317373546910595,30052.379263222745,37.26185154474837,0,1.0133423169114002,-0.7380750341841835,0
706.5726424506615,0.19659755532157366,1,2.2212740647523077,40988.112945832836,46.28785962838375,0,0.060262220876796065,0.9261561641655023,0
745.4731668112507,0.07814862553576356,0,12.536276664287447,4775.514497001552,36.367892210983314,1,0.15697752799235626,0.7081905942875857,0
692.1910822052006,0.6765806867008408,1,9.945286830757626,44126.71465282862,33.13313647565677,0,0.16708031018102118,-0.9491845178123584,1
730.5363139137869,0.6597795175829969,3,8.544512050844844,19013.004617559636,56.814880891884485,1,-0.9449360281340756,-0.8791445087445704,1
511.413813433338,0.15954089559879228,1,4.00525615480267,10479.05939856645,34.59994573122752,2,-0.2296959716127776,-0.3867810458517811,0
620.1270269719743,0.06022535132995217,1,0.9657259471322834,47287.74574780594,18.0,1,-0.7834707055630917,-0.8799753214625088,0
638.5991682335865,0.2683787321572232,2,0.01913003288339367,48354.26236567357,34.589206953598776,2,-0.13981414410956372,0.8730378322046888,0
623.6206108189986,0.14036864125329915,1,25.682199452069593,4581.798911407554,27.829384173958246,1,0.4365685022962147,-0.3052992462958348,0
642.87663044028,0.16192007789705196,2,0.6215378433974648,48789.64674165945,20.94860331832587,1,-2.101899035728417,0.08137357095362607,0
603.8083001008986,0.26250284227433596,3,0.46081650559390575,11980.760775105851,43.60996845185556,3,-0.8662225825955171,-0.983022481725097,1
708.8932383396016,0.40551242950721145,2,2.6078363844862156,26481.417130485628,29.163608347481272,2,0.513705761214663,-0.21276297326852567,0
570.7035561222013,0.37909042575774105,0,1.4246035625945068,6246.631368534966,29.943046739788723,2,0.8542360767406855,0.24624880973513275,0
660.0139689357028,0.17938597849128451,2,5.283600781168327,10044.921087640858,31.56687631511131,0,-0.2512600365235823,-0.8815247754848725,0
655.8522170538798,0.255666615218853,1,4.6308435891373625,10016.57544975661,23.637980394379202,1,0.6888399086326777,0.645799740553638,0
661.514978750363,0.04975211057834974,0,4.824003840289704,14219.309481061671,19.64010978676518,3,0.9308682229822735,0.17265748878363385,0
574.1820545819947,0.35518811898615477,2,4.07064386061122,4915.7769808238845,25.881672624907957,2,0.5329186759107504,0.9758634583959895,0
761.938393974828,0.18860548463315918,3,0.6083492565319428,14032.70700765932,67.9650573326647,1,-0.6610965699900497,0.2814923200563513,0
631.9101018916372,0.14359485610271036,1,10.01039035058973,10044.825448781423,50.40894556260066,0,1.5495537205973626,0.6444478421878521,0
534.8916668122573,0.21293001116391155,2,2.049512261477811,30370.807374621574,41.677645306361036,0,0.03225000880342448,0.42094497482728466,1
714.1040814637622,0.4846549369236717,3,2.5053859371077216,33749.13572159798,18.0,0,1.825344655783314,0.5115461485555317,1
649.7334843253036,0.12361870714504673,3,0.6821017079737447,46068.13610428279,30.63782771860007,1,-0.9019791944893868,0.8751715176209445,0
642.2446753874059,0.3509896478840729,3,1.8963461172652971,21642.975206871495,24.81331897774268,0,0.12939892142908574,-0.7068400840119944,1
642.3302839959199,0.32676216608544895,1,6.936211978591467,26919.44398832469,43.15634145106314,0,0.5936876757351484,0.8101442403693044,0
681.6349571144232,0.219380038319328,1,5.512363831389698,43262.05553519731,38.80501933404267,0,1.3834774187737038,-0.8915590950102694,0
645.740556629767,0.13063042294410232,2,0.3041615811497735,37350.11002399422,53.95352740310348,0,1.5180520823940482,0.9831911478660511,0
588.1200334004434,0.36035403155177065,0,8.434173364184673,43657.56812435126,33.81991073411455,1,1.7694480478229226,-0.5285123826878766,0
536.4651593685085,0.34107922123018086,0,1.4155156721781235,35215.1843318159,36.70372434975493,3,1.3043276098337917,-0.01830922077747954,0
674.2761546075703,0.3367155108452497,2,4.560918075395684,47778.18209984851,45.234343587711905,0,0.519173023450256,0.16329311547234582,0
528.5434635848452,0.24966638272541894,1,0.45531500695489024,21292.724886113672,44.387837016629625,0,-1.2602830162472416,-0.6752892072728252,0
739.5766180199096,0.30363172964694535,0,6.3135054667468395,34216.513874075215,51.29224827688755,0,-0.427782677535669,0.9366342256573825,0
573.6911230596667,0.0583368591260191,0,1.5895525289150534,8005.893599313283,51.41956857372555,0,-0.5818808436004845,0.22149687927940587,0
582.0308782427323,0.18636444337621597,0,5.16804445168349,25812.52363495003,64.26175883629847,1,0.09489119688688281,0.11532907752005572,0
571.4480245562097,0.3934657464723905,0,2.1591079096728745,36628.36539551852,43.457315090561956,2,-0.13665550740599638,0.46221713228780037,0
540.9537865475436,0.38678837183206005,1,12.667444854134766,7408.335216297173,46.63343026282621,0,0.14160960780291246,-0.9633119936335084,0
588.1921152270005,0.2958659484663823,1,0.23355502169493073,25565.433229180795,41.98764576880857,0,-0.15359091039504497,0.032802688043068295,0
627.3099638194791,0.2506893295903357,1,7.021935745247125,44945.124649713536,36.77981581096732,2,-1.6470849704078878,0.9910082426814604,0
463.79167658390804,0.2327300162209785,3,0.13221860442192762,49765.6780174708,38.82171277766132,0,-0.5861009899707937,0.23317810070755085,1
454.3818007377039,0.38304913996668233,0,6.7576238962246125,39679.43588149062,33.3240299869549,2,0.8140155187392485,0.5633365022398671,1
592.7308058141193,0.20652894308066913,2,10.117700882154391,5576.060806561715,40.05251150636264,0,0.5694060065854358,-0.5315489004260232,1
720.6717473964853,0.08908364437538803,1,6.055380946292683,19920.02526715517,45.43175163035381,0,-0.2184474732086384,-0.27286952259412445,0
545.9648114719934,0.04782673683802643,3,1.3597342234039542,28094.331535126326,46.18132198821178,1,-0.6864537502878595,-0.8951500210755468,0
643.8928732737087,0.5978248017260537,1,0.3259408254480425,9307.221402924844,44.6304907020712,0,0.8013491243660052,0.5350038142567894,1
764.4445452463971,0.26738274673278456,4,13.358982561436463,25738.329932292167,38.80981238457819,0,-3.1651410150757844,0.2600931561561519,1
544.1273133420896,0.15089156310629218,0,8.317757709867683,40372.60605391939,51.351876106762376,2,-0.03109979772179261,-0.7459959934980418,1
614.9315067066593,0.20587087819661454,0,2.439115096013967,40061.83907601557,44.327594154119424,3,-1.0579364117545174,0.9098356828477829,0
590.5478015048988,0.3458857918398384,2,4.102398221213327,37174.53098938222,40.97932978566588,2,0.018351371471873126,-0.6934381821291411,1
721.3574065598317,0.17476736850853178,1,8.848862999430324,30717.94754327418,28.356979446065726,1,-0.6945350111651363,-0.5522094774663022,0
687.1098212182816,0.4565885261896614,1,2.519999978132317,46463.06293605493,50.87172915503287,3,-0.2423050703149349,-0.3345200983850476,0
699.412867738783,0.5860460869795376,5,8.744978184201749,25833.334864601162,50.43619183451059,2,0.9832387775471426,0.7712574954797997,1
849.7133650207883,0.2567002625769517,2,13.392206878277555,11290.998444813926,56.615974866571975,0,-0.5649952169739162,0.23097191857795685,0
780.3580178247254,0.16646297153281256,2,2.9052874365523045,49048.72483595274,18.0,3,-0.8420559633879546,0.4794012604447633,0
642.076423864768,0.3244725108676362,3,16.61565698877155,41731.66791923139,33.2178086752929,1,-1.3830056070737706,-0.09602376048284267,1
633.8406435793471,0.07358991276146985,4,1.0703747809246265,37221.858143091304,44.24391801800586,1,1.1652837537641603,0.04316024234581062,1
534.0939289064186,0.5756811597939537,1,0.4044382705483065,33611.613355706846,50.00910126655981,0,1.2435628401129464,0.10570705031260896,1
512.8668250053963,0.26423874691348576,3,5.637779763441238,42575.4187457592,18.0,1,-0.38309770346937344,-0.2677809499423349,1
646.0286743377701,0.08892499436507498,3,6.371079108516011,19978.992602687824,57.43460262985588,2,-0.1318699073216391,0.6521727977014948,0
546.048362929398,0.25008686709275585,4,4.005177632822922,25787.562666321686,50.15429436125731,0,1.3251292707481965,-0.624283907002948,1
700.0284343506147,0.1973513364236603,1,5.882489505644105,49815.73425006712,41.182528092831795,0,-0.6082868441919196,-0.6351687651917752,0
586.6624569821736,0.09822545112377226,0,4.580042257890437,18821.79508578959,51.61231020908323,0,-0.25433616923943037,0.6492991305161921,0
603.3645284396018,0.35853046523068904,2,4.560205772066512,46180.90968162728,36.90189433319787,2,-1.097778658773632,-0.42105315611256544,1
525.7855567152669,0.23126814826995248,1,20.688446347525286,32242.314352872876,32.549190527101885,2,1.4204376592693,-0.5393194997447441,0
818.8122819375121,0.47261150426895754,1,0.5731383440887488,3936.8393773405696,34.5890694006773,2,-0.4911197394030367,0.6591865300210047,0
710.7063639218482,0.3407530791995589,4,0.36289864513147857,29607.082088689152,34.30777594067748,0,1.02126812677811,0.06429167584830431,0
593.2055807144333,0.24431354691292176,1,2.0582415113520547,38370.03322114085,58.3445129432381,1,1.689539657511897,-0.3339697112946969,0
662.0917625716925,0.3095492028614463,2,3.378604040153091,37467.67380244129,42.65843512633028,2,-0.10275904899435094,0.2588980005927475,0
755.8473046384948,0.40007790312103164,2,0.2516347980184638,44478.194756469034,28.957615453264143,3,-2.6519280853509333,0.6822292593070027,0
575.7739940618474,0.05287489639605627,2,6.78006956783805,8973.860988936714,46.84921151472093,0,-0.23568023521733625,-0.5723012108128633,0
802.5278946164894,0.43589908404152444,1,4.289104080934118,4191.966471071371,35.49312142554822,1,-0.8117295842628267,0.1914856301490111,0
567.4260084469765,0.7628925766968369,2,1.1212282514888836,40349.73881713458,24.45940998963523,1,0.548429481201821,-0.5687083193739035,1
635.8110813382802,0.4251130403789185,1,3.303296134859109,25641.950038422394,47.53988780543404,1,0.6948183597052983,-0.4159004235264039,0
517.9697283482268,0.09986883846180859,3,10.66996166148341,21158.41671369209,23.879577924349967,1,-0.18510477236656098,0.8056949146299692,0
446.91910991562986,0.0953283236628235,0,1.1073107015601251,15164.933909926107,22.82292778151377,1,-0.36226371909787636,-0.3738678246809395,1
730.8072624428657,0.2445490308072701,1,11.180427599566116,10359.329978969932,55.64734826504906,2,-1.3490803634813098,-0.6247230203427441,0
656.8561673610715,0.13202543940165046,1,0.18294378230683572,40097.661773889755,49.50197843549619,1,-0.8896181132474086,0.686425854480099,0
511.2911215748376,0.4704844543362235,4,5.305349266566765,32898.63970465871,55.3867098905846,2,-0.5151120353210709,-0.4857627739981978,1
518.7519035896047,0.48692317194637685,0,0.1595502273486077,9081.720024405111,23.835202002683662,2,-0.38968700867986916,-0.043534277463507465,1
741.6289119725532,0.2619854944375953,2,6.891849899502308,12847.846573491152,38.55987603229834,1,-0.8815894776105864,-0.7958247376110268,0
637.9523913181823,0.16629274148023138,2,6.6897039496612285,27126.548506271818,71.01686835377635,0,-0.10064192343746563,0.8486258390968573,0
764.5154597677263,0.4744027143863758,0,1.760605899964254,3030.8454343491826,35.5304370908035,2,-0.622832896333575,0.5431271230988373,0
700.9269414589043,0.18171480576323598,0,6.313476018381554,8904.965097557795,30.542106332535692,0,-0.5912080140372851,-0.9054620554595807,0
644.674972195693,0.4980855730189194,3,3.057223053266161,49921.570873515055,41.78136711189417,1,0.2348105635017718,-0.8379279141884888,1
652.5863984614605,0.06315152210286817,2,9.217961515982408,43375.07012709928,50.03591581863825,3,1.1535104023833784,-0.45524300560667785,0
605.5941082202683,0.6030994248764062,1,13.229413060687943,45086.82747913217,32.79721110197667,1,-1.1773434968538599,0.7346821410364426,1
657.8228887383207,0.04681645376438468,0,1.2941867968468912,9244.589257490297,48.297490278142725,1,0.08715662848012118,0.5534242236902782,0
645.1212014392092,0.15292475077264772,1,1.175783887108093,33604.57120581338,29.772053990080817,1,-2.9841907853189804,0.9249273283390069,1
717.0013338127122,0.14877555917002072,1,11.565071920843021,5191.146127651164,36.70323139931072,1,-0.344983059903378,0.07142653949816258,0
636.9265247139136,0.3486549693615811,0,6.678850680337019,28509.474542817094,18.0,2,0.8318554664088385,-0.5627399611710227,1
715.8844393494991,0.2519456289532604,2,26.799580351397378,40452.601125497094,39.99517375136111,0,-0.6377288834780347,-0.26376780846260184,0
723.6505832619915,0.3344834958510305,2,1.166511206773901,20340.644585153914,42.090805671305596,3,-0.1142496019228864,-0.3626519329532494,0
664.4610085585904,0.36523205479374493,2,6.156286360744741,27925.423309401456,44.920750776578124,2,-1.0681645382877238,-0.8933511894912018,1
544.9625332800654,0.0837712416540042,2,12.131321976122953,13413.333416798108,39.179922419290875,1,-0.41884302338392015,0.8186239991794602,0
637.1618635158173,0.4543859436669469,3,2.457361133913555,31704.688294078187,27.679855337400735,1,0.4244386591039705,0.7008722643658247,1
497.51402832110654,0.2227590384480854,1,4.045837817096202,45196.71457014294,18.199144295200437,1,-0.03643788457200018,0.3987355971024171,1
553.4702702918024,0.07539875209937927,2,4.277562944624031,13239.880299005516,34.840006727138295,1,1.1967402581241764,-0.3381076690175928,0
708.4334666528241,0.14392650085322323,1,24.082853193822626,21337.571849272143,18.0,1,-1.1602740707140684,-0.801155708466492,0
689.5914231542027,0.44417630081061693,0,16.078703176813175,29482.277144004765,57.58065369973853,0,0.729618383279032,0.8467579709772599,0
649.743289725201,0.26739663078151626,0,0.7306742246797628,14394.185067272016,49.0276103996742,2,0.12483375137344048,-0.3317038772519225,1
625.8053474402059,0.11310833070402421,2,0.6337077264917812,45841.73917399613,47.87945203880728,1,-0.4325623578410376,0.7623834746511822,0
590.8479243023775,0.4483321629573315,1,9.713456227553474,44788.381047066425,50.972651899926205,1,0.6855201538210575,-0.3403019525184423,1
608.9750333646524,0.24519599026814917,1,3.3179582350037458,39035.27027669232,38.51622964110526,0,0.554138279763574,0.2935038313388689,0
727.2201213819204,0.5376956690644119,2,11.035832808155137,42022.74116442079,34.32664598790248,3,-0.89961884835346,-0.7644643138300127,0
688.1343405887867,0.3359610049960858,2,1.4996568555470935,12956.353097632662,44.78110675670239,1,0.7023172270580073,0.9035319358419307,1
540.3026805167461,0.1628051598581396,2,3.815920290362178,24705.809893043555,45.31028766679961,2,-0.03301335757003259,0.09941494661650463,1
665.9082274051643,0.40097074548873723,0,0.20287395631731223,30841.616499490832,43.76384187119302,1,-0.26112703431233686,-0.871725753046966,0
661.1970263750569,0.2404933915232173,3,0.49388999974919146,42945.074653959586,61.27254276723059,2,0.00890362957380127,0.0015724636044363027,1
781.8938778702467,0.5554273294555726,3,5.937871539284999,20592.350679681254,27.99859604121462,1,-1.862353511813754,-0.2107841793595293,0
509.3958600412724,0.7447191149707575,0,3.989074495919338,31278.6833071083,40.15018898820944,0,-0.780334349008955,0.2708911758331005,1
587.3496368722735,0.15562466965946214,4,0.5080094960997366,20214.72557183376,61.2884594725332,0,-0.24971474855465356,-0.4132873334190732,1
727.8900668973154,0.5945546859019252,2,8.507357886709197,16996.38976487751,49.34509529666747,1,0.4317481723628718,-0.4002869575015553,0
561.1254220470206,0.5515673446034839,0,5.476363890869711,27082.103227148462,43.09380681023592,0,-0.1655833771299686,-0.34845355712332315,1
840.8497305873951,0.23106207660855665,0,7.5002110048958475,24186.92280677644,28.589720950857565,1,-0.5984122663013715,0.3556519321628815,0
555.6844622302707,0.42839770452907183,1,3.983585331161852,46615.8155838726,37.52615186431472,1,0.9331185933760618,-0.5720055976941887,1
652.3297716175298,0.23768727058007413,2,6.7869374598350785,44454.277643466805,50.010172680086484,1,0.17304081125817372,-0.2705915411833768,1
694.7638046363999,0.2434403660768174,1,0.4165162310583087,31785.30079736836,32.22606699509725,2,-0.8881473877012637,-0.5292845033342835,0
720.4829714022596,0.25907549132937885,0,8.263193735121137,16642.01800998136,46.939156931828926,1,-0.5835524938267287,0.7119645394177669,0
707.2166787804036,0.3832196270029856,2,1.7520532244818119,38020.609912535976,28.377694615766366,2,-0.4848079284688355,-0.0870260664364717,0
613.033797097154,0.2410279590532828,1,12.47670298988169,9513.950147284197,54.117834484632866,3,0.4731266964164042,-0.17646272892331605,0
723.0565604514262,0.44311062127790857,0,1.4677614330066504,46370.966038764316,36.88829763827103,1,0.33600845798357687,0.9541428518810668,0
589.6278009761844,0.11116836991570163,2,6.753921232032994,16368.476427071791,35.81647260818086,2,-0.03069523730396969,-0.9596464364515616,0
607.2018285869734,0.08386344709065038,1,14.074845373401477,16536.539598039322,36.44425333606751,3,0.1717280642318273,0.14751402786146484,0
686.5313968939802,0.054772534780301675,3,0.8295837316541467,2762.795492983196,18.0,1,-0.17716836928396795,0.8191208689885381,0
770.7661566338131,0.11558666396295104,1,3.3492079700731407,21977.532995950736,42.809677088082466,3,0.503245951210876,0.06449367329796529,0
631.746301007177,0.2518753121925224,1,3.328779827832874,35824.50609339461,18.714028057571404,0,0.025896843799958165,0.31066847795557284,0
578.7726774115862,0.13791406437549697,1,1.6164119132527066,40117.38927823576,18.0,1,-0.5257200319769223,0.3434056942666841,0
746.7817525850583,0.3437461083374399,1,3.214817543757965,5173.038613676434,48.21316267533775,2,-0.26632651997398704,0.16769858749549216,0
548.8159974000577,0.3256846279024767,2,4.121737673753365,44993.51364436386,34.506813275767975,3,-0.1568890055190252,-0.9776772439060633,0
797.0545191229346,0.15235506872483218,3,5.2745321511352365,37182.73862298849,36.46866236029724,2,1.2253776838614472,-0.7151830922552966,0
571.2733849233422,0.2326020114691723,1,6.7757716251105515,36860.178557125415,42.89348414852117,0,-1.3907579097609657,-0.900911516387306,1
701.2758757457038,0.293727520329354,0,4.670074704721115,8468.898868758559,32.317984280873,1,0.6551360641456346,0.4218343920132037,0
724.1352980419632,0.30489394005613013,1,0.6113510978765707,7545.947044496687,39.03098539431248,0,2.000932071396882,-0.12608190714420497,0
712.8027243570259,0.33208505079428347,4,3.285979166028853,44820.10800853014,34.768645965701914,0,2.021143441971198,-0.6978160738184638,1
668.1602110111976,0.28396081851596205,1,10.91415762100282,9245.052708757412,31.417455004464724,0,0.17343192754083364,0.8293855214313515,0
653.9623641494389,0.23852951757278282,1,7.472097881888469,31727.40567821255,53.726745104032894,0,0.6095061659190477,0.767939106228728,0
517.7455598884542,0.20063352893699682,3,2.4757898060204337,27169.56464950249,34.88101489385509,2,0.3644304042310107,0.8298777019008794,1
587.5344289830136,0.2122950127098337,1,2.842157418058004,7976.321854345452,25.5181064414923,2,-1.060146476174708,-0.7539305911677303,0
707.9715749884463,0.1357180683390858,1,6.932783008219307,24130.270802297688,47.742499217539454,0,1.0234685544375524,-0.41471846221801734,1
703.0695333293924,0.25930040182792385,4,2.8447531871521345,6670.804757116908,52.01500915863146,0,0.13880114350872216,0.15058816609507786,0
566.9694955511221,0.2914021458328566,2,4.153133652756714,32016.638177080928,29.625227903714666,2,1.940326257441371,0.3935839085085693,1
677.7583215916065,0.4026803827915968,2,4.358928177733848,44724.708112666834,45.361256467453074,0,-0.7851412191548872,-0.4950600606214808,1
670.1624790872102,0.2757507948155071,0,7.51185036693879,49058.803654763884,33.79704996492339,0,0.854995338659034,-0.5809431464203094,0
790.0735073962612,0.1861800988138809,1,0.04604198644223162,49521.63354739273,35.285509966595725,3,1.2589192417212205,0.5142302666960485,0
616.5279072210969,0.6738343401646593,2,0.29922296750906124,17617.984015769256,39.16405863254783,1,-0.1587401645358766,0.8992058191631871,1
608.411418549095,0.30732576060998873,1,3.6247585626178958,14136.124908523823,46.99833643482657,3,0.43345478856392017,0.1023009593777715,0
576.1245625339079,0.28401543361641474,2,7.637890413782279,18087.228934459465,27.772587471512963,1,-0.7713901786305923,0.6451010706801272,1
570.0577223344476,0.0696167121034504,3,8.117723311603628,43084.43083933955,65.87594696511802,2,-1.1893184400206485,0.30796345879616904,0
679.9958689248872,0.34533688597484663,3,17.44520246268085,5260.475557889147,49.973396647358534,0,0.036776629887100946,0.32839348425701487,1
593.6527088736817,0.3913747724796256,1,5.401950024074694,26610.973911096036,44.31683771036868,2,1.8422908501586217,-0.028330293302288867,1
735.9763086376139,0.4656107183832872,5,11.6396945507004,47742.81949947124,53.32192378679812,0,0.4113464917412074,0.2574437264540519,1
599.8160750948351,0.10784548050478274,0,0.19431688139217237,19742.39480729022,42.040710863064135,1,-1.2387477324461984,-0.7729223891945316,0
772.7196540162734,0.42414805118474214,2,9.595251864955062,40003.28281529641,47.844084172818626,0,-0.8869910338350662,-0.9900973247838663,0
683.4180366338487,0.42707545449111906,0,4.476000979975965,46866.71592390416,43.62280732300992,1,0.8782950431075075,0.9429197759434873,0
670.670690111988,0.02247274132943051,1,8.36014334097644,2044.4669422083068,53.04153396070867,1,0.2809434410701208,0.2588670825600634,0
557.965714973323,0.22810026587531484,3,13.428252934256351,30991.806709931752,40.51984758722972,1,1.3737915192594563,-0.36803957741305315,0
676.3291348959202,0.314530914629018,2,3.1487947478860754,25362.908074885345,47.91380468848098,2,0.5065794161173155,-0.24227485787655412,1
653.6417581218741,0.17563492512892473,1,0.610923451092795,15612.477688998562,28.611161041546545,1,-1.1160041837857804,-0.8941435824172008,0
700.5666082701009,0.47257175610662855,6,5.0313811077819235,24025.02166856078,51.86642631845341,1,-0.656355587557601,-0.03565624652396515,1
609.1322161393283,0.21085808249505125,0,3.000158974740783,2812.8730311613,45.817626099323014,1,0.05233250654937054,-0.7833400192041704,0
533.7096098954949,0.2248107260464194,1,18.15319885113307,24590.767148731193,42.215519457356805,3,0.4575933865866011,-0.17183044469192077,0
672.0177279107925,0.4151836131920537,3,1.2200354467110894,39115.996810205,18.0,0,0.7392032472272909,-0.5814372607073426,1
661.1829797359379,0.026215943237895938,1,0.8523028881979937,14768.929482300628,30.09285868465514,1,-0.6556287585227235,0.6746151308961281,0
669.5113888426196,0.3408285192716094,1,4.646144690061763,30790.242047127627,44.43159063064526,0,-1.0782717483085655,-0.7670452348388586,1
730.4520129981346,0.19287628939489335,0,2.2467838845828125,34478.99675251902,46.63096248923718,0,3.0244527872753095,-0.9295775171309184,0
574.8287493763495,0.2627969049355212,1,1.6200222646527518,10860.823189128014,38.577716283060326,2,-0.5858683795308226,0.5643748931754036,1
459.45998898439495,0.4542451581263392,0,2.1236186693161576,8649.408636020828,42.98668388657582,0,1.7848964527039053,0.3367487432104328,1
688.002160187755,0.06588270586968278,1,7.6993281577873764,34200.304081759095,37.60755289725764,0,0.4355911595667563,-0.08800167232249945,0
682.4730016162483,0.399188813844189,0,0.6639327872205119,15312.41984495964,22.59318181905894,1,0.6464879602786422,0.5755408952178134,1
611.8354955344399,0.17533004419400822,2,0.7188365247430155,46348.538289379365,25.22295657893669,1,-0.07916387336080265,0.34684214870648145,1
663.6478561251109,0.3974868706353147,4,9.426459146503866,41660.528316493466,44.57630263466287,0,0.2890159481317699,0.2893892472508319,1
566.1775352219813,0.2338991142598239,1,0.17745052901801286,25819.285964101167,29.15550374794371,0,0.7012117739432879,0.815585716677701,0
481.5042230402778,0.10246996475296714,1,2.859548637452851,35820.80907270168,61.670958491715275,0,0.09133844662502631,0.8093801692749154,0
514.567084129151,0.2882148844279453,0,1.9423792806641116,44394.48301063811,45.06028399917251,1,-0.64926907714795,0.7908046833946343,1
653.3888911901619,0.1309944779249047,5,14.736001086218955,16228.551803146813,49.11373311057781,1,0.9455436991123772,-0.819124536007007,1
760.6168331834973,0.24495068763121958,1,0.08647704960822439,5227.996731957786,19.4479553887682,1,0.06318460945418426,-0.16872667211413805,0
618.8385289355926,0.25184825901131197,2,1.3961576872336823,17085.441591444513,35.79030986255164,0,0.05924798404225187,-0.8360281807583057,0
715.1150328133859,0.18010994964825658,1,0.47458017946889025,9712.424361838526,24.133687097025906,1,-0.9020452731016786,-0.4591633753805513,0
602.4534422820343,0.28592307287524305,1,1.2420282116629264,32046.240971544998,33.11934230051414,0,-0.7827367067346461,-0.03933329074351355,0
645.5648781696774,0.4425097283052168,1,0.5115971112551104,48506.53863865273,49.3618863925507,0,-1.0969569588929342,-0.24071274238534346,1
713.7248579086853,0.28156965049629507,1,3.361915249289264,49705.92398457498,23.8415142369093,1,0.49846513326360636,0.7802114258280501,0
660.6543908087428,0.5682898091390475,2,1.9360529263292934,3341.9905863330077,48.946990619503055,0,-1.0929116802343033,0.9944621444335757,1
606.6657321039787,0.16032830151052074,3,2.4813218082515425,19306.109168849605,31.2171134758623,0,2.3986977219415286,-0.037987541204733244,1
580.7758109180662,0.39711140357419755,1,16.661956705672914,32465.328184303213,27.048044823657403,0,0.6994660951965814,-0.1267842111012445,0
642.5977500061014,0.42292236934016686,2,3.955437300120379,34794.40593056565,45.95412523484386,0,-1.7699225726769545,-0.3571799534350677,1
744.5681674213075,0.1517483060247029,2,8.507248488472992,6613.821076539856,44.00156127049853,0,0.8409088569474596,0.5341355407199944,0
524.3476325054023,0.626969900171456,2,3.4376700013115298,1145.075167259572,43.41070739965857,1,-0.3824853289380464,0.8706741954254487,1
718.7464609221328,0.14288534038637712,0,2.928333049410214,20619.22017392768,24.69638424044318,1,-0.7957412724955989,-0.016606270994994787,0
672.691759423823,0.26014555328836764,1,0.5680399852941113,12119.037185934769,41.11594907255359,0,-0.8267193522065802,0.36135996043289764,0
572.4710186479416,0.1485692276932737,1,4.887790534727507,47114.890880667655,40.79282026407101,0,0.35591198047258427,-0.7487280293345902,1
648.530101670318,0.3717378846643728,2,6.8592303025327075,5484.75173013294,40.50294336224938,2,-1.3968278133892063,-0.37405465085314615,0
633.6771642614773,0.24114584742684242,0,0.3247952185903214,15947.794852802394,27.25870097888721,0,0.7973903520004273,-0.9742207570313288,0
574.1807708091636,0.4434596405950276,3,3.5418045166855223,43616.38088642125,39.92894606166444,0,-0.39984576800502825,0.772512451558296,1
606.8451912117052,0.4946623870642614,1,1.5060462610934409,25787.06537014847,29.515903943849516,2,-0.2858293883870968,-0.17999745053416172,0
549.497015937049,0.23149981422643368,4,13.364894529813608,44563.52998500595,25.45029673858184,2,-0.9720321110672733,0.23749001242417234,1
484.27811300715007,0.1802496371526772,1,6.95979874073552,27816.258728018223,43.876326709849806,1,0.006295471833775781,-0.5866025186449537,0
662.0989150127946,0.21277794213817464,1,3.861107481909341,49120.07270699624,37.21142890272912,1,-0.9131429742267462,-0.29234873663566274,0
733.5591560040642,0.14090982847456587,0,1.6159286348646589,49198.7262230631,20.505150011735928,2,1.6947773679908533,0.35694658509145905,0
780.6679249046375,0.40629772436639205,3,2.2551814023766545,28976.195639107267,28.7383346521454,1,-0.6362429733651883,-0.29353252900401117,0
561.0897161715287,0.224991606461205,1,6.069398718733947,33066.47952088281,42.886769991422774,1,1.5224999489505697,0.04315362679668211,0
821.7892132104264,0.835687993239314,2,1.1280128329736554,33188.05650050116,36.38786745036977,0,-0.18784966415136017,0.8461450362024694,1
772.1045386540302,0.46123822700931966,4,5.4428875643591725,8048.465689952756,30.128231759040737,0,0.5728404017181163,-0.6993202109793522,1
763.8780027243159,0.436210492792962,3,1.7454644344124446,19304.971144655192,41.442833145026974,1,-0.6854011952023267,-0.5803309128505767,1
587.1466885946438,0.21492572414830557,3,0.7314899342793525,25509.39955030748,31.2905661337656,0,2.6686886942992287,0.16990868100876333,0
605.0198699934838,0.2858312867775629,2,2.199465148223811,14890.642776994511,30.71560643389804,1,-0.3958508258506963,0.9573131382707207,1
494.93140656804445,0.023953134384185275,3,1.2234113888485374,2206.2626220593074,38.89402763360839,1,-0.019758547899690792,-0.9549542221450846,0
665.2927389381263,0.23587322577066216,2,9.56122927127078,17862.535969653534,52.251311158002174,2,0.4006873758870866,-0.0396147810793428,0
618.5117660862215,0.11672062055812044,0,3.046054544971705,20648.757939412437,38.0700111248771,2,0.7659251316071919,0.7692733036662347,0
662.943255044131,0.245680092152661,1,5.598571630531116,9489.061319529397,57.220808795613635,0,-0.5763929819354381,0.15962523787161387,0
583.2385571753581,0.6171698130227414,1,5.350867264048224,46379.6505915106,51.17850952060345,1,-1.6511774250573674,0.08833605585221549,1
703.8296374513808,0.6336404013631249,1,1.0844329445028957,24475.51418914048,20.484296806122693,0,0.8755515997634283,-0.43959762211947373,0
677.4550487692616,0.1929631153234565,1,13.189804659178048,48080.96666618072,50.75690392357155,0,-0.7636923393820862,-0.24787558991005465,0
558.4701536249823,0.5520584506665455,1,4.964395742685337,4707.996380012466,18.0,0,0.057394804891367064,0.018735963619683993,1
646.3289643590969,0.20173054725845374,0,5.09488615260214,38404.9160241115,18.0,2,-0.24969330358431624,0.35092921925582843,0
672.7747600788686,0.19856990046616174,1,1.2037760698062911,32640.231997931267,18.1916040188522,0,0.5138897028510102,0.23022676076237292,1
810.6753244969257,0.4930182510046524,0,4.465988954331875,41051.51276323628,52.97137392243423,4,-0.17678994877541626,0.231147831173103,0
657.6624677679204,0.23374282619210535,0,6.628639842429602,49896.78630575895,36.31157482468329,0,0.8566156887943809,-0.02443236874999788,0
574.7672802276504,0.1320380227071338,1,0.9727971251473088,21908.124073384544,57.19148189739304,0,-0.6146726346875755,-0.10672368359806117,1
624.6989558582214,0.4101512895111484,2,8.459344426746716,40262.51064336679,60.1578581990338,0,-0.7967959657561186,-0.09710913806919153,1
647.5021227302065,0.11574937266115015,0,4.990890595431671,41198.14433150332,53.234608401792656,1,3.2842362773574467,-0.04349624896882598,0
639.3123769090485,0.3224537256756726,2,7.639400987334355,2783.316739956251,58.23354396226563,1,-0.49348942504440346,0.300127793011834,0
502.68224855846,0.2206222328789355,3,9.187158625614899,3324.7593630870624,29.436904233958586,0,-0.6878569181537175,-0.13444600418107622,1
623.4738483828384,0.08745872480308003,0,2.536273155345558,40130.95904068905,23.83365009626332,1,-1.1703571508163375,0.734358016093164,0
594.5352884300152,0.27931422997989397,0,15.057812598174554,20108.063550324667,43.96872739386426,1,-0.37198110854914934,-0.007851508616947722,0
629.1589631014667,0.3918779176441473,2,9.983840680899085,33650.97196724284,38.885327272315116,0,-0.9892630954619278,-0.6129287893971362,1
819.6769924279151,0.22795738997598886,1,0.5218698132068822,27059.33123645991,27.68407027268411,1,-0.028105292901417764,0.25388749416264367,0
583.416751409503,0.4448655963994817,0,4.988962781693368,23598.896831876427,41.71137802799917,1,1.789672705004475,-0.8724686852088381,0
765.035280328011,0.29994389599382587,1,3.0665746071254754,29506.8060349194,35.45911313994996,2,-1.4479773968133616,-0.7281802237495285,0
742.8494515474794,0.18088680513482908,3,4.44600297030222,48705.03043157123,41.71501846680881,2,-0.5183271669518505,-0.1483790221875152,0
704.6798255180457,0.35676642105935236,1,0.16530222268375777,36989.458450779304,62.45254780684476,1,0.7887719102871482,-0.41562103354064583,1
650.2488334697031,0.26285814014166947,1,18.542538898012253,39148.878289114204,26.43369807118716,3,0.6062512041197565,-0.2460958808591729,0
702.3514736712709,0.3468117918745488,0,3.6828976572847254,3316.6266673245855,48.0473250434788,5,-0.24910010189334025,0.4806075878007636,0
614.0064177430602,0.6945887297469251,2,3.2726376413061633,9548.41185610165,24.32056086859331,1,-1.1733874704629939,0.5473292178474745,1
606.2832694870131,0.2418540299342186,1,1.4755055929007215,17229.57926473693,60.40617189314382,0,-0.6168977030933781,0.8156354853726444,0
590.1710662286511,0.07445984601098009,3,3.062549401970634,16470.38013245615,18.0,0,-0.7787808932350628,-0.5569826720831228,0
671.9121272757725,0.5702450608291749,1,1.456942535602139,4768.455101737385,30.29309343451183,0,1.4975614226713794,0.6555823677435715,0
633.2183534419289,0.34271208451436597,2,10.788770925159447,39481.414523271706,31.27173699852638,0,-2.4298583968471976,-0.16475482650292417,1
630.8331947201107,0.18704697824548264,1,2.3221873632683243,5555.374721333622,42.4331861031631,2,0.2265044329159446,-0.3586551807168552,0
763.6183050171805,0.3296402808501028,1,7.336240633208018,1875.3451506889737,25.311714038116,2,-0.36714846609986435,0.9270532086786889,0
593.6201190574033,0.15665471670071354,2,4.007711714427834,28003.194176527802,32.915918749729656,3,0.3179918338370232,0.014987428346557419,0
708.8291916258488,0.33749340023947666,3,4.614626243709825,21401.85912785749,42.05274654380148,1,0.8547181062164557,-0.3033978675170541,0
608.2457906286288,0.15684117228841327,3,1.2311384417686784,41871.525012307095,39.64859233554599,1,1.3432847176129523,0.4637203407951669,0
522.6243979389205,0.5156955579971639,2,14.931554927836345,29612.853799587923,31.162920519082867,1,-1.0627713979018394,0.3157704845071456,0
535.9239641727693,0.0917560737832586,3,20.806849488291434,45641.92960441601,46.95812610609129,1,0.8219558846647792,-0.4644927226968929,0
610.6758101880107,0.19511806366637213,0,1.7304165848002353,31119.45904189758,28.80259127071305,3,-3.296415848313797,-0.003480763871868797,0
700.3689191764352,0.30968787406462334,2,0.6195810529539307,7343.542776507247,44.771582270360646,0,0.5741586622596933,0.14619577139759676,1
701.3429115463729,0.4494473677556263,0,2.0507056420194223,24222.780219523665,59.676870775379484,1,0.4089734810424053,0.5894337340008033,0
630.7450277860718,0.04173316275325313,2,0.6411028874570345,13529.477159230404,18.0,0,0.43937125800978977,-0.02862658441817212,0
699.4737367084097,0.39439327189096446,2,13.768422701091731,33009.869917889475,46.77175257577171,2,0.372990341567491,0.014577729484243296,1
656.1010488060605,0.4493103526193654,0,2.4250832364700434,13486.366748790479,23.01354895823326,0,1.3500977885361296,-0.4488525425271217,1
629.0807744609559,0.16884002936322673,1,2.999948396280567,48611.15916487465,48.41280089046493,1,-0.34357668372328765,-0.678739663564552,0
718.3785013177901,0.2967990443740159,0,0.4332097154819386,20867.636606589436,41.183517277542954,0,0.5353024891941427,0.02878396614423817,0
745.0315120287851,0.5814190661230366,3,7.3987731836951385,22199.477269011895,58.3633619623774,2,-0.09450370395854267,0.48630746002649294,1
731.2821914078963,0.44581022197713627,1,3.7520417355460407,4753.465933884709,51.037335714367515,0,0.06339765023032749,-0.9866016444074883,0
625.4501631209085,0.05575059628577157,3,2.1651914763627413,15840.27377132818,22.43240190014236,2,0.3111757246558393,0.03144767298398854,0
695.4166102286515,0.23190268182696128,5,5.703566595911134,49333.126192758966,23.005661065805562,0,0.3773461629984712,-0.699293395788311,0
479.6603462774847,0.12891126058115118,1,3.2150911028115092,36900.93572431008,38.20869051384869,0,0.22704249844462307,-0.6089149347687501,1
665.6053538186585,0.16994567634860466,0,6.684339326996196,31902.74020008979,40.996015170707196,0,0.2538787342916735,-0.29825529940886697,0
678.8801892588205,0.07079317967322704,0,1.24008703528004,15792.978546879143,41.07957280027348,2,-1.0305158757263073,0.19232588316135657,0
662.1580159164633,0.1868205070680836,0,12.440612794125572,11978.317613074603,33.980940328255144,2,1.0377510762122162,0.6003559951799544,0
632.218181603595,0.558760120019676,1,30.0,31464.73564236166,37.83559579601273,0,0.44375078038066623,0.3901972324832874,1
754.3818549001808,0.49150008527855327,1,1.0565628567498249,2020.047183137278,29.58979935711752,0,-1.201929603476453,0.8407066293106322,0
642.5409839407188,0.17201013804032642,1,9.108602513121793,4253.118033825316,40.81016836822984,4,-0.45986849544662844,0.3395254561064238,0
638.8369651611089,0.3946891346891192,0,12.916742212650545,32177.16732147269,33.37184686005366,0,1.4872064917885017,-0.39523240620316136,0
630.7250602787352,0.39238350269847244,2,12.100279093333706,22000.02044543455,47.65628752922672,3,-0.9379825023894801,0.38363783860360834,0
732.7284303453656,0.29304224420516495,2,3.148794969537919,17870.79008150153,34.667018935129065,0,0.48520626162355157,0.4169822176151692,1
626.603230096826,0.24453725420325995,0,2.933336501225063,11699.928878587423,41.34323574996437,1,-0.555398053719474,0.15878045213918934,0
583.2520505610745,0.10817030606625228,3,2.2917597447535427,18016.816606937773,51.23691445171316,1,-1.0467772517800298,0.286308794071114,0
641.2993166714465,0.4778418916919572,1,5.812257329511519,36867.18252506484,51.29457673147825,0,-0.5228705849975647,0.6977202381255316,0
786.6171006300332,0.203731373849498,2,4.124244061379099,14129.473774228883,27.42124713910031,0,-0.16893942323605346,-0.8363573509146907,0
625.9451108104383,0.20432506418466828,1,2.793652321694067,48361.33827406006,40.19018473286447,1,0.9809471916138839,-0.484532514731965,0
699.2617307388283,0.5837335146390075,0,0.8411962843793295,37349.67727687186,42.38435580610864,2,1.2070396266283023,-0.6954326364524284,0
627.7511408947223,0.06376396117666112,2,7.254432248149106,36776.04570992684,63.2780552448105,2,0.9037273328328079,-0.07585267442041355,0
627.8602548234742,0.35474698503370805,1,8.14887833639088,31708.980217832308,66.7607840305476,1,-1.5579756329407057,0.02861318307219629,1
605.1326892984563,0.22778924002933648,2,20.118301475989856,35179.68772798834,52.89495931298808,0,-1.1867225328121698,-0.343211944326532,1
552.6956752523664,0.13356213579785006,0,5.798964630154445,42802.57939619294,54.31781608334831,1,0.20066595813527072,0.4952151874952486,0
641.2174697271907,0.3684181521536564,3,4.215628814203202,36515.337578148814,52.59443263233528,0,0.1695923820256107,0.11173199938050948,1
707.476460205638,0.3527714314944317,1,0.28866406286090396,17974.246640537305,46.20410431434583,0,0.0792881748736697,0.7657449341411338,0
776.095437085493,0.44059061619297385,2,1.7337199900476343,17183.719641730546,18.0,0,0.03583400439188008,-0.5214912587523297,0
685.3495597002844,0.3025802286737448,2,1.5088112618561023,21122.10290929888,38.89471406011321,1,2.283516556063394,0.5128664572096042,0
584.6511137350319,0.4087227695490984,3,7.718893468173215,18217.572095299525,45.97902498109953,1,-1.9991558967793293,-0.7478635682042369,1
709.6403679928292,0.11401180931339608,4,5.253648503848149,16228.13842647515,45.04434564421441,1,1.9908020529230575,0.6106061336077748,0
686.3223339086707,0.19358121235509498,2,0.29621658944305523,4935.710305907838,29.735966019333844,0,0.690974269618846,-0.04502350265988464,0
761.8690552751846,0.26334124073145904,2,0.32055903897673665,9613.38358607702,19.743276733806287,1,0.17579026564171896,-0.22979714153486874,1
817.1688364797535,0.1766352495158207,0,7.301698204081838,49071.872919284884,58.99950131970178,0,0.5006249164818823,0.1955525707747945,0
747.1686204171222,0.04965430434356286,2,0.44292236412502123,28561.35715459964,48.86828858781104,2,1.8021633169218574,0.9517904970474556,0
618.5793440991034,0.08087160614879582,1,7.146835424711431,29272.23515423512,37.18052450250625,0,-0.29880814638500175,0.1294670039742749,0
637.2616365039597,0.5351188788518504,0,9.065946620295305,13675.818890953802,48.682001345706645,3,0.14415968188159822,-0.48928587754921526,1
742.6352423525307,0.1688803933490082,1,0.6394511892761957,36053.17119647299,33.673389879189685,0,0.6428321851986925,0.06031942755653996,0
609.3845491250739,0.6251063682620366,4,0.27398744590628776,45457.23230003351,47.77367497653111,0,-0.5500251359620355,-0.7569575460466846,1
638.7613228452526,0.15046141927744222,5,6.506967047428795,45182.825648256076,55.096343047632175,1,0.16855248736791176,0.7505266820369778,0
700.7472192580219,0.5385715653999755,3,1.8839470136309773,31181.942525592196,21.150992228245137,1,-1.1813163586146256,-0.6552359014392692,1
735.6484843670222,0.38746015293229696,1,2.2517729850617956,36382.73379429155,20.557233150886972,2,0.4151091048048627,0.5331795770237202,0
667.8328615377512,0.06861782235582628,1,1.7462696346919433,32299.671945516628,47.07722738531692,0,-0.8285589481583888,0.9513178843767562,0
418.598414240069,0.0477471260567795,4,2.873074012328107,5381.905296222207,18.0,0,0.07672340762164281,-0.7189393838592226,0
677.1492771744953,0.38366819628935483,4,7.582859432902915,11129.023044514724,33.356852860728964,0,0.8318170900161289,0.7504167351227611,1
625.0360643734313,0.1185824681861829,4,4.445058878984694,1459.0539888902283,54.110332496371164,0,1.8174467667001968,-0.007775034392678348,0
571.9263202297436,0.18774180430999568,1,2.290917432540665,13947.158284986006,27.019367333650024,0,0.23764833761442414,0.8372115709323205,0
651.9304132896682,0.19983677070079092,0,10.205870818326307,28917.508087787282,53.195194048993265,1,-0.5106323093741073,-0.43529755024192673,0
739.6371319887239,0.2869291005093206,3,0.042426130600242175,13415.949051190319,54.58111354317927,2,-1.4951328181235497,-0.0009157065633644823,1
559.6098216484938,0.19566824058207208,2,2.5509434880339588,12589.995998534701,22.765353930125432,1,0.10035471160133534,0.5498069681636202,1
777.1938393117823,0.2762606762841223,1,2.8657962339983096,3619.043097928556,48.51683419505433,1,0.15850379356091843,-0.611453469780135,0
728.2984080578003,0.1278120960757547,2,7.630898695981889,20094.579664601737,51.40756142306366,0,-1.7237374678558086,-0.3601813878203344,0
724.7330900093087,0.14072471037946868,0,8.229174010922847,28264.811854414886,45.14909756388474,1,-0.4019884620722542,0.34312155174564296,0
584.8233124631752,0.6489371181122772,1,1.9178375246264732,42803.97551693458,36.70202589845651,1,0.39689802489842235,0.0776530961711821,1
629.9006042257184,0.4966536459019028,4,4.99539130051276,26004.720866049796,49.001912820668835,1,0.0659998784452765,0.5686147669581221,1
619.3732102647298,0.5192491361638868,1,1.0185291286140994,25363.905459464473,31.92648188268295,0,0.35212447295671917,0.8443437526473438,1
650.0272766346945,0.21004545268548852,2,1.110115062263598,10772.171230995304,47.544993935804065,1,-0.020420244753637188,-0.5070325380932004,0
645.0236159472078,0.21382307393316566,3,1.265683878234637,24660.670174391915,30.271459313754477,2,-1.7109565814725545,-0.35880538457440125,0
624.6120895344778,0.21553086076497643,1,12.942901171757985,1447.1483374410343,18.691960062255294,0,-0.183539750846191,-0.7838403141544013,0
635.7658123102966,0.019373288009905256,3,14.91927322777701,35372.383503080484,53.37739923561656,2,-0.1991994444889861,-0.42130512127670405,0
633.0703746431058,0.17352196969786474,3,2.0999655526652155,22187.531548736362,46.131434461500426,1,-1.1975402437818619,-0.8140987055755622,0
671.3987090446853,0.27862063938854514,1,2.2411118204363314,48578.86775875914,35.151005230847005,1,1.1245501643139908,-0.9377176310065378,0
517.8546371683921,0.34416713947998756,0,0.5835490601225611,37020.30368165944,43.28833288040189,0,-0.026249492969782504,-0.2894356041911925,0
688.9262679061993,0.21141691992752118,2,1.1358318011578645,23871.06640501302,18.0,5,0.049537391364848804,-0.34050802241825173,0
785.7817358706357,0.29840042623257845,2,3.7554127295154007,43322.57047641411,31.0634993477075,0,-0.5255871455620205,-0.857978447373891,1
735.8000677827002,0.2547071743901057,1,0.23154285229471286,9602.483126944868,34.17330133970544,0,1.3848176606315672,-0.8856147642339067,0
574.3282218834141,0.10503108643206886,0,0.10823934364129968,22607.692070591238,36.0356471267964,0,0.4322530990314889,-0.11235418841356837,0
733.5686418968287,0.4714667395257636,4,8.11251894257025,12333.442358064069,23.823146026027263,1,1.1269141653279713,-0.8935516854428791,0
833.1702282079234,0.3347394416874367,2,5.373287884921545,8348.27127537773,54.979227194990116,1,0.6870718649192985,0.3837944164191156,0
630.595499239819,0.368902793861711,2,0.5212442713299669,38969.02918482365,42.85304464513068,1,1.5884279002340789,0.6532904779136883,1
707.6825537034317,0.30647201959397224,1,0.31121458897856136,22540.600182971746,42.33314238684695,2,-0.009722123802409296,-0.17377603823855825,0
833.9504319983674,0.12086889683067781,2,6.257958027595261,18250.739800640808,63.46164498731815,0,0.010662448897415385,0.11590642838415532,0
732.4236502074954,0.25530747919547375,0,6.481012377803104,45260.46525367768,55.00597861668388,0,-0.614716253221356,0.9697354613445546,0
774.0576480961996,0.16920824228146755,3,5.811159627134478,37454.408246764906,37.779844115214146,1,1.0592639789374827,-0.45839195252821696,0
562.3819555593013,0.4394773321645343,1,2.0245177492749185,44648.230330099585,63.067613713226635,0,-0.08126770365226954,0.8022048647778945,1
668.8496686374052,0.16145939004665322,0,7.7229952062232385,15196.410070182706,18.0,1,0.41929527625122825,0.012863768619490124,0
681.3575282110761,0.09436178675361384,3,3.580806023151254,19007.73535625686,27.674330874554816,0,1.0783604348282683,-0.7791303107358625,0
695.1429703434322,0.09853995565812294,1,12.993761125442404,4092.569960433249,38.90394011794427,1,0.07786791589799548,-0.008771528986381671,0
713.1606037124608,0.4635429401353478,1,0.2796834480712119,26615.743211113928,41.94111746550137,0,1.2322745003554554,-0.607517402636734,0
662.4940045807998,0.11568367969992477,0,2.6304148130408094,7721.433532923558,39.827132655296445,0,-0.632606704470325,-0.07461221183881928,0
545.0084691191345,0.3440418589059414,0,6.285418854053583,10143.389152452564,40.48267040240542,1,2.105749326523592,0.33152309346962805,0
735.3017931701803,0.18578516333463985,1,8.020581761701322,49388.20928387645,29.612662371290664,0,-1.0256039027662676,-0.011968331050425274,0
680.3088262921156,0.40673178534625964,1,0.7713700457886242,28988.55147860584,61.02440259158479,1,-0.029605032661001368,-0.8595400233281316,1
555.7106696320112,0.16942174074796137,1,1.6969717582577895,28509.88206637454,32.720679342621224,0,-0.6895131244238913,-0.5424982048103657,0
710.7196656661997,0.23221746180728892,1,2.1905198883104675,26259.019173375407,50.473123233914414,1,1.295799825352121,0.053223226601927465,0
694.2384009972486,0.3441333337342881,1,4.632984176200093,4599.436691738876,29.845563618833587,1,0.020378219162501116,0.6264805511155875,0
692.9627638139724,0.2972470291561517,1,0.7548636005974917,20351.206862607378,41.830579877140046,1,0.4007790939142558,-0.2655475874493598,0
627.0531833444352,0.5775088312453376,1,3.3608708583363116,16978.63876725407,63.20916552447924,0,-0.23467863561244753,-0.23396931615773497,0
780.7524515935921,0.2093657708680316,0,0.41670667395338984,32852.92752852525,33.49561203751629,2,0.1629975017693374,0.7522374701790207,0
695.6981304806844,0.11571114666256374,3,3.677019074003323,13111.851015165505,38.43011957275542,1,0.8605439839722414,-0.6264912662966617,0
586.8036751886248,0.34003830575828503,1,7.530029228130887,47475.3909721113,40.910677974900686,0,-0.395247989230914,0.4726072470458669,1
526.5793647649857,0.08428850275310927,2,13.744748633473218,43363.139935802006,32.99564894379553,2,0.7718067515102435,-0.5125432666171696,1
588.6134253767107,0.6113226720495339,3,11.903199626987295,25804.40403261133,40.735074524268335,0,-0.8985130981309714,0.8373203333930781,1
460.43013653582284,0.6478113937371991,2,0.48566253621598365,8089.972318205866,38.026047085468946,0,-0.3582896033458409,0.6889305299114765,1
629.1552124762301,0.39538269538659515,1,0.24645119571906604,10867.871690462121,52.58194237942274,0,0.5734585337235324,0.9369388014492388,1
660.3165640473596,0.28016545364302403,5,4.310522150914246,20292.68615049403,46.211948447730244,1,0.7495165956130753,-0.7947244861202956,1
553.3866852222139,0.41949321953598234,1,0.8066432889818919,6576.767067264556,31.488923824953158,1,-0.8029175798405186,0.6027267466365918,1
606.3645127331624,0.30848851547540157,3,4.8744739767563905,42389.037420166016,42.859671079756474,0,0.41132492374819757,-0.9403438750357904,1
774.262612011581,0.1055544909929497,3,13.683029789504497,6369.147331530874,35.64794973395874,1,-0.40910642235470135,-0.9555225276849302,0
658.5833068527729,0.0236091252839346,1,2.1188662972777053,12910.027272078776,56.131591989689404,0,0.10299518940180984,0.2220399425113635,0
772.8274835227838,0.23842263889739249,1,2.2577672889984237,24059.29509472372,45.82010104485458,1,0.5004636387475369,-0.3284631354834615,0
635.2038866351171,0.17654778938007032,2,14.557647711899776,49842.135207452666,40.454065791716104,0,0.8854369265229964,-0.8014653502264037,0
635.8573829338804,0.09294240097994146,1,3.4207159289682023,20661.669967107955,39.52414143614978,0,0.5761545425599364,0.2954317363316057,0
474.0596763737824,0.1420425992750313,0,3.5711435489153898,34715.41416789249,58.55793508978408,2,-1.9517027401428024,0.5944466829830766,0
708.3430997762291,0.4493477039188947,0,10.224537198816709,20522.193480109603,18.0,4,-0.5488373186555054,-0.46110828799930026,0
738.0446592038953,0.21173149603003993,0,3.912398334853682,46241.21168072737,23.17410980451637,1,-0.9336345970494888,0.49078489065589115,0
622.6105564917416,0.3046653508131085,2,0.4309525107241536,35514.910271431625,48.88006600663307,0,-1.409450285327698,-0.4789145274224511,0
625.1756619735941,0.42132890479088814,2,3.596964187285681,44420.39029146977,41.21335303816713,0,0.4924440079178468,0.7935679527946089,1
715.0429102395168,0.2340892674718181,1,1.4321676057580104,31563.927922358947,39.21490363511109,2,-0.7524093281664944,-0.16998133227903045,0
591.0962328083699,0.22338338975737684,1,26.335583504356723,4483.369986740878,52.82451469684675,0,0.2294181965693601,-0.0851024361634658,0
587.414054479354,0.3740741392383481,1,2.174385766401596,18963.180052387073,53.920885020351534,0,1.5235148155974272,-0.1602539213861287,0
675.3678532930595,0.2365884662247615,2,16.143728385578928,14444.93478947831,41.75302632036285,0,1.5716721590893874,-0.411002426851506,1
601.4998921612147,0.5089554930217012,3,0.9903149526584267,19743.796639027165,44.041405857004136,0,-0.5365746533131499,-0.2739590706627215,1
698.8846307263718,0.09527400734512265,2,4.709012927672514,21484.345388966438,39.26556481184019,0,0.05896242513200605,-0.7385277979918914,0
576.3752387800448,0.40399754637872154,2,0.8063810195825888,22760.71131166531,43.323889772099356,2,-0.3296834932263989,-0.42421632352689853,1
770.7607135304847,0.29689457346160353,2,1.406830674745495,42470.68195974475,19.590129975596113,2,-0.501817589423033,-0.03100601240990941,0
702.5170947404149,0.43444437188191765,0,2.22297846095092,32961.29629680154,56.67772780866241,0,-0.5427433084366217,-0.5396030497425917,0
655.2680943280118,0.39698305670386,3,1.780635360630525,39586.16033902355,23.354740823293525,2,0.36699828285020225,-0.1265607163512239,1
580.1095493963239,0.35832105271847403,0,19.21547690124028,27584.06837796808,40.551946834872396,2,-0.8583361104154793,-0.6337264474139683,0
565.3796880102011,0.32632356070259394,3,1.2124700001944058,45676.21283354221,60.70542117102281,2,-0.7112211478137963,-0.9822539875678684,1
578.2210375453936,0.36720094197822134,0,0.4756998552448457,48875.42772839858,18.0,2,1.1001392431372017,0.14857180922189195,0
535.423736069042,0.31802510520477373,1,4.506186753089598,32253.80814956355,35.87861508118736,2,-1.0655470079115215,-0.7810527350775764,0
757.2344254382103,0.053358946156048824,3,16.025758480944027,12470.847317131589,38.590572908803885,0,1.1569302411707005,0.9841355443323678,0
677.3659871261417,0.2772316959803939,2,5.081422966858043,40112.68805283955,39.883708213601096,4,0.3906613675805954,0.8674940795255539,1
735.6502664346533,0.2559435371714207,0,2.2325949737560675,32680.588650168793,38.6260834432242,0,0.9842135674898407,0.21731846986324066,0
789.1252028309009,0.20275163683355116,4,25.750235404214912,4919.512188197808,47.13093300309249,1,0.005633425112584343,0.8971113334828367,1
754.5284818765465,0.6131273360229326,4,1.5124334302238878,37988.11743610808,41.240450994259255,1,-2.024527428453831,0.4222532974019997,0
685.9693433196106,0.4428566110279745,1,1.9415738899013257,22825.40939252436,40.07091172028362,1,0.04485789321702818,-0.5181828902214096,0
617.1159643334087,0.22130121490665602,1,3.4041989387952594,1282.5138037634079,56.886298336116155,0,-0.29172732721188954,-0.5391228207499128,0
709.9439644004959,0.4244375913467212,2,5.268217639090792,48093.40267319297,29.944489183022124,0,0.8758564913792313,0.6984217718237717,0
666.8910215295358,0.4296719597402225,0,1.009860999580239,49943.9000163653,26.20725283299377,0,0.17750833326947194,0.6844839058508392,0
629.147908744268,0.24490153465823114,5,1.7771264438457424,31034.387395915728,53.43921542799443,0,0.3788059257958814,-0.5474765848127938,1
608.7841303236949,0.3129120251799801,1,6.025423584149748,30850.76946339734,42.957097811643564,1,-1.9493496087534583,0.6822880136082399,0
736.3373421113787,0.5497113758423732,2,28.185893697882562,48265.68406518564,34.095786360492504,2,-1.0404158989723264,-0.6117307614339988,1
768.1970229322455,0.23246360375739147,0,5.017989356688962,47287.6458138807,45.5246527857788,2,-1.7758512543882345,0.31381120960858055,0
627.9913020967821,0.32299090663459107,0,2.929630201875029,23958.163596279242,48.60185106719712,1,1.0672240893792386,0.6184913894523094,0
615.0393829730511,0.43407032052075173,1,1.222411972442864,7870.0217669104595,36.62778533320848,1,0.807104771760747,0.8417854365490789,0
705.8535790991884,0.13236958876412305,1,10.965748220342137,13046.740164452855,44.54516819900939,2,-0.3176653633125951,-0.20646415030534992,0
599.1858881171037,0.31842893384700616,2,0.8370299467649746,46513.30729965558,57.74749021610931,1,-1.7148108767897543,0.7075023699791052,0
698.2941349565666,0.37710410727683724,1,5.983635172903919,20244.689313491304,49.705091511000745,3,-0.8874581882447059,-0.0713864952593175,0
788.9543684702189,0.7572246305794041,2,3.7645569732806425,43785.76506001271,53.98804188710339,1,0.1960582164971214,-0.5904439310544993,1
616.5732451124359,0.20308000033831017,1,7.072146351649451,41813.50815246564,42.347189589505525,1,0.6983300096256626,0.6629746653947408,0
651.9610585763519,0.3008590199175692,1,8.643526642503973,45649.32456828436,33.260962147930925,3,0.7609151833156037,0.2677106571836714,1
809.1754462012107,0.703542712359527,0,0.13970271827615527,17578.28264577205,40.723533835005476,2,-0.7111867145357226,0.04069303238292754,0
620.1465349613889,0.28121458322164034,1,0.016583697300429717,29987.434995700583,44.33583771341599,3,-2.462424890786929,0.5168435488873331,0
661.2829385238841,0.4555003608386396,1,3.0920621724035477,18037.267174804092,39.87684305664739,1,-0.4491090606131226,0.8501190578213851,1
574.6547620471995,0.25760534661656,6,1.8877941500403563,37842.36108607485,53.178252318494856,0,-0.18998307490362565,-0.24506310833270484,1
593.7732323013389,0.32926736196160294,1,2.175748256597418,21112.15128359756,39.0701790784611,0,-0.13852458289773914,-0.6387335874960909,0
539.6930422495461,0.4136308162406129,0,0.37539605568871154,29252.98461859682,44.85800449321497,3,-0.8039922249978365,0.5823912798899749,0
850.0,0.3873845937605718,4,7.011127660661627,9416.255173819032,49.60686268860398,0,-1.720554656244246,-0.9723107459549534,0
695.7401592968451,0.09582564567633892,0,6.375300162008024,47585.46238971186,44.28302199053149,1,1.649227147202941,0.39620267782588026,0
646.3299560637305,0.24867129784715458,1,5.06474215040642,10532.335370785606,44.17146627140556,1,-0.9887702806124374,0.15315350333909872,1
565.4348566821204,0.0583167608862051,1,1.0388893766828124,4403.454001906697,26.304569908386213,1,-0.9573145041439399,-0.7391653005036098,0
504.0245549425493,0.4495551984165357,1,7.615444325306665,32972.157022249696,18.019335198149495,3,-1.029952018969251,-0.5060860245806047,1
669.339063063403,0.06062197229763529,1,4.825982188482664,39793.706283814696,52.20959981071218,0,0.9996178175234758,-0.1385885765874335,0
638.3878544707939,0.17192674052572401,4,2.4576421012891485,10881.53448873978,40.45043249961582,0,0.6565487831321851,0.006389468406963417,1
690.1594131085974,0.4415836623500703,1,1.7328878253429756,37142.98136132663,39.0935468060539,1,1.072387309911935,-0.054542785214950706,1
705.3863072865577,0.45232157233104553,3,14.759367600093015,26988.52606144186,30.84671460792148,1,-0.5899457293321155,-0.5526829119943191,1
730.9820034205659,0.5441908976016047,3,1.627825837202882,23059.206074413538,34.396691909059626,1,-0.27245802205597747,0.7529024202938692,0
646.6258309826756,0.5046342246503274,1,3.7522063794605858,32179.945694394584,32.66568677215378,1,0.48641441895855675,0.5794571616489499,1
699.7608371810154,0.3426591426397086,2,4.995811476772322,3836.9706167647005,18.0,1,0.8758546355610708,-0.8261947022283134,0
617.3971097438473,0.4099328435711383,0,1.3310996281445877,48127.22672979812,29.552988161527047,1,-0.939296044820395,-0.6295540252831218,0
581.8842881108221,0.3688422478348595,1,1.4660951039427221,7517.990581216664,48.59381843987194,2,-0.38333930979843994,0.34299811928250157,0
622.9453384999832,0.17578443416771813,3,4.924640674814988,43820.02663435949,47.82444384667027,0,0.5277857930281566,-0.8507454976089472,1
711.5174192370071,0.3069208022512278,2,1.8016942027558491,31900.328204897636,45.983632230573406,3,-0.5770177285063037,0.19575034465439467,0
698.5198134823546,0.4206316737293343,3,3.488367360093061,36528.754864198454,55.81074822080279,1,0.0232336830577783,0.8419362541802389,1
648.990948613266,0.183734393918502,1,6.163791027742173,33660.98251963505,43.88516209659636,1,0.5528182453576026,-0.42483147167712443,0
675.7942178296872,0.25599335521802347,3,6.812313870309778,14200.732933254685,64.67278247265762,0,-0.6003464512840443,-0.5696814526259888,1
778.6006674008057,0.5331419634677879,2,0.5503893270013193,9844.549065540434,40.554298868127994,1,0.6229267548800209,-0.16748895057924496,0
505.80719132029435,0.358942129726813,2,0.15722003170491028,45534.79729141359,49.7223123045908,0,-2.0797128113720547,-0.8014897414895334,1
549.5945682834239,0.18904001083547095,4,1.2314592530907345,19302.572845454044,45.31794652521966,1,-0.05588532083643635,0.08603494016299429,1
648.9572992471219,0.261014589158256,0,3.021115055496914,28092.087177474885,24.8385527058804,2,0.5532069289822236,0.9171553089053639,0
706.0285869741746,0.2703023659621149,0,4.268165941499809,10160.327347588482,60.155291430202944,1,-0.6593727645520232,-0.0036385348305381093,0
632.7781412367586,0.5528479739438418,2,11.890358820251524,20212.50635435598,55.13055466877408,1,0.6690643741000342,0.6360999449950286,1
722.2470763895219,0.169780606730937,1,1.2853853553514296,37198.13346439061,28.115116872457655,0,0.4695899716032985,0.6107111822558053,0
409.40502364451527,0.08188715068178327,0,0.4730335766964005,47816.28177833673,43.08820001839049,2,0.24375633776526248,-0.562311532441635,1
463.5626193877484,0.020066176301223423,2,2.617680918384054,6295.4099937395085,29.338005687095542,3,-1.4803484343798683,-0.19864661476729095,1
604.5757369856382,0.19553532893410622,3,21.257184936093925,29492.36266967849,47.65855284010379,0,-0.8605315153071871,0.48464458367258967,0
850.0,0.6968018709210881,0,2.442360734682181,12266.63156047885,56.94845240629354,1,0.08925707477434246,0.4902733882396746,0
649.9945317942627,0.15545190848881332,1,5.948255173514986,42170.368625598654,42.19575313937891,0,-0.2336897749665102,-0.695823707087845,0
470.6840825755925,0.23214426087949339,0,7.143247710869244,12189.692842953842,50.796216034256844,1,-1.6220480781746127,-0.6962622435513597,1
621.1976213740903,0.4961167260128341,4,2.727099082438724,47726.865583592116,53.776824095939084,1,0.615925863176058,0.6266728609597088,1
699.3995105254273,0.18915421548802117,3,17.306451600052956,3228.641199147775,32.10654376552948,2,-0.5805647483209782,-0.08676928216679203,0
726.977790496938,0.21477709748081528,0,5.028743223336834,6074.664691215469,61.53770927189383,2,0.5093400853875727,0.9995849483205888,0
687.6439128955814,0.10511792936803442,2,3.656985006174449,10322.361550687221,38.64599237880682,1,-0.7943116315069959,-0.4498856994906595,0
631.135663569302,0.15036645004949792,1,0.7988647120046423,28017.796923588685,29.08640114861297,1,0.6851327747575177,0.3465980301420819,0
704.3031435369431,0.47558748467968165,0,0.37071018232242875,18028.57598068013,38.43134915988209,1,1.2211729375828695,-0.2110428266727613,0
742.2894425265993,0.18357920535146474,2,2.472529136570506,27527.242008241406,29.69475135772577,1,1.1505939879024516,-0.8249080680152339,0
605.6213755334912,0.3083524400295183,2,2.282577861895485,34773.077087994476,26.585886700271473,1,0.9179740955053592,-0.3583945517697875,1
640.1119390858438,0.1976853384252515,3,5.008944413898615,9871.494102126233,54.106547648964295,3,-1.8073355621542957,0.6272754973181454,0
639.1121835191858,0.26320218006545126,1,2.945762806317363,42226.22902257917,37.11267578398532,2,-1.5655488905403012,-0.575550340955628,1
513.5566074895518,0.28156845287203575,0,0.7166291427041683,39828.241105326546,29.861438202967346,2,-0.8432005882163057,0.5979484844702734,0
549.4322860607962,0.4653096962680976,0,4.669646610004449,28142.35193071122,37.3554867212626,1,0.8049377820903666,0.17341682496949518,0
464.5100009727166,0.16719885532569992,1,3.507555157395093,43092.0404702574,43.12549490300958,2,-0.25481601687720334,-0.5021263543558616,1
656.7470340142501,0.4492388923653364,0,2.686760966741111,32392.172254307417,43.347099836850816,1,0.0028330291503232694,-0.37712767310872564,0
626.1861398167216,0.27652259173184784,1,4.202613449261253,46898.42749394123,45.95206234925891,0,-0.4885807694137341,0.99938677632748,1
622.8773699447581,0.19472368384532715,2,0.42265377848731633,35845.295049875036,51.01827098968464,4,-0.3303022949224119,0.7626539826172039,1
647.2477000643021,0.40297832291773006,1,8.739483331184987,5523.127352470567,48.22466412813233,0,1.5422052756390567,0.5759418544473034,0
691.5415350879562,0.3380636677509832,1,2.96296251532578,27186.91281930332,46.40334161447363,1,-0.2769399708648468,-0.5944240338948024,0
596.1933521864368,0.4359413256611133,0,6.136841557564105,27994.52907122878,33.39780369203031,3,-0.6779082552037382,0.475463398823468,0
743.8888980601366,0.05428721996299604,2,12.154731661387121,12519.993809387608,38.451395977908305,0,-0.6705924711146706,0.8175897790593822,0
522.6216409877886,0.14800376967928258,2,16.391636221127058,23870.176580154155,59.30534399401723,0,0.25405802066046274,0.8762890330227089,0
648.9080639360711,0.1094400360870255,0,6.181381213588605,2990.978387859836,26.937571458822504,0,2.271598110208746,0.25532837442045775,0
642.1323607838099,0.07374665000950449,3,7.964500971229942,14984.671893923447,52.25019789898113,1,-1.3839538217272174,0.8920425563849852,0
717.9901659929251,0.40103254396719623,1,6.961443085287958,17625.78510363852,42.61982329653379,1,-0.6741832670757122,-0.5773621052785254,0
610.4011432075572,0.1657645657736166,2,5.440259037878494,29058.5355755447,35.507156833394134,1,0.517833042966985,0.3649631765017074,0
735.4984686668599,0.37252548095412447,1,0.48882139811155645,12607.3657166897,48.672756579061186,0,-1.0689600652095266,-0.8340442642398649,0
631.2906871508376,0.31051681975341117,1,0.627723812751753,48947.11411133215,37.510191760247004,0,0.684589471911618,-0.2292917182891323,1
641.8555914623805,0.3076856003986753,0,3.676889780861781,1640.9707750271166,27.646009314987232,1,0.869421955692536,-0.7606178599778806,0
638.0738269812931,0.422413057357133,4,18.94165353317353,24269.503840201574,30.860671683234898,1,-0.7022043679248858,0.11210581267150688,1
705.8476993976133,0.19976621670295772,0,2.0770508204062703,10188.83868526685,32.965969418706,2,0.8192743412491797,-0.4166668909988229,0
718.2518531561124,0.3211347365554914,2,1.442864624862861,4794.5542328353595,59.13734369331675,0,-0.48261188902638197,-0.021598792153511015,0
601.6207363085106,0.22033564022497643,2,0.12064246538849722,36997.05806070655,42.1196915537542,2,-0.4377050537444171,0.5537326048055282,1
537.2887230425251,0.322913509323842,2,0.8359287828489582,30711.632894090144,52.74370945423557,1,-0.21232126161011303,-0.30059987430285795,0
571.5118707041366,0.29162671088091874,1,2.162925984175743,12930.044222721923,37.32572236265793,1,1.7635788095839198,-0.869748533203389,0
663.2146454401576,0.02356544917631569,2,11.991484456741805,17039.05036817142,34.01328720466281,0,0.42455189408987754,0.03429247188582485,0
648.6683315589974,0.2225994085843344,1,0.33870962503336555,32208.355858071638,61.20195398688824,0,-2.6884228057278268,-0.18722229409328883,0
661.2746136571188,0.0901961607266687,1,2.2680162778624617,3507.4716929825786,37.22247024007766,1,-0.16303478580706576,-0.793630285570504,0
591.9862295953752,0.20273243780221956,1,5.393021948432236,43354.145939531845,28.352782070859256,2,0.7066511703202194,0.3517843704086159,0
713.6592652073521,0.3934869122517285,1,0.4519646491802558,35709.62165947283,28.888949718418484,1,0.9753865402102457,0.6142945751227202,0
635.8849166991224,0.47368207588045425,3,10.484523804676563,7104.137374895277,56.573117834871994,1,0.15002248313325692,-0.683956080954824,1
519.3252376157931,0.6447282606376681,4,5.312921727041684,42189.80006777601,38.59373619094324,1,0.12759564844717042,-0.4411048228580079,1
662.4279823852114,0.07810294058952677,1,4.628390974951089,21861.421574242926,26.413358873534317,1,-1.1869572352372444,-0.614695245195596,0
693.7940798662793,0.18403983275275965,1,0.8440293152979185,31024.32787393366,34.957084833457166,0,0.676565128854386,-0.9776206723290579,0
661.5008248973509,0.3675618331074044,2,4.37477690237586,42704.73776754763,32.71475093569299,0,-0.31869097829054155,0.4742893117912437,1
660.4176783372583,0.45741481087250363,1,1.4082295371932547,29694.8076724188,35.625635158150516,0,0.35092880990562,-0.4623484775454607,0
668.1737561184049,0.2545526688069804,2,0.7626555041176302,18172.27842507621,34.85188873992415,1,0.35536793528672234,-0.8927374520057791,1
565.7016697506771,0.39260362439888685,2,0.4174154817067874,8683.505134109035,36.97198899119445,0,-0.06469349935102081,-0.22586330844503122,0
772.5402419540744,0.35700026597918566,3,4.333662698459663,49078.24315058237,50.104145325636026,4,1.0273051448501958,0.7053884221187536,1
623.8805133004515,0.29927402177164014,3,4.914904647464178,39478.60739030872,25.85708623939383,0,-0.19825365413430324,0.8819417861159946,1
767.3476136380737,0.12718952580612566,3,9.736096851996084,20392.751578607826,32.277280901173896,1,-0.5169145213099191,-0.05882927117157699,1
605.6696905988023,0.36431525308470103,1,4.819151820949552,32101.605375430536,44.75823347942662,1,-0.4780392996004467,-0.9440919888644081,0
727.334029827216,0.3403686885714056,3,1.0568258102225436,10673.232344862816,62.9382838946606,0,-0.8343412651965775,0.3566871367316331,1
669.2143718981971,0.2635215910148169,5,0.6536299174634576,25750.742130833416,44.38157610087656,1,0.35897631563864574,0.7801398850288779,0
658.0251546907643,0.2161948883677158,1,1.3815076184494937,46330.2604251303,34.53811485112128,1,0.8453650034620511,0.12480848136096911,0
574.8966834492492,0.3827218999589515,1,11.188892612680617,33105.09458217224,48.170479231426825,2,1.5160842079670345,0.9596839288248455,1
746.4654845133728,0.767141884648758,2,2.168386913862092,44229.747295276364,51.770355782115736,0,1.4274842857739631,-0.1684641091461605,1
683.5177608606781,0.1806022253210845,2,5.642423355345004,44744.882688202,31.284503420585942,1,1.6475420477759768,0.08834079784111637,0
642.7799944019539,0.10414168223996786,0,1.3833870021890535,8940.53113247548,34.37130769294854,1,0.18105407363096487,-0.6589524232249884,1
746.5899989414401,0.1800650785122137,2,9.603753272914105,31908.787125009334,42.250183771373415,2,0.823534342478945,-0.3524323333497157,0
657.0864157914814,0.4419361212300621,2,7.574814296142366,8258.900071543,45.44358916488912,3,-0.39547254670673276,-0.7222295614803098,1
826.7844471432498,0.4777824049521845,3,4.143455649961563,35169.635259042,52.197735957699194,0,0.0024343054728083705,0.9218104588803144,1
731.3341695961108,0.20753505031056604,1,6.465584939968201,19447.812259245784,19.872420422109673,6,0.24118649995095914,0.5576147750462122,0
623.5432739354345,0.21655697173640845,2,2.9756443015461875,41010.21068280692,44.34382986110468,1,-0.8590841032543755,-0.3807923073758206,0
758.6705510296804,0.20116226557411282,0,5.209344293960482,4051.528908004104,41.53314534631756,0,0.26103503033376463,0.9702584542284993,0
654.8685107622287,0.2624915519478672,2,0.6078209673203495,42475.24634966001,52.199810290245665,0,1.3300826119638127,-0.5431844738651235,1
810.4713152300139,0.520933128803201,1,2.951050003145764,3836.607815022438,48.38786121028979,0,-0.061843890637726516,0.07661827855111092,0
656.5326690541704,0.6051716392508886,2,9.074871210862796,26175.07152327715,45.9491570041486,1,-1.456768669874129,0.4443598586837283,1
643.663250746258,0.10838857492681937,0,0.8719667756236525,39239.56463395574,35.57809395514857,1,-1.0138915022894088,-0.8567857321779584,0
657.5174639804342,0.3526570311740623,1,4.818317387473255,22363.728303348613,34.80993177141171,0,2.000781719020424,-0.4226197819205926,0
681.9605346462365,0.5219148200954714,1,4.405616514092163,6422.5998988705505,49.18432347437887,0,0.5636941301455037,0.7738634025579105,1
773.9449008374281,0.21681157289627476,0,21.8029293796114,6732.178399439305,37.81661588493802,1,-0.926937409163142,0.8269424527826497,0
673.4285536513978,0.2425873142985755,1,4.981316218157872,30533.338795236214,24.276627305253296,0,0.5587338651767763,0.2668956737275008,0
641.4628059996016,0.34469719862409337,0,9.319643773495587,20920.686867522913,28.04099585342462,2,-0.6784609622190193,0.3447409649239108,0
610.5231983145043,0.05942321762556657,0,5.209065613010146,37280.771781424955,48.85171117790938,0,-0.3259606955963411,0.5757080560111312,0
712.8545036614856,0.43290485980632054,2,0.03990090706590563,36157.78710746904,33.886847689594106,0,1.7804768751171156,0.8295842607898494,1
605.6523895509174,0.2065079761182861,1,7.997040969711524,3662.8447294514817,42.53222858425978,4,0.22778545030893305,-0.704422456108462,0
556.4935742426142,0.20543688145722086,1,5.8359084177421074,9435.237322859864,45.17772119139174,0,-0.3749826780550267,-0.6622776393900214,1
574.6202847754992,0.12735765534737256,0,0.9670167652772517,29616.92344532052,49.46878355221432,1,-1.1440806799709562,-0.6293639491299301,1
612.8057916492504,0.09973830008343361,2,2.4167321211386117,24258.74401196598,35.52807597089887,2,0.8608620312131413,-0.0802246161432878,0
640.0452502872931,0.39406759840054023,1,0.1164948238368873,29033.253427049014,37.82741638094099,1,-0.7728385555031438,0.7440938294518764,0
734.2537655885029,0.3617491542113082,1,16.390554876193303,18495.41671921251,40.43434629503877,2,-0.3827330635143452,-0.43373171359398954,0
603.8205158605635,0.44355676748243256,6,2.785241200714073,8411.82386951344,45.962819974752364,2,-0.14283494945576405,0.8204967318967054,1
745.7702761974208,0.23801330393099937,3,0.533351487596377,1154.9079150028724,30.43660794404429,0,-0.5359679540143517,0.4938735843616533,0
518.9834970282479,0.24978513407058817,2,6.940907242620876,18525.17736444514,34.37963067052282,0,-0.3630417132122244,0.21682606147510564,1
850.0,0.24189833210344774,3,6.154223576630131,9649.648636920012,39.11836450102426,1,0.6514874008663709,0.8814404203014663,0
523.0860859823924,0.551526255839895,1,1.1740273120934237,31657.35965107438,43.55924722281133,1,0.2885512322618561,0.7998869901842158,1
665.846963079451,0.40854175464614984,1,0.8714631638806513,31321.61437115101,34.38716614533111,2,0.13846717839573827,0.6006326129955322,0
632.5935986086791,0.11981394024763393,1,2.342398408488921,39928.035577169925,40.62415356946932,1,0.2523236470351242,-0.555788464820576,0
587.1748222525654,0.25755425645092817,2,1.0882423686137714,45901.38861097282,39.47522260126216,0,-1.2185603563695935,-0.6444736803937432,1
704.1126947635992,0.3974944973138531,1,7.5065978305490635,32172.4105845656,56.40458375625209,1,1.3976542455755518,0.6223314559902118,0
734.5771331355555,0.07390063029760427,0,2.064353233722449,31164.156518984888,18.0,0,-0.29500409914650666,-0.13884410086715882,0
636.2251111858748,0.13671387910471572,2,7.266650781552469,16764.50556790955,36.09033162946259,0,-1.0427772055193683,-0.890839275744916,1
746.7507929571109,0.3165728015306246,1,0.1949388434404441,21533.84534022575,51.10478862811996,1,0.13608865242987936,0.40995234620551857,0
655.1246153602319,0.08503327157930311,1,2.279487855156486,41424.726642957765,27.35491644471172,1,0.2607806839823708,0.4288365010464308,0
564.8976026604267,0.2334813004586089,2,2.2338400944724577,29690.704312458693,47.189588161635776,1,0.8013164974595591,0.17676314383338032,0
643.6649995355331,0.21233820214361862,1,1.6043543553568471,47128.447830317484,45.44649115952059,1,-0.31661114192814294,0.10481751393814243,0
607.8003146968985,0.27734910080086755,4,16.24642421388257,41695.29004738617,51.18594950466562,2,-1.9333244771725995,0.13694018271459885,0
686.8171817284083,0.15052400340528316,1,1.2598995778788753,13919.076945804778,34.84614693554352,1,0.4916212477506745,0.7076686635234581,0
618.066648619092,0.24936103742023533,1,2.7680008899036217,37174.02055797454,45.73522714777663,1,1.342529822907559,-0.736459291049135,1
644.0653443720535,0.16638824863110915,1,2.6775390645336734,30944.147268626435,22.3008809579373,0,0.43553713736563354,0.8353742580157582,1
563.1714046214774,0.35925582757662505,1,14.851733871488557,29811.64586715763,25.800451715605693,0,-0.7100802990763543,0.8287166954275333,1
735.5485174499781,0.08966101594645967,1,6.582906774808963,46104.345108300375,34.59562832437887,0,0.19052377101392473,0.2125786231159541,0
621.549726123116,0.16816611795078668,0,0.40526218787454915,45505.76887367577,30.05122125971057,0,-0.39017712484182926,0.754336371845048,0
564.4418311369552,0.45873149639004496,1,5.861059790950746,22445.286792365143,37.56693752651874,3,-0.11522013173832135,0.7119276367105918,0
850.0,0.5217918680864149,1,1.2291162269113218,26920.739199842435,41.454661165516704,0,0.4253917384866207,0.13424927408200116,0
536.9620500862369,0.41740172105239537,3,2.6432650726011535,43683.85317818295,35.29827532777786,0,-0.6095151731329822,-0.06955527008200635,1
690.594424464169,0.37920266050366414,2,6.650084052083444,26991.309345200567,39.189266235204336,1,-1.119152213332939,0.9598756625291709,1
476.9067551196974,0.4165369993302852,0,1.5715323315670875,32982.064264023174,51.20424197148907,3,-0.15929943023112308,0.06816004091972672,0
674.681819971266,0.6287476449352121,5,6.2722849952223285,41134.41957867248,30.6955094588536,1,1.3191781558471047,0.5226523742682783,1
665.0490816014599,0.11288613435231039,2,11.610193345124223,14705.323597177201,34.878610336810226,0,1.4998063246551494,0.10222059527999994,0
629.8097625052662,0.25806078366167295,4,2.5011855104846292,41967.84985256014,50.2177838771979,0,-0.7116054262081881,0.5274324687805718,1
540.9164791636296,0.3836149469305081,3,2.561224764852474,19827.44950044152,28.629321153015336,0,-0.4608608144121155,-0.9413962090202834,1
581.3175243877645,0.3902345452985198,0,26.976721114359613,31654.538223531308,34.602759968907904,1,0.5607824010270398,0.3889106856175959,0
585.4751380398937,0.44584523059425984,1,1.3733484981838087,3486.322462359489,29.365604743059954,2,0.15852018382808442,-0.9389371717005581,1
556.0701096647597,0.5282731030668395,3,20.599565770852557,33121.455463055885,45.679739485713476,2,0.35874552458896614,-0.8168084813662817,1
574.1563324426913,0.1508091783612591,0,2.5712563416297387,37140.19857489199,43.69544051735803,1,-0.10258384530077026,-0.8824800204754553,0
764.8100713043381,0.016981508629454658,2,1.7817685169793016,37079.108091587266,24.703304807087164,3,-0.5722803658765061,0.9116597950291885,0
681.2967209738612,0.6124939292847777,2,0.7123078012305502,24879.532851883712,18.0,4,0.4784473517076122,-0.41134334552550245,0
756.4662120271045,0.17345430941379608,1,6.81109058807677,20778.36791291196,31.468276147277813,1,-0.43147933034740393,0.140711441920381,0
570.8926317022297,0.08796716676773443,0,3.3041933580475984,2430.0055644232325,32.18055721745716,1,1.4735819356192108,-0.8433473316455242,0
615.4957409843456,0.1812664489176614,1,3.656520641642485,36626.74437158795,38.209264672787114,1,-0.159162241036641,0.45930057394061263,0
511.0360356442499,0.2154138751543087,4,0.5449218522089533,33286.68608673176,43.908881546714845,0,-0.28230015331049213,0.4192818844023487,1
554.7635414165622,0.4663631033734056,2,0.12393815055127133,36247.284692810164,34.7338030044781,1,-0.7173194199712734,0.7987477276969772,1
626.7109481843537,0.21439899371310714,2,0.46899550144791147,36005.00744495131,18.00822327993867,1,-0.2846285005746223,-0.1408633859672559,0
616.3514917701867,0.2538679674250386,1,0.9184492971168196,2729.4668455440587,27.767857151348366,1,0.3857220317189213,0.07056266997558436,0
792.1883020416811,0.3396481048419483,3,0.1864333500744913,12103.715982713598,52.336288182463804,2,1.3253314539701009,0.34122401781445943,1
658.6437258777496,0.2919813791481748,1,4.8460973446603575,42926.909644822445,25.475909871706687,1,-0.24524436086644272,-0.937849052481369,0
628.7920093006021,0.5582725554805072,2,2.4935282233551557,9456.91479654591,33.158496504170444,2,0.18569895240516637,0.25264544396719457,1
686.7570073663533,0.2062801226560918,1,18.452131175746086,45410.49479114814,22.794955020920497,0,-0.2535683592234819,-0.5014968749192816,0
652.1502842193914,0.23707677434240484,0,7.829629202618836,49473.10344851526,22.501769561350002,1,1.0004715772478079,-0.9528591962768325,1
563.1437170721721,0.056581392769458796,0,3.077579702061273,14532.811701086921,23.16465865175671,1,0.2620583404720275,-0.6247007105662534,0
599.8489804829801,0.2592208515016381,3,2.4940830792164976,1692.2956365400619,33.42409712741427,0,-1.1652018718825359,0.11060379648028484,0
761.9165506101846,0.1538515305286867,2,21.157465591283874,30456.712104881557,34.15723757579714,1,0.9872491975526384,-0.8560447009189904,0
754.3030160771506,0.09819020253263858,3,2.1233371689040266,38098.07475212494,43.79764481355794,0,-0.2992123862177833,0.854016140434227,0
670.578825466894,0.20255531643922958,0,3.250301355095204,32259.928160276682,22.417598024867466,0,-1.080434115557436,0.3425796506738381,0
731.5588185311451,0.48101555081890496,1,2.4568932351267616,21828.27688331179,25.587116664696847,1,-0.41561386968372005,-0.2203896578072604,0
781.424738751385,0.3000332667297754,0,3.99721650685961,18084.666442564056,35.655737440011,2,-3.0318532009960797,-0.7614685216914898,0
614.6619430225801,0.19675462534372815,0,1.1759198348662494,7673.30320209472,58.58226401283644,0,-0.25786296752691307,0.9421792389751429,0
664.74518718389,0.33385860481155877,2,2.1604595953923926,27010.894941912487,38.4493163353185,0,-0.15967933393358646,0.9113938057749307,1
667.6872722365273,0.09836836600384008,3,1.3339289817068922,34145.251125595605,33.86655603195907,0,-1.0126760175799276,0.27919497744509014,0
583.8549174645627,0.34925170942018446,2,2.7324417563319088,8799.591788890546,45.86708941307337,0,-1.1713225383480617,0.40469055020434075,1
685.7145302459622,0.2795564685983128,3,2.3957389034624033,28916.456617453176,45.953904948299375,2,0.9707664279653634,0.07716837000336496,1
558.505758476642,0.32972511503294283,1,1.1177366899327315,31480.651662783755,72.51724357384505,1,-0.8801437196521475,-0.5893649553728946,1
658.1807988137259,0.20014548865079135,1,9.590616114698307,44710.566502770496,36.2623010442692,3,-0.3597419520850869,-0.5663112558562935,1
628.4868886528316,0.17670399646535262,1,10.862405858726218,8845.85288272502,44.89405010950386,6,0.10751501346000845,-0.6279921878617507,0
684.3637693530181,0.1905292134459991,1,2.0804929906940424,39882.04417964405,45.693447288620774,1,-0.5528513805290919,-0.09670908650237564,1
541.6111029213578,0.14074096527198052,1,12.655796781782673,9919.323431631563,57.385081934455094,1,-0.3377358097043919,0.6566533262562788,1
608.3120419684917,0.1065428316091103,1,2.454508546142841,36173.07617256952,20.516957705979134,1,0.8176971496039882,-0.882065995537106,0
800.6531317306543,0.14280838673186372,2,4.825077446642346,10800.316058673225,60.72687949933514,3,0.9724003194772001,0.9929689519893272,0
639.2123159285067,0.17135007083767229,0,3.3812286110840457,31266.752843595434,38.52607584181637,1,-1.729727182831203,-0.5223222508871133,0
655.4515326543618,0.5628016849823725,1,10.839811516808746,6271.964499311228,37.92925519682398,4,0.14534117170953878,0.7644950763858855,0
596.4342892057499,0.6932848336019053,0,2.5642456167149112,9603.749781736642,66.36112978161479,0,-0.3458813025416186,-0.1499781904381492,0
653.6296741469397,0.13012137155575892,1,9.17908370138793,38299.95892556849,36.18673830073332,1,0.7359207584176467,-0.9064315014040969,0
680.3817109231197,0.5713038305668547,2,7.022952898583505,10756.769600036807,39.8117861548455,2,1.4214567677487557,0.0006460034792254987,0
611.9548814259982,0.22591191675647707,0,8.026156623918887,36961.245069314944,36.95907603687542,0,-0.070078858017725,0.7758906932609748,0
630.040295969666,0.22278890270464197,2,2.0158365193269416,46370.71265029034,55.126360116947666,1,-0.07399482830763736,0.06437749211655386,1
636.6832218653046,0.47154397330706915,0,0.7199757517567985,46511.37946043507,26.36953860833204,0,0.2427470358959151,-0.19214515838220825,0
673.6589951076909,0.6027077886858351,1,0.1614966920876299,15748.086088978062,43.613820645876295,1,1.567552386627301,-0.7512521284262144,1
740.4413868169396,0.2394156516286272,4,0.5173115557941723,47093.805726694285,24.65286795970768,0,-0.9653608020735985,-0.689822373519607,0
596.4539441073877,0.1603475398345058,2,2.6242364968143965,36076.24839200528,45.583764442406796,0,-1.077619738556012,-0.6585829396147489,0
714.4784528408761,0.3265856040717273,2,1.8898287332965062,27276.42556175348,29.080842481165018,3,0.8514724960777548,0.1562915707420296,0
714.3684579292378,0.4809391499773501,1,13.13326878783353,29780.43618940934,51.768622728674806,0,0.5467787087892984,0.15492799908377952,0
670.3865876274351,0.23656712476641678,1,1.1569914892025621,40336.4221097033,41.66480297234984,2,1.0626049033143423,0.29768745827577403,0
736.5321402115748,0.28774230365594855,3,6.590646722904351,47769.454484874426,38.957300218993375,1,-1.585006964003339,0.24400035485047944,0
657.9254690465601,0.31905652504354354,1,5.0612737810302235,26290.772934742785,55.71358241137907,0,-1.1541347564356053,0.5171052775184724,0
658.6253029629977,0.22256247914557,3,7.514253811563235,38450.578668292095,24.215595568566002,0,0.0643191775641272,-0.8656036103218623,0
636.1158040766476,0.33476051778382077,1,2.478109522865883,40067.355897523215,33.711612273789314,2,-0.46775618497177573,-0.2565749007667215,0
628.3708966770506,0.325125316759283,3,3.2263114884125574,46151.69777923087,23.540762496481545,1,-0.9382269713197958,-0.47332169535408286,0
633.1601480778914,0.24703318759199822,0,23.10634127552327,19530.483896078815,33.34788785415522,1,-0.21000771911137547,0.5595430896726536,0
501.13430608023145,0.374439021280811,2,7.4813703858820215,6378.257717063832,40.8035036578424,1,1.1249900569422384,0.6165701615844921,1
698.0218923829411,0.1849910902498732,1,7.253044061566135,47230.61328554865,57.469435917765374,0,0.3341602449893015,-0.6610543722709443,0
624.2194877600631,0.1579284981369475,3,1.2027979285355042,5694.491599996359,20.851964167451072,2,0.5191495841616403,0.3178896285905104,0
532.4907298650676,0.13612899258062872,0,2.115015759469687,41397.10111850149,39.28485501394731,4,-1.657313025139376,-0.6173833495614496,0
727.6257589780209,0.3091509592830254,2,0.0325629960312513,33994.293022526355,37.61627832939172,2,1.104645240680681,0.18768079330229415,0
571.9566209649797,0.3887887221968618,4,4.5663951714070965,44065.31826031219,22.80069264167355,0,0.7175067955777763,-0.045825409978911935,1
718.7593708678945,0.44893885909594555,1,3.5973008164847666,18820.854183153566,46.984668677679714,1,1.3244940570385606,-0.663232743045465,0
590.6755222090667,0.5172257350611212,0,5.217731813676379,42135.831014191106,45.626867444683846,0,-0.608124872548828,-0.33323544802035654,0
726.7110071031976,0.4084469101840341,1,0.776775739436971,45484.81901845773,37.39715637716365,0,-0.8446794380748684,0.34809625778115083,1
801.9136818301197,0.1666863330440637,1,9.032254125038538,34590.598082798126,56.33232039059999,1,0.8888636396693672,-0.21856479400642703,0
522.3949887896081,0.4172490173307076,1,12.126401238560177,4414.020743252224,25.237406919760897,2,-0.33393628344252735,0.6681642320268097,1
629.6030233263905,0.12473385283698743,1,0.8411952439367288,14343.52365465231,40.892050763315126,0,0.4572789681322012,0.9440343462636518,0
726.5446842852559,0.4644509462453489,1,0.22218778418846657,20128.025770616772,50.411694182440655,2,-1.2673414080295518,0.20713063280319677,0
672.3751255771225,0.06439458869650194,1,5.3021694813964775,18650.235087134024,45.991291327711046,3,-0.312312894068762,-0.2727442708649963,0
672.5357210658758,0.20742267834932565,2,0.8613394910382193,38642.895528524234,50.66012764382816,2,-2.1826213959000067,-0.4238063930223419,0
723.2482750589454,0.2933162509719897,2,2.606400929567144,15840.638132137783,33.56704081658803,1,0.25839880968269485,-0.19385150490678704,0
586.89117945347,0.024248922592390167,2,5.68318296727372,21813.96141040584,43.6248912823819,0,-0.08245411320883106,0.48119630989177975,0
547.3562432571844,0.37894613059212934,3,2.135564287149762,42988.208568626455,44.35456316030913,1,-0.11348667305320326,-0.7213932789400865,1
592.8952145664304,0.24835412652932842,2,3.2121413310473286,29591.22428253756,32.1725593251469,1,-0.8366539045621623,0.20603919505005353,1
756.6841729722742,0.4471130014085742,1,1.5186321661459705,40349.98912137422,54.523120642590186,1,0.4189123683889184,-0.7999520960518098,0
588.8874839488892,0.28861022558310934,2,1.5217182493158201,33044.85938459314,36.177739943580555,3,-0.2855642865318743,-0.058291441241362874,0
527.2033519702518,0.48415594683456453,2,12.30877796236854,14053.735077956862,43.49535039490671,1,1.7414689623115849,0.5675038869428213,0
742.5424801179397,0.6911576729179413,0,8.819277349654923,19802.771068631315,18.0,0,-0.3631049538441059,-0.7119089890720895,0
609.025487084448,0.36813449807587256,0,0.0334080829785117,35529.3686832796,31.827445928597513,1,2.2295017000783455,-0.8836428694173055,0
614.0792993111922,0.4125542625567202,0,1.2023099242690185,9386.569858028894,53.43477943369121,0,-0.23504603659375878,-0.4680825274320852,0
538.4902115496583,0.5982869003516829,1,3.362566607586289,35038.678392432965,25.376405469666942,2,0.09619148000466154,-0.36698981338014613,1
692.4310989044945,0.24240469739929868,1,6.185801388958273,11576.763327516615,45.64243653599625,3,0.23020205605258026,-0.926941412006441,0
695.4372818563612,0.1658166087249983,2,0.03455877082644539,20235.006154663857,43.82627460166499,0,0.17843214677495783,-0.16581922513960468,0
605.9635315315002,0.34442606645386636,2,1.5039738900609696,23428.807332857923,29.611338894759562,1,-1.0486857090203272,0.8193767408872465,1
554.5014038518186,0.10340297857468564,0,3.282443568636482,14316.522251045972,33.17438660159191,2,0.13130543835453587,-0.29025328042519827,0
498.63199856794006,0.3463476661815458,2,2.602975531384773,3179.8565996758707,41.21666547429934,1,0.9645426432252244,0.8028488421646855,1
695.4446634322803,0.4622328574113562,0,3.9177832676817967,35247.01795586896,47.30392607789568,0,-0.16965796550593745,0.660292633136369,0
850.0,0.4441164914709687,4,3.3616308144841427,1173.3327621734277,37.25403682322907,2,-0.3302223071059801,-0.7576061532456653,0
682.3458328927721,0.24658681607432392,3,0.6336173473257195,24718.323931580588,41.384887967566705,2,-0.9913371815463428,0.9370827286207144,1
698.6657546127483,0.2366376615811825,2,2.422306032236804,20706.71274918203,44.10966239368117,0,0.09368787425776608,0.3527641237819332,0
661.7248974255658,0.2745817778880032,1,1.545787794473411,9804.789637207696,41.416480299656406,0,-0.35718435556682526,-0.19604568270844558,0
677.9661283530526,0.17219086179232926,0,0.5774347315249646,28536.65874917013,52.906488419450994,1,-0.4468391873194215,-0.3450212341258023,0
631.3586834112031,0.2418121064979317,2,5.825254457362377,23359.999188933754,29.99073957280499,0,0.9320594563868818,0.6424698039633165,0
673.5350915146759,0.015290912133329972,3,1.801974030733494,4877.346016481268,40.24344658729829,1,-0.8431364369571778,0.7613918585599151,0
585.9194520337244,0.22837039518921695,1,6.301896052609106,44338.929415759,30.75341193459048,1,0.11985609185474096,0.3044722786587939,0
550.7445374138268,0.1624961516406659,0,0.5544924360824184,45881.19070879799,48.844254058442715,2,-0.49546239823635385,0.7069371215790907,1
658.8990926230057,0.13354183128171185,3,1.7225651527679813,7411.279234887579,26.274097923117814,1,0.40318085135916887,-0.19781900175216904,0
657.8529794767426,0.3318319661609776,0,4.389728130560725,27350.923818306535,31.732616487592416,2,-0.08127289384680632,-0.4522197261498595,0
556.046204620511,0.15849842666314198,1,2.824642719627755,5415.661150989089,34.93309551672366,1,-0.11291861522776195,-0.7256048030087072,1
605.8854865543208,0.4274609995477968,1,1.1198646848739726,6089.760880325842,26.05508174400304,0,-1.0601351150683527,-0.09617112404233175,0
621.9941577541676,0.03348970339190321,0,0.3596313748203738,19703.28653155673,39.921286864876016,1,0.4286841188367997,-0.12923214351539158,1
707.2626786594184,0.3903467266775881,1,6.429207301790204,15586.560837446363,34.18526676858463,2,-1.6596210119574084,-0.6420569192782795,0
662.6934039151163,0.2608178541466878,1,0.38093276837073975,47878.67804929584,40.660969373073975,1,-0.19757648442088266,-0.3559963157926844,1
636.5911936806799,0.3694761975376716,1,0.5211893295911161,38823.16410511651,35.4142752610866,0,-1.0776226308108967,-0.5361423304207618,0
522.6227292171532,0.2750019865057633,1,7.086657785897385,8150.9634734537,41.0820981307786,2,0.7717456381111342,-0.9537555739436618,0
671.632844736501,0.22459746091349697,1,3.775641065764165,8069.461186064953,44.50779420989879,0,2.7571789825530093,0.5298802810780292,1
692.3359395934035,0.30447234338045703,1,2.789786450519156,23998.43882294352,38.036928544775726,0,-1.1378302080971205,-0.2902755984271601,0
825.8489996948298,0.14332834904562447,3,8.717221008992388,12716.305757206283,40.8607817761561,4,0.8741816876517277,-0.051436460660610805,0
685.7066748783619,0.18690518268446546,2,0.6794280429268567,25765.20018864547,33.44422360188079,1,0.5490407539596701,0.9794706773630324,0
723.928855661086,0.1483128888106457,1,7.9469571481424115,6807.254538626333,48.71843884693717,1,-1.160714016552972,-0.5548901151556567,0
724.6928435177714,0.06122082385272565,3,6.942033778288662,38631.07913458158,23.150950134327267,3,-1.3334339057478728,0.9395924854570663,0
504.9838259880067,0.338359615608662,0,0.9340891221996694,35761.33529649839,43.48266709749205,1,0.6971358279131025,0.5131093132326197,1
640.0305586193423,0.11905777338327761,2,5.509597763075406,1445.7124811989404,18.554794716746475,2,1.463364669215466,-0.5863327122327511,0
636.4283726526018,0.1999631656178813,1,10.782720409614726,25530.62879898065,51.35642250253419,0,-2.7508318257390854,0.021173778849150837,0
613.2024379995975,0.22121488367406747,2,0.17196556527410115,45724.70699143716,33.706102984786654,0,-0.036706954417646306,0.2611531246979717,1
718.5227036174956,0.6199490663930498,1,9.427861455639647,13248.2900642725,34.46371834922763,1,-0.43824299806167916,0.9613844799020734,0
780.137662104227,0.296914472486345,1,6.77493201643121,7724.0179537194335,24.15995878382733,0,-2.0518783825874576,-0.030616070292454056,0
576.042430081446,0.11448853678852466,3,3.6887293923083906,38939.40476652251,45.126050706212695,2,-1.5179882295836058,-0.8462709759734646,0
637.5204643762503,0.2613578715096795,0,0.7956876088245097,28177.29210519857,54.5053898433473,1,-1.1421635439260773,0.4123372900972737,0
683.9998011016627,0.4316621781527943,0,4.642772175294699,46706.610679483754,44.10698937852333,0,-0.5933953320771055,0.6654956578840043,0
587.6358874136187,0.8081178351772756,1,5.964521561065595,4319.111251198317,37.43369098156496,2,0.9242002334727709,0.9248629277339608,1
480.677105875236,0.4120671709452529,2,10.993362364849457,47511.0240228172,29.98027945658466,1,-0.5967459516104311,-0.13706375561739192,1
632.7949579425103,0.15122172765993935,2,0.2811562801909571,6882.786597666519,50.3632560265763,3,0.48036168285910885,0.04435760567457048,1
561.6727432542265,0.30524304161666543,0,13.859093180943809,29937.48429248258,66.9305803060862,1,0.6701480654649017,0.6249030885358786,0
494.9232836353252,0.132743902619025,2,10.783113331229428,9935.887282686732,60.000593149732175,0,0.20045533902734908,-0.27955178779197176,1
722.151762469468,0.1860823438044888,0,0.7427361167299373,32299.65291437116,24.81796803360351,1,0.7232055764665496,0.24726740807272796,0
780.8385032225275,0.40434123370792635,3,11.282830192069502,40093.58394482156,37.266595068455594,1,0.5009707293462374,0.23463895723418493,1
692.3140997848565,0.2994419824066354,4,0.3956757518937013,47273.35557286875,28.44157102061782,2,-0.8737487366226449,0.7432762202796428,0
683.2771141693102,0.21726162201296592,2,6.056529585077212,25206.42275274768,48.105445914492776,0,0.32345040243963924,0.5020685842559036,0
684.726641171785,0.1681610993248275,4,1.4891812476628017,9692.093402099117,43.44239727708111,2,-0.13863906206665655,0.707928871776341,0
643.7913627853641,0.41767736101290126,2,4.0554996070085965,43454.27000314177,18.0,0,1.1308520565734042,-0.18042849785559278,0
685.9335193424263,0.26616787503229605,2,12.120968122241786,42334.10188344849,44.03634739821406,2,-1.4392986329023687,-0.04170062359600624,0
639.4958474014073,0.18163615799068855,3,8.284979773654316,3790.9118377207974,41.75668968930226,0,0.7689907193618766,0.14416791004641438,0
589.9252014358046,0.17990327079184096,3,4.347210556712353,9348.70449524028,40.82263053814375,1,0.8254733215474411,0.6011312506961577,0
752.2121428294464,0.7516903053890843,1,12.877375578211478,40056.1059792071,65.78714306418266,0,-0.8055961563580306,-0.7216291989147041,1
709.9009241896201,0.17281310426767071,1,1.9940554928470797,45560.32803564699,27.068216586671415,1,-0.4314542821659413,0.05607473231768756,0
850.0,0.17048250279441632,5,6.597845509930876,45374.8304481066,34.59644275969143,2,-0.09885884645524022,-0.8492814961053881,1
584.5114179936229,0.586906737176202,4,5.496401002619912,9661.098842387677,25.96763469573947,0,1.269646482091771,0.512480986847307,1
534.3879071037741,0.5255249723272961,5,0.21997590408723997,46627.791770685275,28.743527850841737,1,-2.7658986237106267,-0.5687301001718128,1
757.3410553018558,0.3626222916226783,1,14.581324114994011,13553.703124136267,58.77920228043235,0,0.7131554386899568,-0.11893765928064592,0
641.5848355580869,0.3150419590731001,1,1.2566356609654465,48183.55240350921,54.29175168688461,2,1.5076516972512268,0.5995356617023531,0
758.5429796042775,0.6706059159562684,0,3.656563930698743,23466.578534393808,42.705771447272085,4,-0.2988792614583327,-0.8930334027103632,0
811.1211274025713,0.26411610269959945,3,0.3258616280127836,30249.61948686523,29.841082611011803,2,-2.029904447643875,-0.1924050509456101,0
540.1896281289812,0.31929373587260745,2,5.961624576083608,42758.619597958095,44.732389237047464,3,0.7269279687762163,0.45703103110456933,1
581.4057279250436,0.4472343158583646,2,0.45765414864905585,8555.324456016995,46.79064194407603,3,-1.196682206617923,0.055200708181350366,1
515.4969239741337,0.3877655748727815,2,2.7340171140007676,3043.1530310553458,38.44954628547069,1,0.40346370361837086,-0.059198107563787516,1
637.9521076648039,0.553166098343056,2,1.1542653895222537,14974.333200713712,18.974252633747668,0,2.0138872314208363,0.8577661845440088,0
592.3148802575355,0.16383486958969531,3,1.0963206922132231,32927.30012151699,30.728237598929397,1,0.2421762360175709,-0.7551611795925082,1
494.729405744755,0.173749196455647,0,4.536312855838564,4541.589611751282,64.69734643920197,2,0.23774200278248808,-0.45103649659141576,0
657.9924047670681,0.15051784751460298,1,5.30937072801454,48849.242632368376,31.534540762883395,0,0.7185979038243877,-0.35866629827258234,0
752.5469155942168,0.36656814627009005,1,5.1357262207717715,9366.338643923646,37.358632060016944,4,-1.6961562337858611,-0.4656627928522261,0
572.3936478875729,0.1521988722429488,1,2.8692774586649956,10349.696261923516,39.21836571882795,2,2.0845623222430887,0.4149445841067676,0
749.6301239552266,0.3697574119064433,1,3.5678034178670153,4425.036125413091,39.44036088305634,0,1.0863239557977253,-0.0815226127253803,0
705.7497099280317,0.09222145838338884,1,1.2616513264431464,38130.31760091198,31.03362734453261,3,0.17203429173523402,0.419376501850355,0
644.8358384833973,0.5145119865458218,6,0.7215519079656048,16711.427951812453,31.105337159122804,0,0.39029164089505186,-0.9758955890685841,1
565.3727740015917,0.1573141538477937,1,0.6247527891682918,13341.922984926878,18.0,0,0.6749842228713067,-0.522556424584331,0
612.4622178956658,0.24758574443138995,2,15.602258779020195,30180.17732105773,36.73478681470518,0,0.27145318663314183,0.3975556710784449,0
820.2716386030515,0.324120857603414,3,1.925887880003832,23811.79930742735,46.589308735312436,0,0.14378911979393508,-0.6381090277908723,0
618.8607364156612,0.247788015836376,0,4.324565669040135,1600.3282645492845,54.49231384697279,0,-0.8026874088095343,0.421263097264305,0
695.5690349835385,0.3337736865872666,1,6.21216583651811,7971.794004443262,43.23310985251758,1,0.2778804338319057,-0.23744731256992013,1
628.0560429262696,0.26027467753179806,1,3.1118624028860102,35820.028293668416,43.98058743391584,1,-0.04348178382216383,-0.7022272490355344,0
562.1266513870776,0.14553294945781123,0,0.5938835773476269,13207.785197867523,60.37350087249952,2,0.024461659097321918,-0.7563114846281986,0
705.1776689568424,0.33467583320551036,2,6.070243053224937,44833.07318560325,30.507259168140898,1,0.5810147641647097,-0.3492037883326846,1
781.939859350212,0.3743245928275172,1,0.6459828089503311,31803.03900497465,36.59715114252298,0,0.4437006216052554,-0.608937564437416,0
735.2106112951889,0.501661019003724,1,13.21859469040332,41207.98581088875,25.64131510893722,2,1.6959003761118405,0.6865447539864604,1
778.7235980709183,0.037726048710325616,2,2.2280683960702703,1274.2331684489748,28.09471018176672,1,0.31145910552413153,0.7179848200073367,0
661.4413339435648,0.13794739393663766,1,4.441169311599863,14067.524012359296,50.17391969256752,2,-0.00584978195443121,-0.5921471297719274,0
649.7954323835999,0.2754538818222626,2,1.4568655244405555,15360.567413174167,21.863475567553746,1,1.9828521438046263,-0.598611261120739,0
692.2144381756995,0.4462727582271593,1,4.702352369811633,14799.297268836413,31.882262336231218,2,-0.5898714781076588,-0.1855088358562471,0
632.1902992728456,0.4396404247065843,1,2.3513835405441856,15449.447426691158,47.38863265770142,2,-0.25265395962940174,0.40484367130634147,1
610.6811984009347,0.3743639443847592,3,15.588770296117819,13706.223986799805,30.925763520905743,1,1.7616275347998838,-0.7631809833600061,1
522.4928393184364,0.4540249295385117,0,0.15786786753401075,19998.835604896383,46.20568938712475,0,-0.1570968714634338,0.03424838452478052,1
731.4698476839046,0.06220411717188294,0,11.401455470136243,37391.75388038636,35.912778197275685,1,1.3686833604482445,0.24336032045835987,0
653.9748172749257,0.23756814003623386,2,0.25557212520405725,40792.00599666135,34.26022670869341,0,-0.5928251930104421,-0.44174462962359073,0
521.8520997129687,0.049166012371219675,1,3.842108011079848,8029.881010102622,59.115521720926864,0,-0.48409951687505454,0.9050694900304836,0
504.527143470861,0.21032826192831708,1,1.0926881586975077,5821.24657302195,62.38141496158602,1,1.9764305432556677,0.12478628390352609,1
791.7325334233906,0.08920880694547915,0,3.7872009226239904,47037.23917360222,45.80123566318811,1,2.0173089519142526,0.7735610555115475,0
736.0482626570592,0.17463845724100988,1,9.410143678689806,20573.890517463755,62.236469891369644,0,0.16723127836582113,-0.4877063862698281,0
680.6722240597749,0.06991574661058161,0,0.9495037198078631,30271.86859376979,43.09218134423777,2,-0.6414441084077035,-0.8232682988613995,0
532.6402032037472,0.24192529351059752,1,3.5539247887415106,1466.2601455749125,53.67787799193314,1,-0.31866734416106707,0.6701869897458925,0
628.8174589775188,0.18208729450144692,2,1.2789296508463688,37999.24629831731,19.06493497779963,0,-1.259753875753569,0.4953353087553898,0
567.4336790390712,0.20629350606424382,2,1.722742118826377,34853.852966137325,51.88996317447932,1,0.7798582030661321,-0.6523904879883728,1
620.8451935567529,0.09371943209477344,3,18.63088686661865,24936.03958334818,36.2055424154836,1,1.5701496830656143,0.943187516929463,0
632.6500631255612,0.39084096212938685,1,12.43233544563309,34112.25823976505,22.282609458396696,3,-0.6697990238280506,0.5091505910975831,0
591.9774362473075,0.17659103113561403,0,0.911940657565323,28166.35896716626,51.75599118948768,1,-2.6420495035229252,-0.7979079103397253,0
538.4984439571547,0.7371326002570332,1,3.1463312631344027,23175.289394494608,29.369701014088154,0,0.5109279919914823,-0.7844507314417208,1
709.0964254235676,0.07121202426592532,1,4.253484500937421,9522.404640495692,19.48650463632972,2,0.15884068377227856,-0.4079350260471193,0
669.9477548490468,0.23322779712724567,2,0.2337039612678029,37281.118535992355,54.26090790894091,1,-1.0303979305427597,0.2654744691928894,0
693.884142272258,0.317713603128224,0,1.0671598969293836,21203.534152913006,32.58129459725373,2,0.4339216032659711,0.02588023346805257,0
740.7918559482034,0.10154784803037309,1,2.6718911296810783,13521.297927022495,29.045035580970957,0,-0.028639593793742937,-0.8540493458311984,0
738.2357922438979,0.23909895553486288,2,3.6077084032529183,28093.322666846878,62.911718762614896,1,0.933291264662195,-0.09786854357850605,0
783.0584187037983,0.47024454535398325,2,0.2920683015741599,12571.258907853045,35.00950466059532,0,0.5413594441713299,0.4704125600437419,0
724.06929568708,0.740525379365832,1,0.3636589435292088,29904.384985704415,30.123787622816245,0,0.4624934812439311,-0.8404582050647256,1
686.7292756947913,0.08630437974037215,4,1.1616543378472106,23331.767414291236,52.25053974812988,1,0.2916512829613433,-0.4766424826939879,0
617.0123641368109,0.27482569072526514,3,14.918588493164854,15960.657816770256,28.083942998395422,0,0.9854798133085434,0.4275170636566925,1
546.8214921165843,0.11360311448755633,2,0.033105033723551176,1024.7492034308511,36.74663827250014,0,0.2342138764090349,-0.8584123382213962,0
697.2207206309629,0.21642613162357632,0,4.508295833794001,15852.404449637623,21.377155046287903,1,-0.6611019742646468,0.10621991159460276,0
626.6351510361892,0.44372766455095664,0,9.090409574091233,23051.466328713905,50.03297441159814,3,-0.5808178739255667,0.7275113880642201,1
809.8101032307063,0.7200211381748205,1,13.265947861625564,34737.553612862626,33.60632637310181,1,0.24828752070761642,0.5691754138490179,0
609.6357621322563,0.2379523734349496,1,1.3555853767684751,2992.5291919110464,33.54361054979362,0,-0.23270089568581706,-0.5242456141693839,0
672.4062799829759,0.12045079703863983,1,4.605180773907051,4915.804149199672,26.449752946959272,0,0.4897751251162685,-0.3756622777291163,0
672.7731322108555,0.1955341307379564,0,14.07453447467886,10495.673850795882,39.15381349242783,1,-1.6598577106753345,-0.9377072068018573,1
532.1412895606742,0.2079035681494369,0,0.0626338331447476,35430.00267720026,59.35759329878958,1,-0.09096596710603871,-0.5698766764170637,0
588.7922265575601,0.23750263379378161,0,2.7031047768101564,22898.476295833432,33.200649677930606,1,-1.4219118422115518,-0.04554080794158666,0
491.0671780174292,0.2940195439152388,0,2.0062880822854696,32842.52392546277,47.2258912691136,1,0.6859581480272497,0.9101887561578921,1
671.9602896256323,0.2967107292299437,3,19.22732279503511,34133.07436686873,38.355927873918944,0,1.1005133241480773,-0.11174289403816928,1
664.934460837031,0.3574920182516878,2,3.390086164022446,36007.34886086075,32.786846329912336,3,-1.2377643759334072,0.2062982475521511,1
709.5010369120707,0.29475804296208696,5,0.3844146118310183,23627.4037043249,42.776660025920506,2,-0.09441819790396744,0.9557803125838067,1
591.9849038329469,0.3225756188995863,1,2.785170672165468,6022.050198661933,39.56467917722517,0,-1.4386829340700555,0.9072603459968376,1
565.237954069521,0.06747617981620464,2,5.339244077144768,12338.99701536281,32.35204346379614,1,-1.287291345592857,-0.27806677347862796,0
624.2429860093694,0.1406421476724414,2,2.9917666752107035,39493.74046182219,47.41410256466317,0,0.2891915528336613,-0.5534610331773493,0
683.0604776837998,0.28379672939996986,3,5.687626739156454,19972.02198922599,56.20559341147851,0,0.7281814327435832,-0.8975465541533203,1
563.3604696286352,0.20731126767640976,1,1.9737372588549196,12628.863829691558,19.45355851245921,1,-1.289612407777861,0.7222347274108418,0
680.5478939037356,0.24445967354976622,0,13.305018839211664,16116.169488796588,40.77134618270244,0,-1.284108831239799,0.3519489482706393,0
689.2202468507256,0.20640988775485916,2,4.341059014756128,46836.46113249339,23.77891429960758,0,-0.209098879118658,-0.9348380475838325,0
715.6253198517521,0.657051138307179,0,4.654532738227889,48823.788659852944,35.009912333841804,0,-0.40282567293031574,-0.3076849402909463,0
621.402746505144,0.20309083392803715,2,30.0,11361.807594348904,45.295968639945286,0,-1.182507118876783,0.6383182618445014,0
656.971019996266,0.14102979105625904,1,1.697605413448188,3775.907625044064,36.324370061638206,1,0.6865611700121993,0.5495949221051075,0
748.2801516899027,0.37792032646230256,3,3.222256333206272,35884.740693339736,44.44876943215405,3,0.12783008848703814,0.8183758993557286,0
594.0025183904525,0.6029360292017841,3,9.170013987529236,3728.6140094625416,46.59223398863063,0,0.12782135753037727,-0.9642114908841646,1
646.9405101754726,0.6140331867394475,1,0.39192803952468014,29004.04002835626,46.76319582061194,0,0.15840696723964046,0.9771465061391735,0
810.4821120141594,0.32780834891147564,3,1.1985670425643666,16842.164343434244,53.70306491888223,1,0.7127267899264982,-0.20940657283537667,1
674.3237333215725,0.17421207286192258,2,2.481084916066831,39316.0496875665,40.937994676113185,0,-0.8121241892581663,0.3365424638524208,0
725.4618989860209,0.300454408119752,1,2.1982171482273376,35320.684260506554,42.038647421959595,0,0.8919068214580411,0.6912015578205724,0
674.0382697540359,0.03813370049056887,2,0.06596581178511667,37226.1762257772,33.794295780302534,1,0.0653116118653133,0.06853470775033421,1
730.5547059935273,0.27406419215262967,2,14.35044895852319,30657.339034176664,52.58744669594974,4,-1.9276382577343552,-0.7662337689224248,0
688.7744230361301,0.3855744902581881,1,4.646457859270546,49329.864270064245,51.94894640857089,0,-0.22248990891732442,0.4327070918724427,0
632.4464147390271,0.6119665181483392,3,4.9227502217255115,8326.385143814423,45.992601036462595,0,-0.8482214003708967,0.47261163410080176,1
630.7772493709911,0.16889917929838189,1,4.680186458783045,48128.32567455753,31.438761309253383,2,0.7415250131210738,0.041699450028370943,1
631.7264306960697,0.12923800008021,2,1.0129714001977288,29521.281406144735,41.87801046248112,1,-1.4656005229194946,-0.7110225957936684,0
702.6230704378785,0.41367590748484245,3,3.413431548263779,34414.086429806295,43.15905639168557,1,-0.8098088213401801,0.8970371573201104,0
651.9497678084601,0.1170266389453262,1,7.042696461826948,39161.58713874487,38.63218731131258,3,0.3630999115312489,0.6405452268681588,1
648.660936932204,0.44873974115565823,3,3.05431560780657,13620.938660552989,53.307197631512814,2,-1.204343073755738,0.0286792838319323,0
656.4356140228169,0.40163986738889723,3,2.253727240496798,36053.93053252921,41.253826789144746,1,0.7200743533257998,0.8240133892897541,1
671.9599262983454,0.47140409548045786,0,0.6178387400020698,48432.944036462955,36.692511546933346,1,-0.9965435031062694,-0.7401169265533794,1
775.0598097791857,0.23921389514342797,0,1.6004228021164166,42477.332574315886,23.613221968844087,0,-0.04253552008552013,0.3706655969778092,0
575.8736241753651,0.04642011847585349,0,6.749889234152806,4740.93164526232,61.18156982764819,0,1.7873987310636883,-0.5175974531370615,1
736.2857028877879,0.1648301783315951,3,0.1083816214476789,33896.908983171474,62.247228503305095,2,1.2538534562729344,-0.02093491033750694,0
615.9023749899288,0.2805075824320632,2,1.2601388181133366,40922.89563529849,56.03869229872157,0,-1.7005730640768226,0.3202587846790932,1
623.1958534561812,0.17358087513092818,1,1.571507155407169,30936.611392917453,48.96193111152593,1,0.008232592085383033,-0.5665450936783727,1
638.1365942946757,0.4013008543065653,2,2.7462051686926725,27248.68909902223,47.92934294434967,0,-1.148648923078264,0.3135666767215144,1
541.6332305121509,0.16373538980500218,1,9.893984156254039,30154.8660670011,46.442668922889425,1,0.6909257371412443,0.2565738486396123,0
599.2124538125752,0.03885125571277191,2,22.126425643501918,10211.130566131504,38.095563851203664,0,1.182477169048815,0.11497786556514189,0
639.1302346449977,0.08562452593373818,2,2.320823304538165,13250.044386266029,34.76211049804422,0,0.2290387547180796,0.6610795965511156,0
602.2583343168415,0.12072304305334608,2,3.706810316275227,35573.96542323311,28.055801108823545,2,-0.15599906550069687,0.11590922334370934,1
753.7665295940187,0.24948443979864787,0,0.7632386691179636,14133.983342702735,33.49187336502965,2,0.5145584366502399,0.971301407960663,0
584.0682184955638,0.48079794763024325,2,15.336250156334192,21737.042390562856,27.099971133993584,4,0.27754331455711695,0.3587539531306647,1
636.6197944317415,0.5730420534132508,2,2.4534285403604477,3227.982159117563,51.70481459687456,1,0.4375738626337936,-0.36451135152647796,1
601.6773531488241,0.16406772219054294,2,9.164355713122461,36037.5215118154,41.41624137535199,1,0.5315839178361876,-0.48271714534013066,1
750.1033866240004,0.2529112248178423,2,0.7249498575575588,3526.4908613199777,40.59906581537459,0,0.8517604649353159,-0.8771250908541246,1
542.5706704672881,0.012651328677306966,0,4.1726833445650655,31231.179359414116,42.51448569630226,0,0.8803235690265021,-0.3991397324339727,0
683.2200634118373,0.17204277789203995,1,5.724532346162362,43508.95862465856,46.33813106406971,1,0.05229920255053283,0.10206422473640386,1
745.7495795090288,0.26020824418636657,1,5.554518283459079,17096.339250217883,18.0,4,0.20182523575592076,0.22716267810353385,0
762.6163063266423,0.13387834595221282,5,3.145122084888273,42229.87862693321,31.811891537259253,4,-0.26383111630858247,-0.9279076186597239,0
664.1509809166854,0.5002932448986007,2,5.820814279810294,9493.186590974286,42.93009013255738,1,-0.3795741831796776,-0.42164301255198056,0
788.2665529412524,0.338399033278009,1,2.8300234947302494,42824.876233772644,21.472423135472663,0,0.7092799109327158,0.2807794364258076,0
573.8653156874573,0.2616454609738745,1,2.242232464727311,6761.477150568935,32.09133667651263,1,1.0471240505554653,0.8102548680287169,1
605.8738649923287,0.3502401730506333,2,1.877956486350734,18089.686044555237,51.67564523570273,3,-0.4603099810883922,-0.14415643726708227,1
606.8704452111092,0.7006331809189132,1,2.1645324326079693,39767.074583693044,40.13459888508577,2,-0.7713961997035983,-0.19786297681476483,1
670.5817087599048,0.48657001568147573,1,8.276622496919131,24564.255685949465,46.27684671569654,1,-0.860072248973726,-0.8234998955602402,0
480.88544410594056,0.27891825918298346,0,0.9113170385481645,21458.73574963829,55.083569436828796,1,0.4572563051950656,0.6068611729132039,0
725.8826337745965,0.16663173058296565,1,2.6631772727336305,39068.40870327105,42.29410579161212,2,-0.03149836425077511,0.9063854932583137,0
748.5020869231463,0.2632983567557845,3,10.557512704376448,26978.963992255296,38.51508513588669,1,-0.24068064628769867,0.4609563631617142,1
626.9450774702486,0.11156578759197537,4,8.533272548123932,15410.685399616224,32.990383426772986,1,0.1528633214263597,-0.2058480678623642,0
750.6557549595184,0.04416076285713188,3,14.328230212287501,15839.106401160798,30.344004993221162,1,0.2779526081015339,-0.4880179524256161,1
695.900495870164,0.3647265020870659,2,2.7808240647563314,22825.142788519013,29.222733182872542,2,0.9307181930668486,-0.25380622206801284,0
571.8500287206336,0.24589987905765937,0,13.695251581132828,12687.868282370948,24.970084986258193,1,0.28718351520808866,0.02173790127628683,0
594.7176380861102,0.2536095186312683,1,0.991240196216589,27057.244774818028,41.47487953635619,0,1.49380285086724,-0.294536431210344,0
609.416684116049,0.03811961953867333,2,12.56649456062528,42665.0177039957,28.15400584359912,1,0.3045132623620725,-0.2173375390792338,0
676.300246091062,0.4663037716283883,0,5.47634111957143,1091.9128305288052,18.0,0,-1.4046702758376248,-0.24527287552757038,0
725.2469810658207,0.10843927608305025,2,0.17409498055913536,7213.892703935315,58.46147802819566,1,1.0271943339386682,0.6469998027393342,0
703.7605611060106,0.6881819976852743,3,1.4591480373454189,29841.95240833021,38.59104924978332,1,0.78393531947274,0.9455144842764844,1
600.3779533414115,0.04663870154541049,2,5.398642517999765,8041.407826193068,26.199332173469084,1,-1.3674071747386953,-0.29347905030668575,1
659.0279706637823,0.15063736755835216,1,0.23578051444974002,47178.18635281417,37.041057059091344,3,0.4249512824228412,-0.42621983565922017,0
600.9436949895157,0.44337423943558524,1,3.0403772456011406,25869.34109112444,37.23346462009716,0,-0.1828595935102789,0.6507316497739446,1
776.5816546812678,0.1639763169882295,0,0.3648468816661255,1328.5414177635855,48.4939027446603,2,-0.6669689189485603,0.3254388260565424,0
619.2449523252589,0.230410473028412,1,1.546698644093964,21477.24170549359,46.603291739460424,1,-0.9466320192093516,-0.358954651066699,0
644.6100001131737,0.0564973184861318,0,9.22257466583831,25610.86655973136,38.308369216870155,0,1.6296730883747876,0.13971003786127856,1
627.3271992676274,0.681384041221203,1,5.348767461642723,21316.525866160366,43.42324258542655,0,0.004988777177546703,0.4004254643163099,0
554.0385641889949,0.4701505902891444,3,23.59272996882362,36833.86083504766,39.223579056172646,1,-0.7783261602449804,0.8764048579712591,1
643.6772258071525,0.20929485588586508,2,0.1898830002858844,19485.66457137327,38.79162916686916,2,-1.6591984264213324,0.24371309548605002,0
715.7498405359464,0.6372231359290733,2,1.9859576709163678,35009.039291181085,41.092804822748604,0,0.6365701918441822,-0.6072635532069222,1
636.3399782489373,0.4018979937900546,1,3.4784227502233005,1892.7577429598473,49.41597397173693,1,3.790303346540893,-0.5703388216252183,0
517.9175418154639,0.15649451630661065,0,2.9020093852683186,20311.78955124677,27.93738655240067,0,-0.8227588540394,0.48922341759274546,0
633.3099469204503,0.23440515736193085,0,1.4846302828583278,3772.071679811144,24.777174934476704,1,1.1159795860386708,-0.48383940205173603,0
593.1242344452492,0.3767413010025674,1,1.6710204217568618,14783.603233122483,38.57053010636599,2,0.08363041376416301,0.23537527929194324,0
654.1877483055393,0.4465324023670172,2,4.0195357363898925,36310.09472777248,34.29506405753752,1,0.14921157228379073,-0.19081879422623738,0
727.2287735175298,0.3335904989309666,1,1.1149544853507054,48421.558173819234,38.754068572494326,0,-0.5424316597835366,-0.19750577517051315,0
593.983321689396,0.3896096564831467,0,2.474495609338919,11092.047692419364,29.69995593668451,0,0.9937960501161847,0.9700529832232001,1
637.5593964063751,0.31545189701940307,0,12.798184567851001,32806.661507743476,35.593231132056765,0,0.4894192445640197,0.6863807904156805,0
653.7089133349828,0.44503508446092027,2,3.2363624553821397,4537.32660698869,41.745364075960985,1,-0.40788133145407685,0.5975104030437806,1
535.7859670371599,0.5581326247180691,1,4.863949587091095,49029.3926539594,32.92361267452796,1,1.611924601710705,0.5236960273224105,1
678.2347056206106,0.07517970390856388,2,1.6636693848866624,17555.008685881552,27.913358023818276,0,-0.5148517996594763,-0.6988727370264944,0
626.4673100757016,0.17658267794229127,1,11.869921752446174,26730.94979643897,51.71976797905842,1,-0.6556723491677251,0.8272099593210049,0
573.4950402326286,0.2509811229831865,2,16.029378059787057,48735.08390895429,38.873071507636475,0,0.546021450524439,0.6989657415054782,1
542.3381386270303,0.07867587266558103,0,1.5327674710928283,18173.965206613226,41.50362987797873,0,-0.6940881073484456,0.3933613880794884,1
646.6001512165149,0.1331836681110251,0,3.5414722843438,40983.540830798636,35.94305905196871,0,-2.4552546930277934,-0.8251712339400425,1
715.6401650981168,0.4394179738205782,1,0.2329916002800892,20737.23088891631,45.311121417338825,0,0.5795997278231523,0.8846849782617352,0
689.2796138157099,0.17190220117515437,1,1.7287044915080698,46877.786150661464,42.36125433751386,0,0.1195452260729507,-0.10192140171742925,0
555.7566141426487,0.15809313810967357,0,0.9973614425735966,5164.782139069687,47.68357198364865,0,-0.5480181621415887,0.9489081846286644,0
622.7136632371192,0.16119220268611203,3,3.079485265756724,28564.322254597562,18.0,1,-0.21883390441616912,0.015529222464068404,0
686.6944100834329,0.169533016685559,0,3.4391681612105502,37517.69902317957,47.06989608924601,2,2.3016928951453863,-0.9427841208133754,0
745.4246916049657,0.32042685947904787,2,2.0773108278913948,1632.2189203384287,27.435911867338262,2,0.6335282462903408,-0.4365780505515038,0
770.6092421319495,0.20000119540311864,0,0.892260786280238,11633.299099412694,42.03372855803073,0,1.155285036963919,-0.06652368006450726,0
667.2743934220088,0.232840358841753,0,3.4745115310891816,27345.255670999486,18.0,1,-1.163959489501024,-0.11261457825468635,0
736.0960258830114,0.1458606817673316,2,0.46490254913948037,43851.618061585716,46.930425304369386,2,-1.375362388069872,-0.7735461531502805,0
538.0515223372134,0.21774223710387292,1,4.511813492691323,33954.86626179093,18.0,4,-1.0316486166085315,0.8999270058113873,0
690.6898188758281,0.38058110425141295,2,6.11944293502644,41452.95556331841,52.28941395082967,1,0.17103616252076356,-0.6862239897046236,0
777.3940565867777,0.09420073284426406,0,2.2081280261495966,28486.956290102728,38.56072289316798,1,-0.8792366993942357,-0.7964906882455423,0
646.6845854871204,0.13125042562871023,4,4.865631304165568,6931.477625696417,43.17952852409919,0,1.6327775804572051,0.6469783223465158,0
760.075326340644,0.13943515969985915,2,11.636940920231115,17221.79086893091,42.361806051571605,1,-0.5182545099397201,0.376074316834333,1
758.4483302823375,0.4249238453364319,3,10.11525271848111,42491.273437110765,40.23114542741934,2,-1.5623891391452684,-0.004798833338072184,0
700.0260142900364,0.5382318522586157,5,9.77368449539885,24616.59719179347,45.62617367275733,0,-0.06445473413044205,0.6840750762173757,1
784.0401405201546,0.43357827339831556,0,4.782367756764421,26899.230697041407,40.55089744346878,2,-0.9264346499491988,-0.011344788415389662,0
626.7843095170235,0.7058167643195598,2,3.985580956959006,36329.81933697157,18.0,1,-0.48679803151505824,0.17185220217538033,1
631.6803667928476,0.5248295843363495,2,10.369029416217291,18858.110722252673,18.0,1,-0.19554956218521635,0.11679565637730183,0
771.9717144639694,0.11115971661197535,3,0.5129701966987881,24865.79336774047,42.313718158883134,2,-0.23820411642710643,-0.39248179489823265,0
681.1355872529293,0.389751515634332,1,4.216565640661598,11336.16433893649,58.59194797615034,1,-0.04649473496861763,0.16033289203214318,0
550.5644555610895,0.35307027372356325,1,12.837915989099598,31238.04535561555,46.504929797309664,1,0.2072133831927375,-0.4852888191849394,0
652.1679181167453,0.20295671552682237,5,0.9353380562687447,3371.5625052059554,39.80950353540659,3,0.15714748472937176,0.05981166226712875,0
850.0,0.29577921995259243,3,1.2444203269452916,42756.61026059075,53.48271146192122,0,-2.129318010978197,-0.6874504280319158,0
460.4957237893475,0.30127855994247216,1,30.0,30345.77037866872,43.70786861718399,0,-2.0681629412875897,-0.12936602777244866,0
755.7755326560642,0.34571259253993897,0,0.5405411670301628,23656.593691751463,26.006267942133725,1,1.2531937159784865,-0.9586891493554823,1
609.3059798492902,0.26706224854668437,3,1.5638951703685755,24996.889048478657,35.74302286053176,1,1.0010916697996708,0.09052524207537926,1
692.2751012252895,0.04519237252729579,3,2.316467210456744,5033.390107433037,44.21504248237063,4,0.4038811154885622,-0.7874263260069179,0
716.0173377864348,0.34179074478424504,1,9.477949333066512,46214.64561795158,45.90989733538129,1,-0.5898656100973029,-0.04277765531025257,0
542.1254719157383,0.3379869508315311,0,1.4790524347463125,2736.0599495963497,26.130928853229925,0,0.24436053221813825,0.474874349016122,0
525.3500685198202,0.3054177656029049,0,1.6394206659823394,16553.87276270725,28.757919078381445,0,-1.0702458891232942,-0.10666466003501096,0
580.4107619281461,0.4774149917715281,1,2.4608923527220754,38770.88751935784,38.78020534414955,1,1.8553168151396586,0.7038767366962055,1
642.1729333682166,0.3719547841147867,1,3.023248863101448,5368.415310980608,25.11798166318933,1,-1.5376508032136056,0.613589041260364,1
515.3999081125544,0.6506078530662004,1,2.011338604696041,29438.295905937342,45.556342590940815,0,0.7754168372045718,-0.08454491248706164,1
702.500764681631,0.225575803898127,2,1.808079621837253,48545.98450041646,37.72371054291968,1,-0.8599361088719237,-0.6593211364887255,0
697.3785346903044,0.4185885205206408,3,6.851940641044978,5887.682638972842,21.67285129590709,2,-1.4084743772036592,0.38805046882230787,1
673.8668068203475,0.4039311758225421,3,9.15717846693055,37119.210002803055,32.490909099067714,0,-1.094435656163955,-0.6275635151273307,0
667.9827727736447,0.18162158218856117,0,5.83485788067311,1946.305418019723,29.71507653605422,0,-0.27515814678055067,-0.6267115556424141,0
544.4897672394875,0.5042110411610071,1,0.014560808413342303,22049.859367808993,31.942238535109976,0,-1.5923084783578096,-0.8129914488598988,0
624.7276451338682,0.24246702438639745,3,0.4550710181387688,13866.845427330476,32.7994744007437,0,0.6460184290590181,-0.8649818815682175,1
653.3342011913682,0.12453062838000614,0,10.693045982862559,45355.11200934378,36.95537364125229,0,1.068477209926342,-0.02977542231496333,0
711.8813920297122,0.13877180519034635,1,4.204216800611287,17189.060073789035,27.965093830531465,1,1.2174730053773402,-0.5318529849355698,0
660.4785364456529,0.27697411118995674,2,9.40793724508475,23652.89392360931,48.60148593987981,2,0.16381399796956925,-0.40667212100430783,1
783.3727374768283,0.46352089103618604,3,10.106666125197197,28843.890790539575,40.73864762937897,0,-0.9219886197730823,0.8216643407205386,1
699.9557855400346,0.25813539341539415,0,2.393240859782403,44880.474822543554,46.08220036673853,0,1.3234461453524975,0.45359467297305334,1
654.3649107763995,0.11808755544784846,1,5.599450105146635,14970.899137834333,40.637930019390055,1,-0.21012751908335237,0.5528068309413172,0
686.1919534482956,0.614232165947269,1,5.074607968660319,2310.7482154107756,65.0528260403735,1,1.3001581242243685,0.4674796153609537,0
779.1837103268821,0.10172382927137959,2,0.31340417425339245,49737.78082633586,37.371213750727875,1,-0.9497844123003315,-0.3616484409865197,0
559.8527315705173,0.19961222160190684,1,4.560428628858472,2354.7578680181928,30.995746800010927,1,0.8135826348217714,0.47220854990447103,1
621.1932705143221,0.5016935271299168,4,5.68123130806906,41668.17508248981,47.640047319962775,1,1.5618368272313814,0.7399591348835313,1
622.0247180444832,0.7037743736963159,2,6.542300221950194,3151.227613941285,31.314776962106063,2,-0.17169024648992556,0.9608333757426322,1
596.3393186988338,0.18952268179627754,1,2.083882293693775,9752.569307864682,56.276975481178525,0,-0.10412452172335898,-0.7425949434619277,0
573.4735992948299,0.05352913166192662,3,15.467504162048925,26257.75453404133,39.21750145943067,1,-0.7474976190855269,0.840249726543379,0
697.8351364800892,0.3607021353337804,4,4.605551852781878,3234.3127894330514,33.24437433522933,0,0.281564323770011,-0.5926716867379409,1
613.45804849497,0.3346603190106617,3,1.1439083259097043,29999.91717120341,19.63419311383697,0,-2.2095483577689423,-0.9279994502985107,1
698.8876756707931,0.46510880560747986,5,8.640256509016432,20667.794117686168,48.14519996705063,0,0.9950866368675867,0.040152508001956466,1
613.1637027153266,0.704354837931134,0,3.9743282309081795,3376.118379751409,42.793404862767055,2,0.11086487608877428,0.6599485511217482,0
549.0384631618847,0.30078410195324645,1,0.5040215913578714,15611.869440764292,40.13475931776026,0,1.0781794839912657,-0.7833955647285238,0
745.8437819710592,0.20305441922977155,1,4.552088879767492,38235.05387521914,18.0,1,0.4028379587335095,-0.9285410107677592,1
793.8729665541853,0.08659488425286672,1,12.984907028115817,26993.821957556986,32.63906594332061,0,-0.7659228816500909,-0.5952412207188427,0
667.9743084218867,0.17077989646796157,1,1.3795478012139442,20831.90689379244,42.86483114063732,0,-0.7686143819816856,0.41646744795140034,0
691.8468260509754,0.10263987860871382,4,6.723546927436818,49411.47419577751,44.531887488938956,1,1.5563496058494724,-0.21414833456578175,0
788.9413635121264,0.4950354460659657,1,2.2206463627408364,7489.791007275491,51.18675352793132,1,0.26107947769317885,-0.521535864643484,1
690.692279061032,0.36725257993751154,0,0.232730534933098,42901.21900965912,25.87367365931148,4,-0.518884518889729,-0.42853745988445957,0
743.2031077024011,0.16357157427608923,3,1.782382959733474,13682.438386836657,56.10024770810172,1,-0.9264741126302971,-0.42410232032596973,0
707.0496253226082,0.3223318777136297,1,1.2296718367570012,19703.60362063064,38.85243590250991,1,0.25938566145157066,-0.0941746233887184,0
755.5981523100648,0.08973085104102575,3,9.239593216446078,13294.741728578258,41.54492797282196,0,-2.1044152784788204,-0.30003509194367073,0
674.8887533843831,0.40728598892595874,2,0.4178393081388708,28033.45851878967,27.71366380830547,0,0.7848305520951124,0.9351566645634155,0
673.9145903633689,0.4760064446028959,4,3.2007336525864676,30493.502370405735,24.98437351055619,2,1.305826845564131,-0.598892357532546,0
698.6938159471989,0.31732592512909413,4,6.606655085403828,3194.3707422572984,61.42175479641634,0,-0.3441128202319068,-0.1270088213904088,0
542.036291529877,0.4174450062697949,2,1.2320530229752749,20108.46227443701,41.440363344159266,0,-1.0311830177369483,0.8509157361673358,1
580.1346928999509,0.3938989256140114,1,20.340894292028295,44982.49606211257,52.430533711539965,1,-1.4496316728008258,-0.7956432785696577,1
758.8833476715356,0.09650940290784273,1,7.435142990256951,7306.73528002204,39.01045873506179,2,-0.8149137104626981,0.9650335305146012,0
763.6523808717793,0.34865812667356544,2,6.955584046615831,27571.00719022026,36.726204214567886,0,0.054656495176962284,-0.7490647939241017,0
684.429933087587,0.4930253729227567,2,2.873462782924734,3547.290136849613,29.007859551717765,1,-0.018015876334217504,-0.8030691775942698,1
573.840665819742,0.061298916632971504,3,8.17566408749756,15187.169030003944,47.434020768480465,1,1.039712410931489,0.8452435395602087,0
746.2214288491418,0.4068285888807264,1,3.349552003783841,18109.56560617543,37.47509124157454,0,0.14001783869941267,-0.6168250527185828,0
656.3941012013057,0.22113880953709333,4,11.202526507118247,21876.139579830633,46.61257814413313,1,-0.846589280280036,-0.24546477116528242,1
556.3791078363163,0.39348897551037004,0,4.074544058605559,6974.493160062134,33.74017840147962,1,-0.42430931943785183,-0.648606023069825,0
699.563425940215,0.42402669016726546,1,1.5926064674804818,1055.4816444692012,49.378882705533634,1,0.7067549725048191,0.27738005959670975,0
721.3991203645337,0.29249491131810074,0,0.8015658578965833,30174.517390260437,56.06309310561291,0,-0.9960222836187456,-0.8698207340667905,0
720.0891812900173,0.3793317295550276,2,1.5086497646018704,14374.343589918708,48.742039560069344,1,-0.5574841697256833,-0.5974047195435082,0
625.2335270255636,0.19967936965080924,2,0.028627817072796345,42374.09104017034,31.434191589737292,1,0.45879038036402825,-0.08144915736171421,0
608.4316608718527,0.5404139332593992,2,0.44132100396741597,12509.194299610355,47.029000872972844,2,-0.8562766811916058,-0.38266482021887893,1
545.4502685757045,0.33408344087122704,3,1.3188309080364404,29753.086644222072,23.24967784981006,1,-0.07968362824846627,-0.20938435991177484,0
771.5679082549751,0.596486313592383,2,2.5644913101626123,36488.498699174335,39.12427667410893,1,0.19144424127456824,-0.6417067933105565,1
667.0289109725527,0.20096502532390761,1,0.7245516975390859,32145.33258581818,32.269076513150395,0,0.24055512306038304,-0.3461092610638148,0
775.3198304710884,0.5717631467947474,1,4.956828955500691,48078.10434422718,44.55489344545046,1,-0.34321941850785903,-0.6877276394038554,0
629.2875679261807,0.17850860234641527,0,12.207864732719202,43181.22142446819,18.8730761069634,1,-0.13909265205569638,-0.7407555314877323,0
786.9191190319959,0.21414019747470722,0,4.179890451530232,2396.3831175028463,30.870524525986003,1,-0.25432272408972645,-0.6804874549877797,0
504.33470406997293,0.367209920566325,1,9.855790737983286,40607.23672968568,34.922743367118684,1,2.9589716918922897,-0.579213144750029,1
663.0795613478418,0.17529859436446688,2,8.334140312101251,33409.75489961157,41.06303067491446,0,-0.31968347724768875,0.2822631585534976,1
584.9506381733471,0.3177943070063267,3,4.407877481828628,19843.27351547069,62.83363982319807,0,-0.2774519525760089,0.2942614418957692,1
601.5716336291671,0.1553457069856713,2,1.3321665546442172,7380.096722918607,50.11883398921931,1,-1.4990983136554594,-0.7231445482318208,1
543.7980956173267,0.5181507221762565,4,3.345125930347457,38671.13226430412,21.338236567994535,2,1.2628694467673662,0.7656303496499091,1
598.4662708134831,0.1384314720278579,0,4.066925395294453,43747.694432388496,45.19400734031839,2,0.15956552393529758,-0.1531020038902633,0
802.7106748164167,0.21718922665974622,1,4.836670878435883,37086.56301056359,64.05577718586082,1,-1.2333108320620458,-0.5959224998026575,0
604.9163752238721,0.22096872143271276,1,10.491123602684556,37946.664646018646,50.90997218541379,2,-1.4907739714712296,-0.8744848746063156,0
736.5978043184202,0.31682101034592347,2,12.474961650788018,41692.21111819928,39.56260199936167,2,0.3164393967818484,-0.005648890567506948,0
493.847133735969,0.3253768586667956,1,3.0570501672820245,5397.64995708991,53.398224449054055,1,-2.1116148612276575,-0.9220721912921861,1
845.2972927453222,0.29849347877982074,3,0.5566868394185996,6284.780564180151,46.26659744685918,0,-0.011822128411868521,0.6091288683715517,0
648.6171931306172,0.041726679916280346,3,0.7094070580086865,34094.30637704717,33.00673478653185,1,-1.528670183678018,-0.010304873948348447,0
722.9825622057293,0.4368519267409623,1,4.065006014554252,25315.6663985126,39.90945154624907,1,-0.7668824710504557,-0.7675379382438219,0
749.1726797897865,0.06804074766150882,2,2.6840146520494907,29837.375604303754,35.42413587938215,1,-0.24830962151850153,-0.53908063831743,0
604.1306079546246,0.44773209746106746,1,2.4376538806377224,3052.94125903076,52.746762644827555,3,-0.6002719723108701,0.03901898483844768,0
683.9911589495069,0.36515395324422995,0,1.1060819507815622,16028.197202142817,38.26719914984256,1,0.6475003104625185,0.9149334295818061,0
628.2991987814461,0.24351505995070247,1,10.321105172579045,10937.317739023789,43.036191409055824,1,0.403941084135757,0.42229982145919087,0
595.3145964086528,0.2870155743573815,3,3.1293433210495847,16657.61374963005,29.43367631147425,1,-0.15455866743255003,0.8370632262143374,0
527.0049912077181,0.38634014628478125,1,3.7130665366106417,37790.35228892559,39.05050119504629,3,1.5125668891981228,0.07571806861991592,1
641.8900457646362,0.12298181541258701,0,1.34536373275259,16532.92540948234,50.100723545799966,1,1.7949339241861362,-0.3854857215615781,0
709.7332573934414,0.23949199624188228,3,1.468718674913235,40172.209014278895,24.29225703121703,0,-1.3727436561730542,-0.038566320330002846,0
724.3345448133872,0.2749463741147189,2,14.56516040183282,41371.49857417757,25.692781451257623,1,-2.076416234368104,0.8951269919853677,0
668.3534406113828,0.09674772004900375,1,8.953689427373165,30373.893660752165,66.37673843150745,1,0.6947747866517293,0.04268484620362023,0
683.1524701373579,0.31801715813238146,5,8.671881354638492,13147.294713374962,36.30865183115937,0,1.0928294692879124,0.1429962232160018,1
